ISO-10303-21;
HEADER;
/* Generated by software containing ST-Developer
 * from STEP Tools, Inc. (www.steptools.com) 
 */
/* OPTION: using custom renumber hook */

FILE_DESCRIPTION(
/* description */ (
'CAx-IF Rec.Pracs.---Representation and Presentation of Product Manufa
cturing Information (PMI)---4.0---2014-10-13',
'CAx-IF Rec.Pracs.---3D Tessellated Geometry---0.4---2014-09-14','2;1'),

/* implementation_level */ '2;1');

FILE_NAME(
/* name */ 'Runcam_Platine',
/* time_stamp */ '2025-10-02T18:22:06+02:00',
/* author */ (''),
/* organization */ (''),
/* preprocessor_version */ 'ST-DEVELOPER v20',
/* originating_system */ 'SIEMENS PLM Software NX2406.7001',
/* authorisation */ $);

FILE_SCHEMA (('AP242_MANAGED_MODEL_BASED_3D_ENGINEERING_MIM_LF { 1 0 10303 442 3 1 4 }'));
ENDSEC;

DATA;
#10=DEFAULT_MODEL_GEOMETRIC_VIEW('Trimetric','',#60,#34,'','',#4041,*);
#11=MECHANICAL_DESIGN_AND_DRAUGHTING_RELATIONSHIP('','',#26,#27);
#12=MECHANICAL_DESIGN_AND_DRAUGHTING_RELATIONSHIP('','',#28,#27);
#13=MECHANICAL_DESIGN_AND_DRAUGHTING_RELATIONSHIP('','',#29,#27);
#14=MECHANICAL_DESIGN_AND_DRAUGHTING_RELATIONSHIP('','',#30,#27);
#15=MECHANICAL_DESIGN_AND_DRAUGHTING_RELATIONSHIP('','',#31,#27);
#16=MECHANICAL_DESIGN_AND_DRAUGHTING_RELATIONSHIP('','',#32,#27);
#17=MECHANICAL_DESIGN_AND_DRAUGHTING_RELATIONSHIP('','',#33,#27);
#18=MECHANICAL_DESIGN_AND_DRAUGHTING_RELATIONSHIP('','',#34,#27);
#19=MODEL_GEOMETRIC_VIEW('Top','',#53,#26);
#20=MODEL_GEOMETRIC_VIEW('Front','',#54,#28);
#21=MODEL_GEOMETRIC_VIEW('Right','',#55,#29);
#22=MODEL_GEOMETRIC_VIEW('Back','',#56,#30);
#23=MODEL_GEOMETRIC_VIEW('Bottom','',#57,#31);
#24=MODEL_GEOMETRIC_VIEW('Left','',#58,#32);
#25=MODEL_GEOMETRIC_VIEW('Isometric','',#59,#33);
#26=DRAUGHTING_MODEL('Top',(#53,#44),#4036);
#27=DRAUGHTING_MODEL('',(#45),#4036);
#28=DRAUGHTING_MODEL('Front',(#54,#46),#4036);
#29=DRAUGHTING_MODEL('Right',(#55,#47),#4036);
#30=DRAUGHTING_MODEL('Back',(#56,#48),#4036);
#31=DRAUGHTING_MODEL('Bottom',(#57,#49),#4036);
#32=DRAUGHTING_MODEL('Left',(#58,#50),#4036);
#33=DRAUGHTING_MODEL('Isometric',(#59,#51),#4036);
#34=DRAUGHTING_MODEL('Trimetric',(#60,#52),#4036);
#35=REPRESENTATION_MAP(#2559,#78);
#36=REPRESENTATION_MAP(#2559,#78);
#37=REPRESENTATION_MAP(#2559,#78);
#38=REPRESENTATION_MAP(#2559,#78);
#39=REPRESENTATION_MAP(#2559,#78);
#40=REPRESENTATION_MAP(#2559,#78);
#41=REPRESENTATION_MAP(#2559,#78);
#42=REPRESENTATION_MAP(#2559,#78);
#43=REPRESENTATION_MAP(#2559,#78);
#44=MAPPED_ITEM('',#35,#2559);
#45=MAPPED_ITEM('',#36,#2559);
#46=MAPPED_ITEM('',#37,#2559);
#47=MAPPED_ITEM('',#38,#2559);
#48=MAPPED_ITEM('',#39,#2559);
#49=MAPPED_ITEM('',#40,#2559);
#50=MAPPED_ITEM('',#41,#2559);
#51=MAPPED_ITEM('',#42,#2559);
#52=MAPPED_ITEM('',#43,#2559);
#53=CAMERA_MODEL_D3('Top',#2713,#61);
#54=CAMERA_MODEL_D3('Front',#2715,#62);
#55=CAMERA_MODEL_D3('Right',#2717,#63);
#56=CAMERA_MODEL_D3('Back',#2719,#64);
#57=CAMERA_MODEL_D3('Bottom',#2721,#65);
#58=CAMERA_MODEL_D3('Left',#2723,#66);
#59=CAMERA_MODEL_D3('Isometric',#2725,#67);
#60=CAMERA_MODEL_D3('Trimetric',#2727,#68);
#61=VIEW_VOLUME(.PARALLEL.,#4012,46.5871620178223,0.,.F.,0.,.F.,.F.,#69);
#62=VIEW_VOLUME(.PARALLEL.,#4015,25.3765602111816,0.,.F.,0.,.F.,.F.,#70);
#63=VIEW_VOLUME(.PARALLEL.,#4018,24.5306739807129,0.,.F.,0.,.F.,.F.,#71);
#64=VIEW_VOLUME(.PARALLEL.,#4021,25.3765602111816,0.,.F.,0.,.F.,.F.,#72);
#65=VIEW_VOLUME(.PARALLEL.,#4024,46.5871620178223,0.,.F.,0.,.F.,.F.,#73);
#66=VIEW_VOLUME(.PARALLEL.,#4027,24.5306739807129,0.,.F.,0.,.F.,.F.,#74);
#67=VIEW_VOLUME(.PARALLEL.,#4030,42.6290816634192,0.,.F.,0.,.F.,.F.,#75);
#68=VIEW_VOLUME(.CENTRAL.,#4033,1000.,0.,.F.,0.,.F.,.F.,#76);
#69=PLANAR_BOX('',23.2309680805946,23.2309680805946,#2714);
#70=PLANAR_BOX('',12.6541741271066,12.6541741271066,#2716);
#71=PLANAR_BOX('',12.2323678790179,12.2323678790179,#2718);
#72=PLANAR_BOX('',12.6541741271066,12.6541741271066,#2720);
#73=PLANAR_BOX('',23.2309680805946,23.2309680805946,#2722);
#74=PLANAR_BOX('',12.2323678790179,12.2323678790179,#2724);
#75=PLANAR_BOX('',21.2572475449159,21.2572475449159,#2726);
#76=PLANAR_BOX('',1000.,1000.,#2728);
#77=SHAPE_REPRESENTATION_RELATIONSHIP('','',#2558,#78);
#78=ADVANCED_BREP_SHAPE_REPRESENTATION('',(#2538,#2539,#2540,#2541,#2542,
#2543,#2544,#2545,#2546,#2547,#2548,#2549,#2550,#2551,#2552,#2553,#2554,
#2555,#2556),#4036);
#79=CYLINDRICAL_SURFACE('',#2574,1.);
#80=CYLINDRICAL_SURFACE('',#2575,1.);
#81=CYLINDRICAL_SURFACE('',#2576,1.);
#82=CYLINDRICAL_SURFACE('',#2577,1.);
#83=CYLINDRICAL_SURFACE('',#2604,4.5);
#84=CIRCLE('',#2561,1.);
#85=CIRCLE('',#2562,1.);
#86=CIRCLE('',#2563,1.);
#87=CIRCLE('',#2564,1.);
#88=CIRCLE('',#2570,1.);
#89=CIRCLE('',#2571,1.);
#90=CIRCLE('',#2572,1.);
#91=CIRCLE('',#2573,1.);
#92=CIRCLE('',#2601,4.5);
#93=CIRCLE('',#2603,4.5);
#94=ORIENTED_EDGE('',*,*,#698,.T.);
#95=ORIENTED_EDGE('',*,*,#699,.T.);
#96=ORIENTED_EDGE('',*,*,#700,.F.);
#97=ORIENTED_EDGE('',*,*,#701,.F.);
#98=ORIENTED_EDGE('',*,*,#702,.F.);
#99=ORIENTED_EDGE('',*,*,#703,.F.);
#100=ORIENTED_EDGE('',*,*,#704,.F.);
#101=ORIENTED_EDGE('',*,*,#705,.F.);
#102=ORIENTED_EDGE('',*,*,#706,.F.);
#103=ORIENTED_EDGE('',*,*,#707,.F.);
#104=ORIENTED_EDGE('',*,*,#708,.F.);
#105=ORIENTED_EDGE('',*,*,#709,.T.);
#106=ORIENTED_EDGE('',*,*,#710,.T.);
#107=ORIENTED_EDGE('',*,*,#711,.T.);
#108=ORIENTED_EDGE('',*,*,#712,.T.);
#109=ORIENTED_EDGE('',*,*,#713,.T.);
#110=ORIENTED_EDGE('',*,*,#714,.F.);
#111=ORIENTED_EDGE('',*,*,#715,.F.);
#112=ORIENTED_EDGE('',*,*,#716,.F.);
#113=ORIENTED_EDGE('',*,*,#717,.F.);
#114=ORIENTED_EDGE('',*,*,#718,.F.);
#115=ORIENTED_EDGE('',*,*,#719,.F.);
#116=ORIENTED_EDGE('',*,*,#720,.F.);
#117=ORIENTED_EDGE('',*,*,#721,.F.);
#118=ORIENTED_EDGE('',*,*,#722,.T.);
#119=ORIENTED_EDGE('',*,*,#723,.F.);
#120=ORIENTED_EDGE('',*,*,#724,.F.);
#121=ORIENTED_EDGE('',*,*,#704,.T.);
#122=ORIENTED_EDGE('',*,*,#725,.F.);
#123=ORIENTED_EDGE('',*,*,#726,.F.);
#124=ORIENTED_EDGE('',*,*,#727,.T.);
#125=ORIENTED_EDGE('',*,*,#700,.T.);
#126=ORIENTED_EDGE('',*,*,#728,.F.);
#127=ORIENTED_EDGE('',*,*,#729,.T.);
#128=ORIENTED_EDGE('',*,*,#730,.T.);
#129=ORIENTED_EDGE('',*,*,#708,.T.);
#130=ORIENTED_EDGE('',*,*,#731,.F.);
#131=ORIENTED_EDGE('',*,*,#732,.F.);
#132=ORIENTED_EDGE('',*,*,#733,.F.);
#133=ORIENTED_EDGE('',*,*,#734,.F.);
#134=ORIENTED_EDGE('',*,*,#735,.F.);
#135=ORIENTED_EDGE('',*,*,#736,.F.);
#136=ORIENTED_EDGE('',*,*,#706,.T.);
#137=ORIENTED_EDGE('',*,*,#737,.T.);
#138=ORIENTED_EDGE('',*,*,#738,.F.);
#139=ORIENTED_EDGE('',*,*,#737,.F.);
#140=ORIENTED_EDGE('',*,*,#705,.T.);
#141=ORIENTED_EDGE('',*,*,#724,.T.);
#142=ORIENTED_EDGE('',*,*,#739,.F.);
#143=ORIENTED_EDGE('',*,*,#722,.F.);
#144=ORIENTED_EDGE('',*,*,#707,.T.);
#145=ORIENTED_EDGE('',*,*,#736,.T.);
#146=ORIENTED_EDGE('',*,*,#723,.T.);
#147=ORIENTED_EDGE('',*,*,#739,.T.);
#148=ORIENTED_EDGE('',*,*,#735,.T.);
#149=ORIENTED_EDGE('',*,*,#738,.T.);
#150=ORIENTED_EDGE('',*,*,#740,.F.);
#151=ORIENTED_EDGE('',*,*,#741,.F.);
#152=ORIENTED_EDGE('',*,*,#742,.F.);
#153=ORIENTED_EDGE('',*,*,#743,.F.);
#154=ORIENTED_EDGE('',*,*,#743,.T.);
#155=ORIENTED_EDGE('',*,*,#713,.F.);
#156=ORIENTED_EDGE('',*,*,#742,.T.);
#157=ORIENTED_EDGE('',*,*,#712,.F.);
#158=ORIENTED_EDGE('',*,*,#741,.T.);
#159=ORIENTED_EDGE('',*,*,#711,.F.);
#160=ORIENTED_EDGE('',*,*,#740,.T.);
#161=ORIENTED_EDGE('',*,*,#710,.F.);
#162=ORIENTED_EDGE('',*,*,#744,.T.);
#163=ORIENTED_EDGE('',*,*,#701,.T.);
#164=ORIENTED_EDGE('',*,*,#727,.F.);
#165=ORIENTED_EDGE('',*,*,#745,.F.);
#166=ORIENTED_EDGE('',*,*,#725,.T.);
#167=ORIENTED_EDGE('',*,*,#703,.T.);
#168=ORIENTED_EDGE('',*,*,#746,.F.);
#169=ORIENTED_EDGE('',*,*,#747,.F.);
#170=ORIENTED_EDGE('',*,*,#746,.T.);
#171=ORIENTED_EDGE('',*,*,#702,.T.);
#172=ORIENTED_EDGE('',*,*,#744,.F.);
#173=ORIENTED_EDGE('',*,*,#748,.F.);
#174=ORIENTED_EDGE('',*,*,#748,.T.);
#175=ORIENTED_EDGE('',*,*,#745,.T.);
#176=ORIENTED_EDGE('',*,*,#726,.T.);
#177=ORIENTED_EDGE('',*,*,#747,.T.);
#178=ORIENTED_EDGE('',*,*,#699,.F.);
#179=ORIENTED_EDGE('',*,*,#749,.F.);
#180=ORIENTED_EDGE('',*,*,#750,.T.);
#181=ORIENTED_EDGE('',*,*,#728,.T.);
#182=ORIENTED_EDGE('',*,*,#709,.F.);
#183=ORIENTED_EDGE('',*,*,#730,.F.);
#184=ORIENTED_EDGE('',*,*,#751,.T.);
#185=ORIENTED_EDGE('',*,*,#752,.T.);
#186=ORIENTED_EDGE('',*,*,#698,.F.);
#187=ORIENTED_EDGE('',*,*,#752,.F.);
#188=ORIENTED_EDGE('',*,*,#753,.T.);
#189=ORIENTED_EDGE('',*,*,#749,.T.);
#190=ORIENTED_EDGE('',*,*,#753,.F.);
#191=ORIENTED_EDGE('',*,*,#751,.F.);
#192=ORIENTED_EDGE('',*,*,#729,.F.);
#193=ORIENTED_EDGE('',*,*,#750,.F.);
#194=ORIENTED_EDGE('',*,*,#718,.T.);
#195=ORIENTED_EDGE('',*,*,#754,.F.);
#196=ORIENTED_EDGE('',*,*,#755,.F.);
#197=ORIENTED_EDGE('',*,*,#756,.T.);
#198=ORIENTED_EDGE('',*,*,#721,.T.);
#199=ORIENTED_EDGE('',*,*,#757,.F.);
#200=ORIENTED_EDGE('',*,*,#758,.F.);
#201=ORIENTED_EDGE('',*,*,#754,.T.);
#202=ORIENTED_EDGE('',*,*,#720,.T.);
#203=ORIENTED_EDGE('',*,*,#759,.F.);
#204=ORIENTED_EDGE('',*,*,#760,.F.);
#205=ORIENTED_EDGE('',*,*,#757,.T.);
#206=ORIENTED_EDGE('',*,*,#719,.T.);
#207=ORIENTED_EDGE('',*,*,#756,.F.);
#208=ORIENTED_EDGE('',*,*,#761,.F.);
#209=ORIENTED_EDGE('',*,*,#759,.T.);
#210=ORIENTED_EDGE('',*,*,#755,.T.);
#211=ORIENTED_EDGE('',*,*,#758,.T.);
#212=ORIENTED_EDGE('',*,*,#760,.T.);
#213=ORIENTED_EDGE('',*,*,#761,.T.);
#214=ORIENTED_EDGE('',*,*,#732,.T.);
#215=ORIENTED_EDGE('',*,*,#762,.F.);
#216=ORIENTED_EDGE('',*,*,#763,.F.);
#217=ORIENTED_EDGE('',*,*,#764,.T.);
#218=ORIENTED_EDGE('',*,*,#731,.T.);
#219=ORIENTED_EDGE('',*,*,#765,.F.);
#220=ORIENTED_EDGE('',*,*,#766,.F.);
#221=ORIENTED_EDGE('',*,*,#762,.T.);
#222=ORIENTED_EDGE('',*,*,#734,.T.);
#223=ORIENTED_EDGE('',*,*,#767,.F.);
#224=ORIENTED_EDGE('',*,*,#768,.F.);
#225=ORIENTED_EDGE('',*,*,#765,.T.);
#226=ORIENTED_EDGE('',*,*,#733,.T.);
#227=ORIENTED_EDGE('',*,*,#764,.F.);
#228=ORIENTED_EDGE('',*,*,#769,.F.);
#229=ORIENTED_EDGE('',*,*,#767,.T.);
#230=ORIENTED_EDGE('',*,*,#763,.T.);
#231=ORIENTED_EDGE('',*,*,#766,.T.);
#232=ORIENTED_EDGE('',*,*,#768,.T.);
#233=ORIENTED_EDGE('',*,*,#769,.T.);
#234=ORIENTED_EDGE('',*,*,#770,.T.);
#235=ORIENTED_EDGE('',*,*,#771,.T.);
#236=ORIENTED_EDGE('',*,*,#772,.T.);
#237=ORIENTED_EDGE('',*,*,#773,.T.);
#238=ORIENTED_EDGE('',*,*,#774,.T.);
#239=ORIENTED_EDGE('',*,*,#775,.F.);
#240=ORIENTED_EDGE('',*,*,#714,.T.);
#241=ORIENTED_EDGE('',*,*,#776,.T.);
#242=ORIENTED_EDGE('',*,*,#776,.F.);
#243=ORIENTED_EDGE('',*,*,#717,.T.);
#244=ORIENTED_EDGE('',*,*,#777,.T.);
#245=ORIENTED_EDGE('',*,*,#778,.T.);
#246=ORIENTED_EDGE('',*,*,#777,.F.);
#247=ORIENTED_EDGE('',*,*,#716,.T.);
#248=ORIENTED_EDGE('',*,*,#779,.T.);
#249=ORIENTED_EDGE('',*,*,#780,.T.);
#250=ORIENTED_EDGE('',*,*,#779,.F.);
#251=ORIENTED_EDGE('',*,*,#715,.T.);
#252=ORIENTED_EDGE('',*,*,#775,.T.);
#253=ORIENTED_EDGE('',*,*,#781,.T.);
#254=ORIENTED_EDGE('',*,*,#782,.T.);
#255=ORIENTED_EDGE('',*,*,#770,.F.);
#256=ORIENTED_EDGE('',*,*,#778,.F.);
#257=ORIENTED_EDGE('',*,*,#780,.F.);
#258=ORIENTED_EDGE('',*,*,#781,.F.);
#259=ORIENTED_EDGE('',*,*,#774,.F.);
#260=ORIENTED_EDGE('',*,*,#783,.T.);
#261=ORIENTED_EDGE('',*,*,#772,.F.);
#262=ORIENTED_EDGE('',*,*,#782,.F.);
#263=ORIENTED_EDGE('',*,*,#773,.F.);
#264=ORIENTED_EDGE('',*,*,#783,.F.);
#265=ORIENTED_EDGE('',*,*,#771,.F.);
#266=ORIENTED_EDGE('',*,*,#784,.F.);
#267=ORIENTED_EDGE('',*,*,#785,.F.);
#268=ORIENTED_EDGE('',*,*,#786,.T.);
#269=ORIENTED_EDGE('',*,*,#787,.T.);
#270=ORIENTED_EDGE('',*,*,#788,.F.);
#271=ORIENTED_EDGE('',*,*,#787,.F.);
#272=ORIENTED_EDGE('',*,*,#789,.T.);
#273=ORIENTED_EDGE('',*,*,#790,.T.);
#274=ORIENTED_EDGE('',*,*,#791,.F.);
#275=ORIENTED_EDGE('',*,*,#790,.F.);
#276=ORIENTED_EDGE('',*,*,#792,.T.);
#277=ORIENTED_EDGE('',*,*,#793,.T.);
#278=ORIENTED_EDGE('',*,*,#794,.F.);
#279=ORIENTED_EDGE('',*,*,#793,.F.);
#280=ORIENTED_EDGE('',*,*,#795,.T.);
#281=ORIENTED_EDGE('',*,*,#785,.T.);
#282=ORIENTED_EDGE('',*,*,#786,.F.);
#283=ORIENTED_EDGE('',*,*,#795,.F.);
#284=ORIENTED_EDGE('',*,*,#792,.F.);
#285=ORIENTED_EDGE('',*,*,#789,.F.);
#286=ORIENTED_EDGE('',*,*,#784,.T.);
#287=ORIENTED_EDGE('',*,*,#788,.T.);
#288=ORIENTED_EDGE('',*,*,#791,.T.);
#289=ORIENTED_EDGE('',*,*,#794,.T.);
#290=ORIENTED_EDGE('',*,*,#796,.T.);
#291=ORIENTED_EDGE('',*,*,#797,.F.);
#292=ORIENTED_EDGE('',*,*,#798,.F.);
#293=ORIENTED_EDGE('',*,*,#799,.T.);
#294=ORIENTED_EDGE('',*,*,#800,.T.);
#295=ORIENTED_EDGE('',*,*,#801,.F.);
#296=ORIENTED_EDGE('',*,*,#802,.F.);
#297=ORIENTED_EDGE('',*,*,#797,.T.);
#298=ORIENTED_EDGE('',*,*,#803,.T.);
#299=ORIENTED_EDGE('',*,*,#804,.F.);
#300=ORIENTED_EDGE('',*,*,#805,.F.);
#301=ORIENTED_EDGE('',*,*,#801,.T.);
#302=ORIENTED_EDGE('',*,*,#806,.T.);
#303=ORIENTED_EDGE('',*,*,#799,.F.);
#304=ORIENTED_EDGE('',*,*,#807,.F.);
#305=ORIENTED_EDGE('',*,*,#804,.T.);
#306=ORIENTED_EDGE('',*,*,#798,.T.);
#307=ORIENTED_EDGE('',*,*,#802,.T.);
#308=ORIENTED_EDGE('',*,*,#805,.T.);
#309=ORIENTED_EDGE('',*,*,#807,.T.);
#310=ORIENTED_EDGE('',*,*,#796,.F.);
#311=ORIENTED_EDGE('',*,*,#806,.F.);
#312=ORIENTED_EDGE('',*,*,#803,.F.);
#313=ORIENTED_EDGE('',*,*,#800,.F.);
#314=ORIENTED_EDGE('',*,*,#808,.T.);
#315=ORIENTED_EDGE('',*,*,#809,.F.);
#316=ORIENTED_EDGE('',*,*,#810,.F.);
#317=ORIENTED_EDGE('',*,*,#811,.T.);
#318=ORIENTED_EDGE('',*,*,#812,.T.);
#319=ORIENTED_EDGE('',*,*,#813,.F.);
#320=ORIENTED_EDGE('',*,*,#814,.F.);
#321=ORIENTED_EDGE('',*,*,#809,.T.);
#322=ORIENTED_EDGE('',*,*,#815,.T.);
#323=ORIENTED_EDGE('',*,*,#816,.F.);
#324=ORIENTED_EDGE('',*,*,#817,.F.);
#325=ORIENTED_EDGE('',*,*,#813,.T.);
#326=ORIENTED_EDGE('',*,*,#818,.T.);
#327=ORIENTED_EDGE('',*,*,#811,.F.);
#328=ORIENTED_EDGE('',*,*,#819,.F.);
#329=ORIENTED_EDGE('',*,*,#816,.T.);
#330=ORIENTED_EDGE('',*,*,#810,.T.);
#331=ORIENTED_EDGE('',*,*,#814,.T.);
#332=ORIENTED_EDGE('',*,*,#817,.T.);
#333=ORIENTED_EDGE('',*,*,#819,.T.);
#334=ORIENTED_EDGE('',*,*,#808,.F.);
#335=ORIENTED_EDGE('',*,*,#818,.F.);
#336=ORIENTED_EDGE('',*,*,#815,.F.);
#337=ORIENTED_EDGE('',*,*,#812,.F.);
#338=ORIENTED_EDGE('',*,*,#820,.T.);
#339=ORIENTED_EDGE('',*,*,#821,.F.);
#340=ORIENTED_EDGE('',*,*,#822,.F.);
#341=ORIENTED_EDGE('',*,*,#823,.T.);
#342=ORIENTED_EDGE('',*,*,#824,.T.);
#343=ORIENTED_EDGE('',*,*,#825,.F.);
#344=ORIENTED_EDGE('',*,*,#826,.F.);
#345=ORIENTED_EDGE('',*,*,#821,.T.);
#346=ORIENTED_EDGE('',*,*,#827,.T.);
#347=ORIENTED_EDGE('',*,*,#828,.F.);
#348=ORIENTED_EDGE('',*,*,#829,.F.);
#349=ORIENTED_EDGE('',*,*,#825,.T.);
#350=ORIENTED_EDGE('',*,*,#830,.T.);
#351=ORIENTED_EDGE('',*,*,#823,.F.);
#352=ORIENTED_EDGE('',*,*,#831,.F.);
#353=ORIENTED_EDGE('',*,*,#828,.T.);
#354=ORIENTED_EDGE('',*,*,#822,.T.);
#355=ORIENTED_EDGE('',*,*,#826,.T.);
#356=ORIENTED_EDGE('',*,*,#829,.T.);
#357=ORIENTED_EDGE('',*,*,#831,.T.);
#358=ORIENTED_EDGE('',*,*,#820,.F.);
#359=ORIENTED_EDGE('',*,*,#830,.F.);
#360=ORIENTED_EDGE('',*,*,#827,.F.);
#361=ORIENTED_EDGE('',*,*,#824,.F.);
#362=ORIENTED_EDGE('',*,*,#832,.T.);
#363=ORIENTED_EDGE('',*,*,#833,.F.);
#364=ORIENTED_EDGE('',*,*,#834,.F.);
#365=ORIENTED_EDGE('',*,*,#835,.T.);
#366=ORIENTED_EDGE('',*,*,#836,.T.);
#367=ORIENTED_EDGE('',*,*,#837,.F.);
#368=ORIENTED_EDGE('',*,*,#838,.F.);
#369=ORIENTED_EDGE('',*,*,#833,.T.);
#370=ORIENTED_EDGE('',*,*,#839,.T.);
#371=ORIENTED_EDGE('',*,*,#840,.F.);
#372=ORIENTED_EDGE('',*,*,#841,.F.);
#373=ORIENTED_EDGE('',*,*,#837,.T.);
#374=ORIENTED_EDGE('',*,*,#842,.T.);
#375=ORIENTED_EDGE('',*,*,#835,.F.);
#376=ORIENTED_EDGE('',*,*,#843,.F.);
#377=ORIENTED_EDGE('',*,*,#840,.T.);
#378=ORIENTED_EDGE('',*,*,#834,.T.);
#379=ORIENTED_EDGE('',*,*,#838,.T.);
#380=ORIENTED_EDGE('',*,*,#841,.T.);
#381=ORIENTED_EDGE('',*,*,#843,.T.);
#382=ORIENTED_EDGE('',*,*,#832,.F.);
#383=ORIENTED_EDGE('',*,*,#842,.F.);
#384=ORIENTED_EDGE('',*,*,#839,.F.);
#385=ORIENTED_EDGE('',*,*,#836,.F.);
#386=ORIENTED_EDGE('',*,*,#844,.T.);
#387=ORIENTED_EDGE('',*,*,#845,.F.);
#388=ORIENTED_EDGE('',*,*,#846,.F.);
#389=ORIENTED_EDGE('',*,*,#847,.T.);
#390=ORIENTED_EDGE('',*,*,#848,.T.);
#391=ORIENTED_EDGE('',*,*,#849,.F.);
#392=ORIENTED_EDGE('',*,*,#850,.F.);
#393=ORIENTED_EDGE('',*,*,#845,.T.);
#394=ORIENTED_EDGE('',*,*,#851,.T.);
#395=ORIENTED_EDGE('',*,*,#852,.F.);
#396=ORIENTED_EDGE('',*,*,#853,.F.);
#397=ORIENTED_EDGE('',*,*,#849,.T.);
#398=ORIENTED_EDGE('',*,*,#854,.T.);
#399=ORIENTED_EDGE('',*,*,#847,.F.);
#400=ORIENTED_EDGE('',*,*,#855,.F.);
#401=ORIENTED_EDGE('',*,*,#852,.T.);
#402=ORIENTED_EDGE('',*,*,#846,.T.);
#403=ORIENTED_EDGE('',*,*,#850,.T.);
#404=ORIENTED_EDGE('',*,*,#853,.T.);
#405=ORIENTED_EDGE('',*,*,#855,.T.);
#406=ORIENTED_EDGE('',*,*,#844,.F.);
#407=ORIENTED_EDGE('',*,*,#854,.F.);
#408=ORIENTED_EDGE('',*,*,#851,.F.);
#409=ORIENTED_EDGE('',*,*,#848,.F.);
#410=ORIENTED_EDGE('',*,*,#856,.T.);
#411=ORIENTED_EDGE('',*,*,#857,.F.);
#412=ORIENTED_EDGE('',*,*,#858,.F.);
#413=ORIENTED_EDGE('',*,*,#859,.T.);
#414=ORIENTED_EDGE('',*,*,#860,.T.);
#415=ORIENTED_EDGE('',*,*,#861,.F.);
#416=ORIENTED_EDGE('',*,*,#862,.F.);
#417=ORIENTED_EDGE('',*,*,#857,.T.);
#418=ORIENTED_EDGE('',*,*,#863,.T.);
#419=ORIENTED_EDGE('',*,*,#864,.F.);
#420=ORIENTED_EDGE('',*,*,#865,.F.);
#421=ORIENTED_EDGE('',*,*,#861,.T.);
#422=ORIENTED_EDGE('',*,*,#866,.T.);
#423=ORIENTED_EDGE('',*,*,#859,.F.);
#424=ORIENTED_EDGE('',*,*,#867,.F.);
#425=ORIENTED_EDGE('',*,*,#864,.T.);
#426=ORIENTED_EDGE('',*,*,#858,.T.);
#427=ORIENTED_EDGE('',*,*,#862,.T.);
#428=ORIENTED_EDGE('',*,*,#865,.T.);
#429=ORIENTED_EDGE('',*,*,#867,.T.);
#430=ORIENTED_EDGE('',*,*,#856,.F.);
#431=ORIENTED_EDGE('',*,*,#866,.F.);
#432=ORIENTED_EDGE('',*,*,#863,.F.);
#433=ORIENTED_EDGE('',*,*,#860,.F.);
#434=ORIENTED_EDGE('',*,*,#868,.T.);
#435=ORIENTED_EDGE('',*,*,#869,.F.);
#436=ORIENTED_EDGE('',*,*,#870,.F.);
#437=ORIENTED_EDGE('',*,*,#871,.T.);
#438=ORIENTED_EDGE('',*,*,#872,.T.);
#439=ORIENTED_EDGE('',*,*,#873,.F.);
#440=ORIENTED_EDGE('',*,*,#874,.F.);
#441=ORIENTED_EDGE('',*,*,#869,.T.);
#442=ORIENTED_EDGE('',*,*,#875,.T.);
#443=ORIENTED_EDGE('',*,*,#876,.F.);
#444=ORIENTED_EDGE('',*,*,#877,.F.);
#445=ORIENTED_EDGE('',*,*,#873,.T.);
#446=ORIENTED_EDGE('',*,*,#878,.T.);
#447=ORIENTED_EDGE('',*,*,#871,.F.);
#448=ORIENTED_EDGE('',*,*,#879,.F.);
#449=ORIENTED_EDGE('',*,*,#876,.T.);
#450=ORIENTED_EDGE('',*,*,#870,.T.);
#451=ORIENTED_EDGE('',*,*,#874,.T.);
#452=ORIENTED_EDGE('',*,*,#877,.T.);
#453=ORIENTED_EDGE('',*,*,#879,.T.);
#454=ORIENTED_EDGE('',*,*,#868,.F.);
#455=ORIENTED_EDGE('',*,*,#878,.F.);
#456=ORIENTED_EDGE('',*,*,#875,.F.);
#457=ORIENTED_EDGE('',*,*,#872,.F.);
#458=ORIENTED_EDGE('',*,*,#880,.T.);
#459=ORIENTED_EDGE('',*,*,#881,.F.);
#460=ORIENTED_EDGE('',*,*,#882,.F.);
#461=ORIENTED_EDGE('',*,*,#883,.T.);
#462=ORIENTED_EDGE('',*,*,#884,.T.);
#463=ORIENTED_EDGE('',*,*,#885,.F.);
#464=ORIENTED_EDGE('',*,*,#886,.F.);
#465=ORIENTED_EDGE('',*,*,#881,.T.);
#466=ORIENTED_EDGE('',*,*,#887,.T.);
#467=ORIENTED_EDGE('',*,*,#888,.F.);
#468=ORIENTED_EDGE('',*,*,#889,.F.);
#469=ORIENTED_EDGE('',*,*,#885,.T.);
#470=ORIENTED_EDGE('',*,*,#890,.T.);
#471=ORIENTED_EDGE('',*,*,#883,.F.);
#472=ORIENTED_EDGE('',*,*,#891,.F.);
#473=ORIENTED_EDGE('',*,*,#888,.T.);
#474=ORIENTED_EDGE('',*,*,#882,.T.);
#475=ORIENTED_EDGE('',*,*,#886,.T.);
#476=ORIENTED_EDGE('',*,*,#889,.T.);
#477=ORIENTED_EDGE('',*,*,#891,.T.);
#478=ORIENTED_EDGE('',*,*,#880,.F.);
#479=ORIENTED_EDGE('',*,*,#890,.F.);
#480=ORIENTED_EDGE('',*,*,#887,.F.);
#481=ORIENTED_EDGE('',*,*,#884,.F.);
#482=ORIENTED_EDGE('',*,*,#892,.F.);
#483=ORIENTED_EDGE('',*,*,#893,.F.);
#484=ORIENTED_EDGE('',*,*,#894,.T.);
#485=ORIENTED_EDGE('',*,*,#895,.T.);
#486=ORIENTED_EDGE('',*,*,#896,.F.);
#487=ORIENTED_EDGE('',*,*,#895,.F.);
#488=ORIENTED_EDGE('',*,*,#897,.T.);
#489=ORIENTED_EDGE('',*,*,#898,.T.);
#490=ORIENTED_EDGE('',*,*,#899,.F.);
#491=ORIENTED_EDGE('',*,*,#898,.F.);
#492=ORIENTED_EDGE('',*,*,#900,.T.);
#493=ORIENTED_EDGE('',*,*,#901,.T.);
#494=ORIENTED_EDGE('',*,*,#902,.F.);
#495=ORIENTED_EDGE('',*,*,#901,.F.);
#496=ORIENTED_EDGE('',*,*,#903,.T.);
#497=ORIENTED_EDGE('',*,*,#893,.T.);
#498=ORIENTED_EDGE('',*,*,#894,.F.);
#499=ORIENTED_EDGE('',*,*,#903,.F.);
#500=ORIENTED_EDGE('',*,*,#900,.F.);
#501=ORIENTED_EDGE('',*,*,#897,.F.);
#502=ORIENTED_EDGE('',*,*,#892,.T.);
#503=ORIENTED_EDGE('',*,*,#896,.T.);
#504=ORIENTED_EDGE('',*,*,#899,.T.);
#505=ORIENTED_EDGE('',*,*,#902,.T.);
#506=ORIENTED_EDGE('',*,*,#904,.F.);
#507=ORIENTED_EDGE('',*,*,#905,.F.);
#508=ORIENTED_EDGE('',*,*,#906,.T.);
#509=ORIENTED_EDGE('',*,*,#907,.T.);
#510=ORIENTED_EDGE('',*,*,#908,.F.);
#511=ORIENTED_EDGE('',*,*,#907,.F.);
#512=ORIENTED_EDGE('',*,*,#909,.T.);
#513=ORIENTED_EDGE('',*,*,#910,.T.);
#514=ORIENTED_EDGE('',*,*,#911,.F.);
#515=ORIENTED_EDGE('',*,*,#910,.F.);
#516=ORIENTED_EDGE('',*,*,#912,.T.);
#517=ORIENTED_EDGE('',*,*,#913,.T.);
#518=ORIENTED_EDGE('',*,*,#914,.F.);
#519=ORIENTED_EDGE('',*,*,#913,.F.);
#520=ORIENTED_EDGE('',*,*,#915,.T.);
#521=ORIENTED_EDGE('',*,*,#905,.T.);
#522=ORIENTED_EDGE('',*,*,#906,.F.);
#523=ORIENTED_EDGE('',*,*,#915,.F.);
#524=ORIENTED_EDGE('',*,*,#912,.F.);
#525=ORIENTED_EDGE('',*,*,#909,.F.);
#526=ORIENTED_EDGE('',*,*,#904,.T.);
#527=ORIENTED_EDGE('',*,*,#908,.T.);
#528=ORIENTED_EDGE('',*,*,#911,.T.);
#529=ORIENTED_EDGE('',*,*,#914,.T.);
#530=ORIENTED_EDGE('',*,*,#916,.F.);
#531=ORIENTED_EDGE('',*,*,#917,.F.);
#532=ORIENTED_EDGE('',*,*,#918,.T.);
#533=ORIENTED_EDGE('',*,*,#919,.T.);
#534=ORIENTED_EDGE('',*,*,#920,.F.);
#535=ORIENTED_EDGE('',*,*,#919,.F.);
#536=ORIENTED_EDGE('',*,*,#921,.T.);
#537=ORIENTED_EDGE('',*,*,#922,.T.);
#538=ORIENTED_EDGE('',*,*,#923,.F.);
#539=ORIENTED_EDGE('',*,*,#922,.F.);
#540=ORIENTED_EDGE('',*,*,#924,.T.);
#541=ORIENTED_EDGE('',*,*,#925,.T.);
#542=ORIENTED_EDGE('',*,*,#926,.F.);
#543=ORIENTED_EDGE('',*,*,#925,.F.);
#544=ORIENTED_EDGE('',*,*,#927,.T.);
#545=ORIENTED_EDGE('',*,*,#917,.T.);
#546=ORIENTED_EDGE('',*,*,#918,.F.);
#547=ORIENTED_EDGE('',*,*,#927,.F.);
#548=ORIENTED_EDGE('',*,*,#924,.F.);
#549=ORIENTED_EDGE('',*,*,#921,.F.);
#550=ORIENTED_EDGE('',*,*,#916,.T.);
#551=ORIENTED_EDGE('',*,*,#920,.T.);
#552=ORIENTED_EDGE('',*,*,#923,.T.);
#553=ORIENTED_EDGE('',*,*,#926,.T.);
#554=ORIENTED_EDGE('',*,*,#928,.F.);
#555=ORIENTED_EDGE('',*,*,#929,.F.);
#556=ORIENTED_EDGE('',*,*,#930,.T.);
#557=ORIENTED_EDGE('',*,*,#931,.T.);
#558=ORIENTED_EDGE('',*,*,#932,.F.);
#559=ORIENTED_EDGE('',*,*,#931,.F.);
#560=ORIENTED_EDGE('',*,*,#933,.T.);
#561=ORIENTED_EDGE('',*,*,#934,.T.);
#562=ORIENTED_EDGE('',*,*,#935,.F.);
#563=ORIENTED_EDGE('',*,*,#934,.F.);
#564=ORIENTED_EDGE('',*,*,#936,.T.);
#565=ORIENTED_EDGE('',*,*,#937,.T.);
#566=ORIENTED_EDGE('',*,*,#938,.F.);
#567=ORIENTED_EDGE('',*,*,#937,.F.);
#568=ORIENTED_EDGE('',*,*,#939,.T.);
#569=ORIENTED_EDGE('',*,*,#929,.T.);
#570=ORIENTED_EDGE('',*,*,#930,.F.);
#571=ORIENTED_EDGE('',*,*,#939,.F.);
#572=ORIENTED_EDGE('',*,*,#936,.F.);
#573=ORIENTED_EDGE('',*,*,#933,.F.);
#574=ORIENTED_EDGE('',*,*,#928,.T.);
#575=ORIENTED_EDGE('',*,*,#932,.T.);
#576=ORIENTED_EDGE('',*,*,#935,.T.);
#577=ORIENTED_EDGE('',*,*,#938,.T.);
#578=ORIENTED_EDGE('',*,*,#940,.F.);
#579=ORIENTED_EDGE('',*,*,#941,.F.);
#580=ORIENTED_EDGE('',*,*,#942,.T.);
#581=ORIENTED_EDGE('',*,*,#943,.T.);
#582=ORIENTED_EDGE('',*,*,#944,.F.);
#583=ORIENTED_EDGE('',*,*,#943,.F.);
#584=ORIENTED_EDGE('',*,*,#945,.T.);
#585=ORIENTED_EDGE('',*,*,#946,.T.);
#586=ORIENTED_EDGE('',*,*,#947,.F.);
#587=ORIENTED_EDGE('',*,*,#946,.F.);
#588=ORIENTED_EDGE('',*,*,#948,.T.);
#589=ORIENTED_EDGE('',*,*,#949,.T.);
#590=ORIENTED_EDGE('',*,*,#950,.F.);
#591=ORIENTED_EDGE('',*,*,#949,.F.);
#592=ORIENTED_EDGE('',*,*,#951,.T.);
#593=ORIENTED_EDGE('',*,*,#941,.T.);
#594=ORIENTED_EDGE('',*,*,#942,.F.);
#595=ORIENTED_EDGE('',*,*,#951,.F.);
#596=ORIENTED_EDGE('',*,*,#948,.F.);
#597=ORIENTED_EDGE('',*,*,#945,.F.);
#598=ORIENTED_EDGE('',*,*,#940,.T.);
#599=ORIENTED_EDGE('',*,*,#944,.T.);
#600=ORIENTED_EDGE('',*,*,#947,.T.);
#601=ORIENTED_EDGE('',*,*,#950,.T.);
#602=ORIENTED_EDGE('',*,*,#952,.F.);
#603=ORIENTED_EDGE('',*,*,#953,.F.);
#604=ORIENTED_EDGE('',*,*,#954,.T.);
#605=ORIENTED_EDGE('',*,*,#955,.T.);
#606=ORIENTED_EDGE('',*,*,#956,.F.);
#607=ORIENTED_EDGE('',*,*,#955,.F.);
#608=ORIENTED_EDGE('',*,*,#957,.T.);
#609=ORIENTED_EDGE('',*,*,#958,.T.);
#610=ORIENTED_EDGE('',*,*,#959,.F.);
#611=ORIENTED_EDGE('',*,*,#958,.F.);
#612=ORIENTED_EDGE('',*,*,#960,.T.);
#613=ORIENTED_EDGE('',*,*,#961,.T.);
#614=ORIENTED_EDGE('',*,*,#962,.F.);
#615=ORIENTED_EDGE('',*,*,#961,.F.);
#616=ORIENTED_EDGE('',*,*,#963,.T.);
#617=ORIENTED_EDGE('',*,*,#953,.T.);
#618=ORIENTED_EDGE('',*,*,#954,.F.);
#619=ORIENTED_EDGE('',*,*,#963,.F.);
#620=ORIENTED_EDGE('',*,*,#960,.F.);
#621=ORIENTED_EDGE('',*,*,#957,.F.);
#622=ORIENTED_EDGE('',*,*,#952,.T.);
#623=ORIENTED_EDGE('',*,*,#956,.T.);
#624=ORIENTED_EDGE('',*,*,#959,.T.);
#625=ORIENTED_EDGE('',*,*,#962,.T.);
#626=ORIENTED_EDGE('',*,*,#964,.F.);
#627=ORIENTED_EDGE('',*,*,#965,.F.);
#628=ORIENTED_EDGE('',*,*,#966,.T.);
#629=ORIENTED_EDGE('',*,*,#967,.T.);
#630=ORIENTED_EDGE('',*,*,#968,.F.);
#631=ORIENTED_EDGE('',*,*,#967,.F.);
#632=ORIENTED_EDGE('',*,*,#969,.T.);
#633=ORIENTED_EDGE('',*,*,#970,.T.);
#634=ORIENTED_EDGE('',*,*,#971,.F.);
#635=ORIENTED_EDGE('',*,*,#970,.F.);
#636=ORIENTED_EDGE('',*,*,#972,.T.);
#637=ORIENTED_EDGE('',*,*,#973,.T.);
#638=ORIENTED_EDGE('',*,*,#974,.F.);
#639=ORIENTED_EDGE('',*,*,#973,.F.);
#640=ORIENTED_EDGE('',*,*,#975,.T.);
#641=ORIENTED_EDGE('',*,*,#965,.T.);
#642=ORIENTED_EDGE('',*,*,#975,.F.);
#643=ORIENTED_EDGE('',*,*,#972,.F.);
#644=ORIENTED_EDGE('',*,*,#969,.F.);
#645=ORIENTED_EDGE('',*,*,#966,.F.);
#646=ORIENTED_EDGE('',*,*,#974,.T.);
#647=ORIENTED_EDGE('',*,*,#964,.T.);
#648=ORIENTED_EDGE('',*,*,#968,.T.);
#649=ORIENTED_EDGE('',*,*,#971,.T.);
#650=ORIENTED_EDGE('',*,*,#976,.F.);
#651=ORIENTED_EDGE('',*,*,#977,.F.);
#652=ORIENTED_EDGE('',*,*,#978,.T.);
#653=ORIENTED_EDGE('',*,*,#979,.T.);
#654=ORIENTED_EDGE('',*,*,#980,.F.);
#655=ORIENTED_EDGE('',*,*,#979,.F.);
#656=ORIENTED_EDGE('',*,*,#981,.T.);
#657=ORIENTED_EDGE('',*,*,#982,.T.);
#658=ORIENTED_EDGE('',*,*,#983,.F.);
#659=ORIENTED_EDGE('',*,*,#982,.F.);
#660=ORIENTED_EDGE('',*,*,#984,.T.);
#661=ORIENTED_EDGE('',*,*,#985,.T.);
#662=ORIENTED_EDGE('',*,*,#986,.F.);
#663=ORIENTED_EDGE('',*,*,#985,.F.);
#664=ORIENTED_EDGE('',*,*,#987,.T.);
#665=ORIENTED_EDGE('',*,*,#977,.T.);
#666=ORIENTED_EDGE('',*,*,#978,.F.);
#667=ORIENTED_EDGE('',*,*,#987,.F.);
#668=ORIENTED_EDGE('',*,*,#984,.F.);
#669=ORIENTED_EDGE('',*,*,#981,.F.);
#670=ORIENTED_EDGE('',*,*,#976,.T.);
#671=ORIENTED_EDGE('',*,*,#980,.T.);
#672=ORIENTED_EDGE('',*,*,#983,.T.);
#673=ORIENTED_EDGE('',*,*,#986,.T.);
#674=ORIENTED_EDGE('',*,*,#988,.F.);
#675=ORIENTED_EDGE('',*,*,#989,.F.);
#676=ORIENTED_EDGE('',*,*,#990,.T.);
#677=ORIENTED_EDGE('',*,*,#991,.T.);
#678=ORIENTED_EDGE('',*,*,#992,.F.);
#679=ORIENTED_EDGE('',*,*,#991,.F.);
#680=ORIENTED_EDGE('',*,*,#993,.T.);
#681=ORIENTED_EDGE('',*,*,#994,.T.);
#682=ORIENTED_EDGE('',*,*,#995,.F.);
#683=ORIENTED_EDGE('',*,*,#994,.F.);
#684=ORIENTED_EDGE('',*,*,#996,.T.);
#685=ORIENTED_EDGE('',*,*,#997,.T.);
#686=ORIENTED_EDGE('',*,*,#998,.F.);
#687=ORIENTED_EDGE('',*,*,#997,.F.);
#688=ORIENTED_EDGE('',*,*,#999,.T.);
#689=ORIENTED_EDGE('',*,*,#989,.T.);
#690=ORIENTED_EDGE('',*,*,#990,.F.);
#691=ORIENTED_EDGE('',*,*,#999,.F.);
#692=ORIENTED_EDGE('',*,*,#996,.F.);
#693=ORIENTED_EDGE('',*,*,#993,.F.);
#694=ORIENTED_EDGE('',*,*,#988,.T.);
#695=ORIENTED_EDGE('',*,*,#992,.T.);
#696=ORIENTED_EDGE('',*,*,#995,.T.);
#697=ORIENTED_EDGE('',*,*,#998,.T.);
#698=EDGE_CURVE('',#1000,#1001,#1204,.T.);
#699=EDGE_CURVE('',#1001,#1002,#1205,.T.);
#700=EDGE_CURVE('',#1003,#1002,#1206,.T.);
#701=EDGE_CURVE('',#1004,#1003,#1207,.T.);
#702=EDGE_CURVE('',#1005,#1004,#1208,.T.);
#703=EDGE_CURVE('',#1006,#1005,#1209,.T.);
#704=EDGE_CURVE('',#1007,#1006,#1210,.T.);
#705=EDGE_CURVE('',#1008,#1007,#1211,.T.);
#706=EDGE_CURVE('',#1009,#1008,#1212,.T.);
#707=EDGE_CURVE('',#1010,#1009,#1213,.T.);
#708=EDGE_CURVE('',#1011,#1010,#1214,.T.);
#709=EDGE_CURVE('',#1011,#1000,#1215,.T.);
#710=EDGE_CURVE('',#1012,#1012,#84,.T.);
#711=EDGE_CURVE('',#1013,#1013,#85,.T.);
#712=EDGE_CURVE('',#1014,#1014,#86,.T.);
#713=EDGE_CURVE('',#1015,#1015,#87,.T.);
#714=EDGE_CURVE('',#1016,#1017,#1216,.T.);
#715=EDGE_CURVE('',#1018,#1016,#1217,.T.);
#716=EDGE_CURVE('',#1019,#1018,#1218,.T.);
#717=EDGE_CURVE('',#1017,#1019,#1219,.T.);
#718=EDGE_CURVE('',#1020,#1021,#1220,.T.);
#719=EDGE_CURVE('',#1022,#1020,#1221,.T.);
#720=EDGE_CURVE('',#1023,#1022,#1222,.T.);
#721=EDGE_CURVE('',#1021,#1023,#1223,.T.);
#722=EDGE_CURVE('',#1010,#1024,#1224,.T.);
#723=EDGE_CURVE('',#1025,#1024,#1225,.T.);
#724=EDGE_CURVE('',#1007,#1025,#1226,.T.);
#725=EDGE_CURVE('',#1026,#1006,#1227,.T.);
#726=EDGE_CURVE('',#1027,#1026,#1228,.T.);
#727=EDGE_CURVE('',#1027,#1003,#1229,.T.);
#728=EDGE_CURVE('',#1028,#1002,#1230,.T.);
#729=EDGE_CURVE('',#1028,#1029,#1231,.T.);
#730=EDGE_CURVE('',#1029,#1011,#1232,.T.);
#731=EDGE_CURVE('',#1030,#1031,#1233,.T.);
#732=EDGE_CURVE('',#1032,#1030,#1234,.T.);
#733=EDGE_CURVE('',#1033,#1032,#1235,.T.);
#734=EDGE_CURVE('',#1031,#1033,#1236,.T.);
#735=EDGE_CURVE('',#1034,#1035,#1237,.T.);
#736=EDGE_CURVE('',#1009,#1034,#1238,.T.);
#737=EDGE_CURVE('',#1008,#1035,#1239,.T.);
#738=EDGE_CURVE('',#1035,#1025,#1240,.T.);
#739=EDGE_CURVE('',#1024,#1034,#1241,.T.);
#740=EDGE_CURVE('',#1036,#1036,#88,.T.);
#741=EDGE_CURVE('',#1037,#1037,#89,.T.);
#742=EDGE_CURVE('',#1038,#1038,#90,.T.);
#743=EDGE_CURVE('',#1039,#1039,#91,.T.);
#744=EDGE_CURVE('',#1040,#1004,#1242,.T.);
#745=EDGE_CURVE('',#1040,#1027,#1243,.T.);
#746=EDGE_CURVE('',#1041,#1005,#1244,.T.);
#747=EDGE_CURVE('',#1026,#1041,#1245,.T.);
#748=EDGE_CURVE('',#1041,#1040,#1246,.T.);
#749=EDGE_CURVE('',#1042,#1001,#1247,.T.);
#750=EDGE_CURVE('',#1042,#1028,#1248,.T.);
#751=EDGE_CURVE('',#1029,#1043,#1249,.T.);
#752=EDGE_CURVE('',#1043,#1000,#1250,.T.);
#753=EDGE_CURVE('',#1043,#1042,#1251,.T.);
#754=EDGE_CURVE('',#1044,#1021,#1252,.T.);
#755=EDGE_CURVE('',#1045,#1044,#1253,.T.);
#756=EDGE_CURVE('',#1045,#1020,#1254,.T.);
#757=EDGE_CURVE('',#1046,#1023,#1255,.T.);
#758=EDGE_CURVE('',#1044,#1046,#1256,.T.);
#759=EDGE_CURVE('',#1047,#1022,#1257,.T.);
#760=EDGE_CURVE('',#1046,#1047,#1258,.T.);
#761=EDGE_CURVE('',#1047,#1045,#1259,.T.);
#762=EDGE_CURVE('',#1048,#1030,#1260,.T.);
#763=EDGE_CURVE('',#1049,#1048,#1261,.T.);
#764=EDGE_CURVE('',#1049,#1032,#1262,.T.);
#765=EDGE_CURVE('',#1050,#1031,#1263,.T.);
#766=EDGE_CURVE('',#1048,#1050,#1264,.T.);
#767=EDGE_CURVE('',#1051,#1033,#1265,.T.);
#768=EDGE_CURVE('',#1050,#1051,#1266,.T.);
#769=EDGE_CURVE('',#1051,#1049,#1267,.T.);
#770=EDGE_CURVE('',#1052,#1053,#1268,.F.);
#771=EDGE_CURVE('',#1053,#1054,#1269,.T.);
#772=EDGE_CURVE('',#1054,#1055,#1270,.T.);
#773=EDGE_CURVE('',#1055,#1056,#1271,.F.);
#774=EDGE_CURVE('',#1056,#1057,#1272,.F.);
#775=EDGE_CURVE('',#1016,#1057,#1273,.F.);
#776=EDGE_CURVE('',#1017,#1052,#1274,.F.);
#777=EDGE_CURVE('',#1019,#1058,#1275,.F.);
#778=EDGE_CURVE('',#1058,#1052,#1276,.F.);
#779=EDGE_CURVE('',#1018,#1059,#1277,.F.);
#780=EDGE_CURVE('',#1059,#1058,#1278,.F.);
#781=EDGE_CURVE('',#1057,#1059,#1279,.F.);
#782=EDGE_CURVE('',#1056,#1053,#92,.T.);
#783=EDGE_CURVE('',#1054,#1055,#93,.F.);
#784=EDGE_CURVE('',#1060,#1061,#1280,.T.);
#785=EDGE_CURVE('',#1062,#1060,#1281,.T.);
#786=EDGE_CURVE('',#1062,#1063,#1282,.T.);
#787=EDGE_CURVE('',#1063,#1061,#1283,.T.);
#788=EDGE_CURVE('',#1061,#1064,#1284,.T.);
#789=EDGE_CURVE('',#1063,#1065,#1285,.T.);
#790=EDGE_CURVE('',#1065,#1064,#1286,.T.);
#791=EDGE_CURVE('',#1064,#1066,#1287,.T.);
#792=EDGE_CURVE('',#1065,#1067,#1288,.T.);
#793=EDGE_CURVE('',#1067,#1066,#1289,.T.);
#794=EDGE_CURVE('',#1066,#1060,#1290,.T.);
#795=EDGE_CURVE('',#1067,#1062,#1291,.T.);
#796=EDGE_CURVE('',#1068,#1069,#1292,.T.);
#797=EDGE_CURVE('',#1070,#1069,#1293,.T.);
#798=EDGE_CURVE('',#1071,#1070,#1294,.T.);
#799=EDGE_CURVE('',#1071,#1068,#1295,.T.);
#800=EDGE_CURVE('',#1069,#1072,#1296,.T.);
#801=EDGE_CURVE('',#1073,#1072,#1297,.T.);
#802=EDGE_CURVE('',#1070,#1073,#1298,.T.);
#803=EDGE_CURVE('',#1072,#1074,#1299,.T.);
#804=EDGE_CURVE('',#1075,#1074,#1300,.T.);
#805=EDGE_CURVE('',#1073,#1075,#1301,.T.);
#806=EDGE_CURVE('',#1074,#1068,#1302,.T.);
#807=EDGE_CURVE('',#1075,#1071,#1303,.T.);
#808=EDGE_CURVE('',#1076,#1077,#1304,.T.);
#809=EDGE_CURVE('',#1078,#1077,#1305,.T.);
#810=EDGE_CURVE('',#1079,#1078,#1306,.T.);
#811=EDGE_CURVE('',#1079,#1076,#1307,.T.);
#812=EDGE_CURVE('',#1077,#1080,#1308,.T.);
#813=EDGE_CURVE('',#1081,#1080,#1309,.T.);
#814=EDGE_CURVE('',#1078,#1081,#1310,.T.);
#815=EDGE_CURVE('',#1080,#1082,#1311,.T.);
#816=EDGE_CURVE('',#1083,#1082,#1312,.T.);
#817=EDGE_CURVE('',#1081,#1083,#1313,.T.);
#818=EDGE_CURVE('',#1082,#1076,#1314,.T.);
#819=EDGE_CURVE('',#1083,#1079,#1315,.T.);
#820=EDGE_CURVE('',#1084,#1085,#1316,.T.);
#821=EDGE_CURVE('',#1086,#1085,#1317,.T.);
#822=EDGE_CURVE('',#1087,#1086,#1318,.T.);
#823=EDGE_CURVE('',#1087,#1084,#1319,.T.);
#824=EDGE_CURVE('',#1085,#1088,#1320,.T.);
#825=EDGE_CURVE('',#1089,#1088,#1321,.T.);
#826=EDGE_CURVE('',#1086,#1089,#1322,.T.);
#827=EDGE_CURVE('',#1088,#1090,#1323,.T.);
#828=EDGE_CURVE('',#1091,#1090,#1324,.T.);
#829=EDGE_CURVE('',#1089,#1091,#1325,.T.);
#830=EDGE_CURVE('',#1090,#1084,#1326,.T.);
#831=EDGE_CURVE('',#1091,#1087,#1327,.T.);
#832=EDGE_CURVE('',#1092,#1093,#1328,.T.);
#833=EDGE_CURVE('',#1094,#1093,#1329,.T.);
#834=EDGE_CURVE('',#1095,#1094,#1330,.T.);
#835=EDGE_CURVE('',#1095,#1092,#1331,.T.);
#836=EDGE_CURVE('',#1093,#1096,#1332,.T.);
#837=EDGE_CURVE('',#1097,#1096,#1333,.T.);
#838=EDGE_CURVE('',#1094,#1097,#1334,.T.);
#839=EDGE_CURVE('',#1096,#1098,#1335,.T.);
#840=EDGE_CURVE('',#1099,#1098,#1336,.T.);
#841=EDGE_CURVE('',#1097,#1099,#1337,.T.);
#842=EDGE_CURVE('',#1098,#1092,#1338,.T.);
#843=EDGE_CURVE('',#1099,#1095,#1339,.T.);
#844=EDGE_CURVE('',#1100,#1101,#1340,.T.);
#845=EDGE_CURVE('',#1102,#1101,#1341,.T.);
#846=EDGE_CURVE('',#1103,#1102,#1342,.T.);
#847=EDGE_CURVE('',#1103,#1100,#1343,.T.);
#848=EDGE_CURVE('',#1101,#1104,#1344,.T.);
#849=EDGE_CURVE('',#1105,#1104,#1345,.T.);
#850=EDGE_CURVE('',#1102,#1105,#1346,.T.);
#851=EDGE_CURVE('',#1104,#1106,#1347,.T.);
#852=EDGE_CURVE('',#1107,#1106,#1348,.T.);
#853=EDGE_CURVE('',#1105,#1107,#1349,.T.);
#854=EDGE_CURVE('',#1106,#1100,#1350,.T.);
#855=EDGE_CURVE('',#1107,#1103,#1351,.T.);
#856=EDGE_CURVE('',#1108,#1109,#1352,.T.);
#857=EDGE_CURVE('',#1110,#1109,#1353,.T.);
#858=EDGE_CURVE('',#1111,#1110,#1354,.T.);
#859=EDGE_CURVE('',#1111,#1108,#1355,.T.);
#860=EDGE_CURVE('',#1109,#1112,#1356,.T.);
#861=EDGE_CURVE('',#1113,#1112,#1357,.T.);
#862=EDGE_CURVE('',#1110,#1113,#1358,.T.);
#863=EDGE_CURVE('',#1112,#1114,#1359,.T.);
#864=EDGE_CURVE('',#1115,#1114,#1360,.T.);
#865=EDGE_CURVE('',#1113,#1115,#1361,.T.);
#866=EDGE_CURVE('',#1114,#1108,#1362,.T.);
#867=EDGE_CURVE('',#1115,#1111,#1363,.T.);
#868=EDGE_CURVE('',#1116,#1117,#1364,.T.);
#869=EDGE_CURVE('',#1118,#1117,#1365,.T.);
#870=EDGE_CURVE('',#1119,#1118,#1366,.T.);
#871=EDGE_CURVE('',#1119,#1116,#1367,.T.);
#872=EDGE_CURVE('',#1117,#1120,#1368,.T.);
#873=EDGE_CURVE('',#1121,#1120,#1369,.T.);
#874=EDGE_CURVE('',#1118,#1121,#1370,.T.);
#875=EDGE_CURVE('',#1120,#1122,#1371,.T.);
#876=EDGE_CURVE('',#1123,#1122,#1372,.T.);
#877=EDGE_CURVE('',#1121,#1123,#1373,.T.);
#878=EDGE_CURVE('',#1122,#1116,#1374,.T.);
#879=EDGE_CURVE('',#1123,#1119,#1375,.T.);
#880=EDGE_CURVE('',#1124,#1125,#1376,.T.);
#881=EDGE_CURVE('',#1126,#1125,#1377,.T.);
#882=EDGE_CURVE('',#1127,#1126,#1378,.T.);
#883=EDGE_CURVE('',#1127,#1124,#1379,.T.);
#884=EDGE_CURVE('',#1125,#1128,#1380,.T.);
#885=EDGE_CURVE('',#1129,#1128,#1381,.T.);
#886=EDGE_CURVE('',#1126,#1129,#1382,.T.);
#887=EDGE_CURVE('',#1128,#1130,#1383,.T.);
#888=EDGE_CURVE('',#1131,#1130,#1384,.T.);
#889=EDGE_CURVE('',#1129,#1131,#1385,.T.);
#890=EDGE_CURVE('',#1130,#1124,#1386,.T.);
#891=EDGE_CURVE('',#1131,#1127,#1387,.T.);
#892=EDGE_CURVE('',#1132,#1133,#1388,.T.);
#893=EDGE_CURVE('',#1134,#1132,#1389,.T.);
#894=EDGE_CURVE('',#1134,#1135,#1390,.T.);
#895=EDGE_CURVE('',#1135,#1133,#1391,.T.);
#896=EDGE_CURVE('',#1133,#1136,#1392,.T.);
#897=EDGE_CURVE('',#1135,#1137,#1393,.T.);
#898=EDGE_CURVE('',#1137,#1136,#1394,.T.);
#899=EDGE_CURVE('',#1136,#1138,#1395,.T.);
#900=EDGE_CURVE('',#1137,#1139,#1396,.T.);
#901=EDGE_CURVE('',#1139,#1138,#1397,.T.);
#902=EDGE_CURVE('',#1138,#1132,#1398,.T.);
#903=EDGE_CURVE('',#1139,#1134,#1399,.T.);
#904=EDGE_CURVE('',#1140,#1141,#1400,.T.);
#905=EDGE_CURVE('',#1142,#1140,#1401,.T.);
#906=EDGE_CURVE('',#1142,#1143,#1402,.T.);
#907=EDGE_CURVE('',#1143,#1141,#1403,.T.);
#908=EDGE_CURVE('',#1141,#1144,#1404,.T.);
#909=EDGE_CURVE('',#1143,#1145,#1405,.T.);
#910=EDGE_CURVE('',#1145,#1144,#1406,.T.);
#911=EDGE_CURVE('',#1144,#1146,#1407,.T.);
#912=EDGE_CURVE('',#1145,#1147,#1408,.T.);
#913=EDGE_CURVE('',#1147,#1146,#1409,.T.);
#914=EDGE_CURVE('',#1146,#1140,#1410,.T.);
#915=EDGE_CURVE('',#1147,#1142,#1411,.T.);
#916=EDGE_CURVE('',#1148,#1149,#1412,.T.);
#917=EDGE_CURVE('',#1150,#1148,#1413,.T.);
#918=EDGE_CURVE('',#1150,#1151,#1414,.T.);
#919=EDGE_CURVE('',#1151,#1149,#1415,.T.);
#920=EDGE_CURVE('',#1149,#1152,#1416,.T.);
#921=EDGE_CURVE('',#1151,#1153,#1417,.T.);
#922=EDGE_CURVE('',#1153,#1152,#1418,.T.);
#923=EDGE_CURVE('',#1152,#1154,#1419,.T.);
#924=EDGE_CURVE('',#1153,#1155,#1420,.T.);
#925=EDGE_CURVE('',#1155,#1154,#1421,.T.);
#926=EDGE_CURVE('',#1154,#1148,#1422,.T.);
#927=EDGE_CURVE('',#1155,#1150,#1423,.T.);
#928=EDGE_CURVE('',#1156,#1157,#1424,.T.);
#929=EDGE_CURVE('',#1158,#1156,#1425,.T.);
#930=EDGE_CURVE('',#1158,#1159,#1426,.T.);
#931=EDGE_CURVE('',#1159,#1157,#1427,.T.);
#932=EDGE_CURVE('',#1157,#1160,#1428,.T.);
#933=EDGE_CURVE('',#1159,#1161,#1429,.T.);
#934=EDGE_CURVE('',#1161,#1160,#1430,.T.);
#935=EDGE_CURVE('',#1160,#1162,#1431,.T.);
#936=EDGE_CURVE('',#1161,#1163,#1432,.T.);
#937=EDGE_CURVE('',#1163,#1162,#1433,.T.);
#938=EDGE_CURVE('',#1162,#1156,#1434,.T.);
#939=EDGE_CURVE('',#1163,#1158,#1435,.T.);
#940=EDGE_CURVE('',#1164,#1165,#1436,.T.);
#941=EDGE_CURVE('',#1166,#1164,#1437,.T.);
#942=EDGE_CURVE('',#1166,#1167,#1438,.T.);
#943=EDGE_CURVE('',#1167,#1165,#1439,.T.);
#944=EDGE_CURVE('',#1165,#1168,#1440,.T.);
#945=EDGE_CURVE('',#1167,#1169,#1441,.T.);
#946=EDGE_CURVE('',#1169,#1168,#1442,.T.);
#947=EDGE_CURVE('',#1168,#1170,#1443,.T.);
#948=EDGE_CURVE('',#1169,#1171,#1444,.T.);
#949=EDGE_CURVE('',#1171,#1170,#1445,.T.);
#950=EDGE_CURVE('',#1170,#1164,#1446,.T.);
#951=EDGE_CURVE('',#1171,#1166,#1447,.T.);
#952=EDGE_CURVE('',#1172,#1173,#1448,.T.);
#953=EDGE_CURVE('',#1174,#1172,#1449,.T.);
#954=EDGE_CURVE('',#1174,#1175,#1450,.T.);
#955=EDGE_CURVE('',#1175,#1173,#1451,.T.);
#956=EDGE_CURVE('',#1173,#1176,#1452,.T.);
#957=EDGE_CURVE('',#1175,#1177,#1453,.T.);
#958=EDGE_CURVE('',#1177,#1176,#1454,.T.);
#959=EDGE_CURVE('',#1176,#1178,#1455,.T.);
#960=EDGE_CURVE('',#1177,#1179,#1456,.T.);
#961=EDGE_CURVE('',#1179,#1178,#1457,.T.);
#962=EDGE_CURVE('',#1178,#1172,#1458,.T.);
#963=EDGE_CURVE('',#1179,#1174,#1459,.T.);
#964=EDGE_CURVE('',#1180,#1181,#1460,.T.);
#965=EDGE_CURVE('',#1182,#1180,#1461,.T.);
#966=EDGE_CURVE('',#1182,#1183,#1462,.T.);
#967=EDGE_CURVE('',#1183,#1181,#1463,.T.);
#968=EDGE_CURVE('',#1181,#1184,#1464,.T.);
#969=EDGE_CURVE('',#1183,#1185,#1465,.T.);
#970=EDGE_CURVE('',#1185,#1184,#1466,.T.);
#971=EDGE_CURVE('',#1184,#1186,#1467,.T.);
#972=EDGE_CURVE('',#1185,#1187,#1468,.T.);
#973=EDGE_CURVE('',#1187,#1186,#1469,.T.);
#974=EDGE_CURVE('',#1186,#1180,#1470,.T.);
#975=EDGE_CURVE('',#1187,#1182,#1471,.T.);
#976=EDGE_CURVE('',#1188,#1189,#1472,.T.);
#977=EDGE_CURVE('',#1190,#1188,#1473,.T.);
#978=EDGE_CURVE('',#1190,#1191,#1474,.T.);
#979=EDGE_CURVE('',#1191,#1189,#1475,.T.);
#980=EDGE_CURVE('',#1189,#1192,#1476,.T.);
#981=EDGE_CURVE('',#1191,#1193,#1477,.T.);
#982=EDGE_CURVE('',#1193,#1192,#1478,.T.);
#983=EDGE_CURVE('',#1192,#1194,#1479,.T.);
#984=EDGE_CURVE('',#1193,#1195,#1480,.T.);
#985=EDGE_CURVE('',#1195,#1194,#1481,.T.);
#986=EDGE_CURVE('',#1194,#1188,#1482,.T.);
#987=EDGE_CURVE('',#1195,#1190,#1483,.T.);
#988=EDGE_CURVE('',#1196,#1197,#1484,.T.);
#989=EDGE_CURVE('',#1198,#1196,#1485,.T.);
#990=EDGE_CURVE('',#1198,#1199,#1486,.T.);
#991=EDGE_CURVE('',#1199,#1197,#1487,.T.);
#992=EDGE_CURVE('',#1197,#1200,#1488,.T.);
#993=EDGE_CURVE('',#1199,#1201,#1489,.T.);
#994=EDGE_CURVE('',#1201,#1200,#1490,.T.);
#995=EDGE_CURVE('',#1200,#1202,#1491,.T.);
#996=EDGE_CURVE('',#1201,#1203,#1492,.T.);
#997=EDGE_CURVE('',#1203,#1202,#1493,.T.);
#998=EDGE_CURVE('',#1202,#1196,#1494,.T.);
#999=EDGE_CURVE('',#1203,#1198,#1495,.T.);
#1000=VERTEX_POINT('',#3364);
#1001=VERTEX_POINT('',#3365);
#1002=VERTEX_POINT('',#3367);
#1003=VERTEX_POINT('',#3369);
#1004=VERTEX_POINT('',#3371);
#1005=VERTEX_POINT('',#3373);
#1006=VERTEX_POINT('',#3375);
#1007=VERTEX_POINT('',#3377);
#1008=VERTEX_POINT('',#3379);
#1009=VERTEX_POINT('',#3381);
#1010=VERTEX_POINT('',#3383);
#1011=VERTEX_POINT('',#3385);
#1012=VERTEX_POINT('',#3388);
#1013=VERTEX_POINT('',#3390);
#1014=VERTEX_POINT('',#3392);
#1015=VERTEX_POINT('',#3394);
#1016=VERTEX_POINT('',#3396);
#1017=VERTEX_POINT('',#3397);
#1018=VERTEX_POINT('',#3399);
#1019=VERTEX_POINT('',#3401);
#1020=VERTEX_POINT('',#3405);
#1021=VERTEX_POINT('',#3406);
#1022=VERTEX_POINT('',#3408);
#1023=VERTEX_POINT('',#3410);
#1024=VERTEX_POINT('',#3413);
#1025=VERTEX_POINT('',#3415);
#1026=VERTEX_POINT('',#3418);
#1027=VERTEX_POINT('',#3420);
#1028=VERTEX_POINT('',#3423);
#1029=VERTEX_POINT('',#3425);
#1030=VERTEX_POINT('',#3428);
#1031=VERTEX_POINT('',#3429);
#1032=VERTEX_POINT('',#3431);
#1033=VERTEX_POINT('',#3433);
#1034=VERTEX_POINT('',#3437);
#1035=VERTEX_POINT('',#3438);
#1036=VERTEX_POINT('',#3447);
#1037=VERTEX_POINT('',#3449);
#1038=VERTEX_POINT('',#3451);
#1039=VERTEX_POINT('',#3453);
#1040=VERTEX_POINT('',#3460);
#1041=VERTEX_POINT('',#3464);
#1042=VERTEX_POINT('',#3471);
#1043=VERTEX_POINT('',#3475);
#1044=VERTEX_POINT('',#3482);
#1045=VERTEX_POINT('',#3484);
#1046=VERTEX_POINT('',#3488);
#1047=VERTEX_POINT('',#3492);
#1048=VERTEX_POINT('',#3499);
#1049=VERTEX_POINT('',#3501);
#1050=VERTEX_POINT('',#3505);
#1051=VERTEX_POINT('',#3509);
#1052=VERTEX_POINT('',#3516);
#1053=VERTEX_POINT('',#3517);
#1054=VERTEX_POINT('',#3519);
#1055=VERTEX_POINT('',#3521);
#1056=VERTEX_POINT('',#3523);
#1057=VERTEX_POINT('',#3525);
#1058=VERTEX_POINT('',#3530);
#1059=VERTEX_POINT('',#3534);
#1060=VERTEX_POINT('',#3545);
#1061=VERTEX_POINT('',#3546);
#1062=VERTEX_POINT('',#3548);
#1063=VERTEX_POINT('',#3550);
#1064=VERTEX_POINT('',#3554);
#1065=VERTEX_POINT('',#3556);
#1066=VERTEX_POINT('',#3560);
#1067=VERTEX_POINT('',#3562);
#1068=VERTEX_POINT('',#3571);
#1069=VERTEX_POINT('',#3572);
#1070=VERTEX_POINT('',#3574);
#1071=VERTEX_POINT('',#3576);
#1072=VERTEX_POINT('',#3580);
#1073=VERTEX_POINT('',#3582);
#1074=VERTEX_POINT('',#3586);
#1075=VERTEX_POINT('',#3588);
#1076=VERTEX_POINT('',#3597);
#1077=VERTEX_POINT('',#3598);
#1078=VERTEX_POINT('',#3600);
#1079=VERTEX_POINT('',#3602);
#1080=VERTEX_POINT('',#3606);
#1081=VERTEX_POINT('',#3608);
#1082=VERTEX_POINT('',#3612);
#1083=VERTEX_POINT('',#3614);
#1084=VERTEX_POINT('',#3623);
#1085=VERTEX_POINT('',#3624);
#1086=VERTEX_POINT('',#3626);
#1087=VERTEX_POINT('',#3628);
#1088=VERTEX_POINT('',#3632);
#1089=VERTEX_POINT('',#3634);
#1090=VERTEX_POINT('',#3638);
#1091=VERTEX_POINT('',#3640);
#1092=VERTEX_POINT('',#3649);
#1093=VERTEX_POINT('',#3650);
#1094=VERTEX_POINT('',#3652);
#1095=VERTEX_POINT('',#3654);
#1096=VERTEX_POINT('',#3658);
#1097=VERTEX_POINT('',#3660);
#1098=VERTEX_POINT('',#3664);
#1099=VERTEX_POINT('',#3666);
#1100=VERTEX_POINT('',#3675);
#1101=VERTEX_POINT('',#3676);
#1102=VERTEX_POINT('',#3678);
#1103=VERTEX_POINT('',#3680);
#1104=VERTEX_POINT('',#3684);
#1105=VERTEX_POINT('',#3686);
#1106=VERTEX_POINT('',#3690);
#1107=VERTEX_POINT('',#3692);
#1108=VERTEX_POINT('',#3701);
#1109=VERTEX_POINT('',#3702);
#1110=VERTEX_POINT('',#3704);
#1111=VERTEX_POINT('',#3706);
#1112=VERTEX_POINT('',#3710);
#1113=VERTEX_POINT('',#3712);
#1114=VERTEX_POINT('',#3716);
#1115=VERTEX_POINT('',#3718);
#1116=VERTEX_POINT('',#3727);
#1117=VERTEX_POINT('',#3728);
#1118=VERTEX_POINT('',#3730);
#1119=VERTEX_POINT('',#3732);
#1120=VERTEX_POINT('',#3736);
#1121=VERTEX_POINT('',#3738);
#1122=VERTEX_POINT('',#3742);
#1123=VERTEX_POINT('',#3744);
#1124=VERTEX_POINT('',#3753);
#1125=VERTEX_POINT('',#3754);
#1126=VERTEX_POINT('',#3756);
#1127=VERTEX_POINT('',#3758);
#1128=VERTEX_POINT('',#3762);
#1129=VERTEX_POINT('',#3764);
#1130=VERTEX_POINT('',#3768);
#1131=VERTEX_POINT('',#3770);
#1132=VERTEX_POINT('',#3779);
#1133=VERTEX_POINT('',#3780);
#1134=VERTEX_POINT('',#3782);
#1135=VERTEX_POINT('',#3784);
#1136=VERTEX_POINT('',#3788);
#1137=VERTEX_POINT('',#3790);
#1138=VERTEX_POINT('',#3794);
#1139=VERTEX_POINT('',#3796);
#1140=VERTEX_POINT('',#3805);
#1141=VERTEX_POINT('',#3806);
#1142=VERTEX_POINT('',#3808);
#1143=VERTEX_POINT('',#3810);
#1144=VERTEX_POINT('',#3814);
#1145=VERTEX_POINT('',#3816);
#1146=VERTEX_POINT('',#3820);
#1147=VERTEX_POINT('',#3822);
#1148=VERTEX_POINT('',#3831);
#1149=VERTEX_POINT('',#3832);
#1150=VERTEX_POINT('',#3834);
#1151=VERTEX_POINT('',#3836);
#1152=VERTEX_POINT('',#3840);
#1153=VERTEX_POINT('',#3842);
#1154=VERTEX_POINT('',#3846);
#1155=VERTEX_POINT('',#3848);
#1156=VERTEX_POINT('',#3857);
#1157=VERTEX_POINT('',#3858);
#1158=VERTEX_POINT('',#3860);
#1159=VERTEX_POINT('',#3862);
#1160=VERTEX_POINT('',#3866);
#1161=VERTEX_POINT('',#3868);
#1162=VERTEX_POINT('',#3872);
#1163=VERTEX_POINT('',#3874);
#1164=VERTEX_POINT('',#3883);
#1165=VERTEX_POINT('',#3884);
#1166=VERTEX_POINT('',#3886);
#1167=VERTEX_POINT('',#3888);
#1168=VERTEX_POINT('',#3892);
#1169=VERTEX_POINT('',#3894);
#1170=VERTEX_POINT('',#3898);
#1171=VERTEX_POINT('',#3900);
#1172=VERTEX_POINT('',#3909);
#1173=VERTEX_POINT('',#3910);
#1174=VERTEX_POINT('',#3912);
#1175=VERTEX_POINT('',#3914);
#1176=VERTEX_POINT('',#3918);
#1177=VERTEX_POINT('',#3920);
#1178=VERTEX_POINT('',#3924);
#1179=VERTEX_POINT('',#3926);
#1180=VERTEX_POINT('',#3935);
#1181=VERTEX_POINT('',#3936);
#1182=VERTEX_POINT('',#3938);
#1183=VERTEX_POINT('',#3940);
#1184=VERTEX_POINT('',#3944);
#1185=VERTEX_POINT('',#3946);
#1186=VERTEX_POINT('',#3950);
#1187=VERTEX_POINT('',#3952);
#1188=VERTEX_POINT('',#3961);
#1189=VERTEX_POINT('',#3962);
#1190=VERTEX_POINT('',#3964);
#1191=VERTEX_POINT('',#3966);
#1192=VERTEX_POINT('',#3970);
#1193=VERTEX_POINT('',#3972);
#1194=VERTEX_POINT('',#3976);
#1195=VERTEX_POINT('',#3978);
#1196=VERTEX_POINT('',#3987);
#1197=VERTEX_POINT('',#3988);
#1198=VERTEX_POINT('',#3990);
#1199=VERTEX_POINT('',#3992);
#1200=VERTEX_POINT('',#3996);
#1201=VERTEX_POINT('',#3998);
#1202=VERTEX_POINT('',#4002);
#1203=VERTEX_POINT('',#4004);
#1204=LINE('',#3363,#1496);
#1205=LINE('',#3366,#1497);
#1206=LINE('',#3368,#1498);
#1207=LINE('',#3370,#1499);
#1208=LINE('',#3372,#1500);
#1209=LINE('',#3374,#1501);
#1210=LINE('',#3376,#1502);
#1211=LINE('',#3378,#1503);
#1212=LINE('',#3380,#1504);
#1213=LINE('',#3382,#1505);
#1214=LINE('',#3384,#1506);
#1215=LINE('',#3386,#1507);
#1216=LINE('',#3395,#1508);
#1217=LINE('',#3398,#1509);
#1218=LINE('',#3400,#1510);
#1219=LINE('',#3402,#1511);
#1220=LINE('',#3404,#1512);
#1221=LINE('',#3407,#1513);
#1222=LINE('',#3409,#1514);
#1223=LINE('',#3411,#1515);
#1224=LINE('',#3412,#1516);
#1225=LINE('',#3414,#1517);
#1226=LINE('',#3416,#1518);
#1227=LINE('',#3417,#1519);
#1228=LINE('',#3419,#1520);
#1229=LINE('',#3421,#1521);
#1230=LINE('',#3422,#1522);
#1231=LINE('',#3424,#1523);
#1232=LINE('',#3426,#1524);
#1233=LINE('',#3427,#1525);
#1234=LINE('',#3430,#1526);
#1235=LINE('',#3432,#1527);
#1236=LINE('',#3434,#1528);
#1237=LINE('',#3436,#1529);
#1238=LINE('',#3439,#1530);
#1239=LINE('',#3440,#1531);
#1240=LINE('',#3442,#1532);
#1241=LINE('',#3444,#1533);
#1242=LINE('',#3459,#1534);
#1243=LINE('',#3461,#1535);
#1244=LINE('',#3463,#1536);
#1245=LINE('',#3465,#1537);
#1246=LINE('',#3467,#1538);
#1247=LINE('',#3470,#1539);
#1248=LINE('',#3472,#1540);
#1249=LINE('',#3474,#1541);
#1250=LINE('',#3476,#1542);
#1251=LINE('',#3478,#1543);
#1252=LINE('',#3481,#1544);
#1253=LINE('',#3483,#1545);
#1254=LINE('',#3485,#1546);
#1255=LINE('',#3487,#1547);
#1256=LINE('',#3489,#1548);
#1257=LINE('',#3491,#1549);
#1258=LINE('',#3493,#1550);
#1259=LINE('',#3495,#1551);
#1260=LINE('',#3498,#1552);
#1261=LINE('',#3500,#1553);
#1262=LINE('',#3502,#1554);
#1263=LINE('',#3504,#1555);
#1264=LINE('',#3506,#1556);
#1265=LINE('',#3508,#1557);
#1266=LINE('',#3510,#1558);
#1267=LINE('',#3512,#1559);
#1268=LINE('',#3515,#1560);
#1269=LINE('',#3518,#1561);
#1270=LINE('',#3520,#1562);
#1271=LINE('',#3522,#1563);
#1272=LINE('',#3524,#1564);
#1273=LINE('',#3526,#1565);
#1274=LINE('',#3527,#1566);
#1275=LINE('',#3529,#1567);
#1276=LINE('',#3531,#1568);
#1277=LINE('',#3533,#1569);
#1278=LINE('',#3535,#1570);
#1279=LINE('',#3537,#1571);
#1280=LINE('',#3544,#1572);
#1281=LINE('',#3547,#1573);
#1282=LINE('',#3549,#1574);
#1283=LINE('',#3551,#1575);
#1284=LINE('',#3553,#1576);
#1285=LINE('',#3555,#1577);
#1286=LINE('',#3557,#1578);
#1287=LINE('',#3559,#1579);
#1288=LINE('',#3561,#1580);
#1289=LINE('',#3563,#1581);
#1290=LINE('',#3565,#1582);
#1291=LINE('',#3566,#1583);
#1292=LINE('',#3570,#1584);
#1293=LINE('',#3573,#1585);
#1294=LINE('',#3575,#1586);
#1295=LINE('',#3577,#1587);
#1296=LINE('',#3579,#1588);
#1297=LINE('',#3581,#1589);
#1298=LINE('',#3583,#1590);
#1299=LINE('',#3585,#1591);
#1300=LINE('',#3587,#1592);
#1301=LINE('',#3589,#1593);
#1302=LINE('',#3591,#1594);
#1303=LINE('',#3592,#1595);
#1304=LINE('',#3596,#1596);
#1305=LINE('',#3599,#1597);
#1306=LINE('',#3601,#1598);
#1307=LINE('',#3603,#1599);
#1308=LINE('',#3605,#1600);
#1309=LINE('',#3607,#1601);
#1310=LINE('',#3609,#1602);
#1311=LINE('',#3611,#1603);
#1312=LINE('',#3613,#1604);
#1313=LINE('',#3615,#1605);
#1314=LINE('',#3617,#1606);
#1315=LINE('',#3618,#1607);
#1316=LINE('',#3622,#1608);
#1317=LINE('',#3625,#1609);
#1318=LINE('',#3627,#1610);
#1319=LINE('',#3629,#1611);
#1320=LINE('',#3631,#1612);
#1321=LINE('',#3633,#1613);
#1322=LINE('',#3635,#1614);
#1323=LINE('',#3637,#1615);
#1324=LINE('',#3639,#1616);
#1325=LINE('',#3641,#1617);
#1326=LINE('',#3643,#1618);
#1327=LINE('',#3644,#1619);
#1328=LINE('',#3648,#1620);
#1329=LINE('',#3651,#1621);
#1330=LINE('',#3653,#1622);
#1331=LINE('',#3655,#1623);
#1332=LINE('',#3657,#1624);
#1333=LINE('',#3659,#1625);
#1334=LINE('',#3661,#1626);
#1335=LINE('',#3663,#1627);
#1336=LINE('',#3665,#1628);
#1337=LINE('',#3667,#1629);
#1338=LINE('',#3669,#1630);
#1339=LINE('',#3670,#1631);
#1340=LINE('',#3674,#1632);
#1341=LINE('',#3677,#1633);
#1342=LINE('',#3679,#1634);
#1343=LINE('',#3681,#1635);
#1344=LINE('',#3683,#1636);
#1345=LINE('',#3685,#1637);
#1346=LINE('',#3687,#1638);
#1347=LINE('',#3689,#1639);
#1348=LINE('',#3691,#1640);
#1349=LINE('',#3693,#1641);
#1350=LINE('',#3695,#1642);
#1351=LINE('',#3696,#1643);
#1352=LINE('',#3700,#1644);
#1353=LINE('',#3703,#1645);
#1354=LINE('',#3705,#1646);
#1355=LINE('',#3707,#1647);
#1356=LINE('',#3709,#1648);
#1357=LINE('',#3711,#1649);
#1358=LINE('',#3713,#1650);
#1359=LINE('',#3715,#1651);
#1360=LINE('',#3717,#1652);
#1361=LINE('',#3719,#1653);
#1362=LINE('',#3721,#1654);
#1363=LINE('',#3722,#1655);
#1364=LINE('',#3726,#1656);
#1365=LINE('',#3729,#1657);
#1366=LINE('',#3731,#1658);
#1367=LINE('',#3733,#1659);
#1368=LINE('',#3735,#1660);
#1369=LINE('',#3737,#1661);
#1370=LINE('',#3739,#1662);
#1371=LINE('',#3741,#1663);
#1372=LINE('',#3743,#1664);
#1373=LINE('',#3745,#1665);
#1374=LINE('',#3747,#1666);
#1375=LINE('',#3748,#1667);
#1376=LINE('',#3752,#1668);
#1377=LINE('',#3755,#1669);
#1378=LINE('',#3757,#1670);
#1379=LINE('',#3759,#1671);
#1380=LINE('',#3761,#1672);
#1381=LINE('',#3763,#1673);
#1382=LINE('',#3765,#1674);
#1383=LINE('',#3767,#1675);
#1384=LINE('',#3769,#1676);
#1385=LINE('',#3771,#1677);
#1386=LINE('',#3773,#1678);
#1387=LINE('',#3774,#1679);
#1388=LINE('',#3778,#1680);
#1389=LINE('',#3781,#1681);
#1390=LINE('',#3783,#1682);
#1391=LINE('',#3785,#1683);
#1392=LINE('',#3787,#1684);
#1393=LINE('',#3789,#1685);
#1394=LINE('',#3791,#1686);
#1395=LINE('',#3793,#1687);
#1396=LINE('',#3795,#1688);
#1397=LINE('',#3797,#1689);
#1398=LINE('',#3799,#1690);
#1399=LINE('',#3800,#1691);
#1400=LINE('',#3804,#1692);
#1401=LINE('',#3807,#1693);
#1402=LINE('',#3809,#1694);
#1403=LINE('',#3811,#1695);
#1404=LINE('',#3813,#1696);
#1405=LINE('',#3815,#1697);
#1406=LINE('',#3817,#1698);
#1407=LINE('',#3819,#1699);
#1408=LINE('',#3821,#1700);
#1409=LINE('',#3823,#1701);
#1410=LINE('',#3825,#1702);
#1411=LINE('',#3826,#1703);
#1412=LINE('',#3830,#1704);
#1413=LINE('',#3833,#1705);
#1414=LINE('',#3835,#1706);
#1415=LINE('',#3837,#1707);
#1416=LINE('',#3839,#1708);
#1417=LINE('',#3841,#1709);
#1418=LINE('',#3843,#1710);
#1419=LINE('',#3845,#1711);
#1420=LINE('',#3847,#1712);
#1421=LINE('',#3849,#1713);
#1422=LINE('',#3851,#1714);
#1423=LINE('',#3852,#1715);
#1424=LINE('',#3856,#1716);
#1425=LINE('',#3859,#1717);
#1426=LINE('',#3861,#1718);
#1427=LINE('',#3863,#1719);
#1428=LINE('',#3865,#1720);
#1429=LINE('',#3867,#1721);
#1430=LINE('',#3869,#1722);
#1431=LINE('',#3871,#1723);
#1432=LINE('',#3873,#1724);
#1433=LINE('',#3875,#1725);
#1434=LINE('',#3877,#1726);
#1435=LINE('',#3878,#1727);
#1436=LINE('',#3882,#1728);
#1437=LINE('',#3885,#1729);
#1438=LINE('',#3887,#1730);
#1439=LINE('',#3889,#1731);
#1440=LINE('',#3891,#1732);
#1441=LINE('',#3893,#1733);
#1442=LINE('',#3895,#1734);
#1443=LINE('',#3897,#1735);
#1444=LINE('',#3899,#1736);
#1445=LINE('',#3901,#1737);
#1446=LINE('',#3903,#1738);
#1447=LINE('',#3904,#1739);
#1448=LINE('',#3908,#1740);
#1449=LINE('',#3911,#1741);
#1450=LINE('',#3913,#1742);
#1451=LINE('',#3915,#1743);
#1452=LINE('',#3917,#1744);
#1453=LINE('',#3919,#1745);
#1454=LINE('',#3921,#1746);
#1455=LINE('',#3923,#1747);
#1456=LINE('',#3925,#1748);
#1457=LINE('',#3927,#1749);
#1458=LINE('',#3929,#1750);
#1459=LINE('',#3930,#1751);
#1460=LINE('',#3934,#1752);
#1461=LINE('',#3937,#1753);
#1462=LINE('',#3939,#1754);
#1463=LINE('',#3941,#1755);
#1464=LINE('',#3943,#1756);
#1465=LINE('',#3945,#1757);
#1466=LINE('',#3947,#1758);
#1467=LINE('',#3949,#1759);
#1468=LINE('',#3951,#1760);
#1469=LINE('',#3953,#1761);
#1470=LINE('',#3955,#1762);
#1471=LINE('',#3956,#1763);
#1472=LINE('',#3960,#1764);
#1473=LINE('',#3963,#1765);
#1474=LINE('',#3965,#1766);
#1475=LINE('',#3967,#1767);
#1476=LINE('',#3969,#1768);
#1477=LINE('',#3971,#1769);
#1478=LINE('',#3973,#1770);
#1479=LINE('',#3975,#1771);
#1480=LINE('',#3977,#1772);
#1481=LINE('',#3979,#1773);
#1482=LINE('',#3981,#1774);
#1483=LINE('',#3982,#1775);
#1484=LINE('',#3986,#1776);
#1485=LINE('',#3989,#1777);
#1486=LINE('',#3991,#1778);
#1487=LINE('',#3993,#1779);
#1488=LINE('',#3995,#1780);
#1489=LINE('',#3997,#1781);
#1490=LINE('',#3999,#1782);
#1491=LINE('',#4001,#1783);
#1492=LINE('',#4003,#1784);
#1493=LINE('',#4005,#1785);
#1494=LINE('',#4007,#1786);
#1495=LINE('',#4008,#1787);
#1496=VECTOR('',#2733,1000.);
#1497=VECTOR('',#2734,1000.);
#1498=VECTOR('',#2735,1000.);
#1499=VECTOR('',#2736,1000.);
#1500=VECTOR('',#2737,1000.);
#1501=VECTOR('',#2738,1000.);
#1502=VECTOR('',#2739,1000.);
#1503=VECTOR('',#2740,1000.);
#1504=VECTOR('',#2741,1000.);
#1505=VECTOR('',#2742,1000.);
#1506=VECTOR('',#2743,1000.);
#1507=VECTOR('',#2744,1000.);
#1508=VECTOR('',#2753,1000.);
#1509=VECTOR('',#2754,1000.);
#1510=VECTOR('',#2755,1000.);
#1511=VECTOR('',#2756,1000.);
#1512=VECTOR('',#2759,1000.);
#1513=VECTOR('',#2760,1000.);
#1514=VECTOR('',#2761,1000.);
#1515=VECTOR('',#2762,1000.);
#1516=VECTOR('',#2763,1000.);
#1517=VECTOR('',#2764,1000.);
#1518=VECTOR('',#2765,1000.);
#1519=VECTOR('',#2766,1000.);
#1520=VECTOR('',#2767,1000.);
#1521=VECTOR('',#2768,1000.);
#1522=VECTOR('',#2769,1000.);
#1523=VECTOR('',#2770,1000.);
#1524=VECTOR('',#2771,1000.);
#1525=VECTOR('',#2772,1000.);
#1526=VECTOR('',#2773,1000.);
#1527=VECTOR('',#2774,1000.);
#1528=VECTOR('',#2775,1000.);
#1529=VECTOR('',#2778,1000.);
#1530=VECTOR('',#2779,1000.);
#1531=VECTOR('',#2780,1000.);
#1532=VECTOR('',#2783,1000.);
#1533=VECTOR('',#2786,1000.);
#1534=VECTOR('',#2807,1000.);
#1535=VECTOR('',#2808,1000.);
#1536=VECTOR('',#2811,1000.);
#1537=VECTOR('',#2812,1000.);
#1538=VECTOR('',#2815,1000.);
#1539=VECTOR('',#2820,1000.);
#1540=VECTOR('',#2821,1000.);
#1541=VECTOR('',#2824,1000.);
#1542=VECTOR('',#2825,1000.);
#1543=VECTOR('',#2828,1000.);
#1544=VECTOR('',#2833,1000.);
#1545=VECTOR('',#2834,1000.);
#1546=VECTOR('',#2835,1000.);
#1547=VECTOR('',#2838,1000.);
#1548=VECTOR('',#2839,1000.);
#1549=VECTOR('',#2842,1000.);
#1550=VECTOR('',#2843,1000.);
#1551=VECTOR('',#2846,1000.);
#1552=VECTOR('',#2851,1000.);
#1553=VECTOR('',#2852,1000.);
#1554=VECTOR('',#2853,1000.);
#1555=VECTOR('',#2856,1000.);
#1556=VECTOR('',#2857,1000.);
#1557=VECTOR('',#2860,1000.);
#1558=VECTOR('',#2861,1000.);
#1559=VECTOR('',#2864,1000.);
#1560=VECTOR('',#2869,1000.);
#1561=VECTOR('',#2870,1000.);
#1562=VECTOR('',#2871,1000.);
#1563=VECTOR('',#2872,1000.);
#1564=VECTOR('',#2873,1000.);
#1565=VECTOR('',#2874,1000.);
#1566=VECTOR('',#2875,1000.);
#1567=VECTOR('',#2878,1000.);
#1568=VECTOR('',#2879,1000.);
#1569=VECTOR('',#2882,1000.);
#1570=VECTOR('',#2883,1000.);
#1571=VECTOR('',#2886,1000.);
#1572=VECTOR('',#2899,1000.);
#1573=VECTOR('',#2900,1000.);
#1574=VECTOR('',#2901,1000.);
#1575=VECTOR('',#2902,1000.);
#1576=VECTOR('',#2905,1000.);
#1577=VECTOR('',#2906,1000.);
#1578=VECTOR('',#2907,1000.);
#1579=VECTOR('',#2910,1000.);
#1580=VECTOR('',#2911,1000.);
#1581=VECTOR('',#2912,1000.);
#1582=VECTOR('',#2915,1000.);
#1583=VECTOR('',#2916,1000.);
#1584=VECTOR('',#2923,1000.);
#1585=VECTOR('',#2924,1000.);
#1586=VECTOR('',#2925,1000.);
#1587=VECTOR('',#2926,1000.);
#1588=VECTOR('',#2929,1000.);
#1589=VECTOR('',#2930,1000.);
#1590=VECTOR('',#2931,1000.);
#1591=VECTOR('',#2934,1000.);
#1592=VECTOR('',#2935,1000.);
#1593=VECTOR('',#2936,1000.);
#1594=VECTOR('',#2939,1000.);
#1595=VECTOR('',#2940,1000.);
#1596=VECTOR('',#2947,1000.);
#1597=VECTOR('',#2948,1000.);
#1598=VECTOR('',#2949,1000.);
#1599=VECTOR('',#2950,1000.);
#1600=VECTOR('',#2953,1000.);
#1601=VECTOR('',#2954,1000.);
#1602=VECTOR('',#2955,1000.);
#1603=VECTOR('',#2958,1000.);
#1604=VECTOR('',#2959,1000.);
#1605=VECTOR('',#2960,1000.);
#1606=VECTOR('',#2963,1000.);
#1607=VECTOR('',#2964,1000.);
#1608=VECTOR('',#2971,1000.);
#1609=VECTOR('',#2972,1000.);
#1610=VECTOR('',#2973,1000.);
#1611=VECTOR('',#2974,1000.);
#1612=VECTOR('',#2977,1000.);
#1613=VECTOR('',#2978,1000.);
#1614=VECTOR('',#2979,1000.);
#1615=VECTOR('',#2982,1000.);
#1616=VECTOR('',#2983,1000.);
#1617=VECTOR('',#2984,1000.);
#1618=VECTOR('',#2987,1000.);
#1619=VECTOR('',#2988,1000.);
#1620=VECTOR('',#2995,1000.);
#1621=VECTOR('',#2996,1000.);
#1622=VECTOR('',#2997,1000.);
#1623=VECTOR('',#2998,1000.);
#1624=VECTOR('',#3001,1000.);
#1625=VECTOR('',#3002,1000.);
#1626=VECTOR('',#3003,1000.);
#1627=VECTOR('',#3006,1000.);
#1628=VECTOR('',#3007,1000.);
#1629=VECTOR('',#3008,1000.);
#1630=VECTOR('',#3011,1000.);
#1631=VECTOR('',#3012,1000.);
#1632=VECTOR('',#3019,1000.);
#1633=VECTOR('',#3020,1000.);
#1634=VECTOR('',#3021,1000.);
#1635=VECTOR('',#3022,1000.);
#1636=VECTOR('',#3025,1000.);
#1637=VECTOR('',#3026,1000.);
#1638=VECTOR('',#3027,1000.);
#1639=VECTOR('',#3030,1000.);
#1640=VECTOR('',#3031,1000.);
#1641=VECTOR('',#3032,1000.);
#1642=VECTOR('',#3035,1000.);
#1643=VECTOR('',#3036,1000.);
#1644=VECTOR('',#3043,1000.);
#1645=VECTOR('',#3044,1000.);
#1646=VECTOR('',#3045,1000.);
#1647=VECTOR('',#3046,1000.);
#1648=VECTOR('',#3049,1000.);
#1649=VECTOR('',#3050,1000.);
#1650=VECTOR('',#3051,1000.);
#1651=VECTOR('',#3054,1000.);
#1652=VECTOR('',#3055,1000.);
#1653=VECTOR('',#3056,1000.);
#1654=VECTOR('',#3059,1000.);
#1655=VECTOR('',#3060,1000.);
#1656=VECTOR('',#3067,1000.);
#1657=VECTOR('',#3068,1000.);
#1658=VECTOR('',#3069,1000.);
#1659=VECTOR('',#3070,1000.);
#1660=VECTOR('',#3073,1000.);
#1661=VECTOR('',#3074,1000.);
#1662=VECTOR('',#3075,1000.);
#1663=VECTOR('',#3078,1000.);
#1664=VECTOR('',#3079,1000.);
#1665=VECTOR('',#3080,1000.);
#1666=VECTOR('',#3083,1000.);
#1667=VECTOR('',#3084,1000.);
#1668=VECTOR('',#3091,1000.);
#1669=VECTOR('',#3092,1000.);
#1670=VECTOR('',#3093,1000.);
#1671=VECTOR('',#3094,1000.);
#1672=VECTOR('',#3097,1000.);
#1673=VECTOR('',#3098,1000.);
#1674=VECTOR('',#3099,1000.);
#1675=VECTOR('',#3102,1000.);
#1676=VECTOR('',#3103,1000.);
#1677=VECTOR('',#3104,1000.);
#1678=VECTOR('',#3107,1000.);
#1679=VECTOR('',#3108,1000.);
#1680=VECTOR('',#3115,1000.);
#1681=VECTOR('',#3116,1000.);
#1682=VECTOR('',#3117,1000.);
#1683=VECTOR('',#3118,1000.);
#1684=VECTOR('',#3121,1000.);
#1685=VECTOR('',#3122,1000.);
#1686=VECTOR('',#3123,1000.);
#1687=VECTOR('',#3126,1000.);
#1688=VECTOR('',#3127,1000.);
#1689=VECTOR('',#3128,1000.);
#1690=VECTOR('',#3131,1000.);
#1691=VECTOR('',#3132,1000.);
#1692=VECTOR('',#3139,1000.);
#1693=VECTOR('',#3140,1000.);
#1694=VECTOR('',#3141,1000.);
#1695=VECTOR('',#3142,1000.);
#1696=VECTOR('',#3145,1000.);
#1697=VECTOR('',#3146,1000.);
#1698=VECTOR('',#3147,1000.);
#1699=VECTOR('',#3150,1000.);
#1700=VECTOR('',#3151,1000.);
#1701=VECTOR('',#3152,1000.);
#1702=VECTOR('',#3155,1000.);
#1703=VECTOR('',#3156,1000.);
#1704=VECTOR('',#3163,1000.);
#1705=VECTOR('',#3164,1000.);
#1706=VECTOR('',#3165,1000.);
#1707=VECTOR('',#3166,1000.);
#1708=VECTOR('',#3169,1000.);
#1709=VECTOR('',#3170,1000.);
#1710=VECTOR('',#3171,1000.);
#1711=VECTOR('',#3174,1000.);
#1712=VECTOR('',#3175,1000.);
#1713=VECTOR('',#3176,1000.);
#1714=VECTOR('',#3179,1000.);
#1715=VECTOR('',#3180,1000.);
#1716=VECTOR('',#3187,1000.);
#1717=VECTOR('',#3188,1000.);
#1718=VECTOR('',#3189,1000.);
#1719=VECTOR('',#3190,1000.);
#1720=VECTOR('',#3193,1000.);
#1721=VECTOR('',#3194,1000.);
#1722=VECTOR('',#3195,1000.);
#1723=VECTOR('',#3198,1000.);
#1724=VECTOR('',#3199,1000.);
#1725=VECTOR('',#3200,1000.);
#1726=VECTOR('',#3203,1000.);
#1727=VECTOR('',#3204,1000.);
#1728=VECTOR('',#3211,1000.);
#1729=VECTOR('',#3212,1000.);
#1730=VECTOR('',#3213,1000.);
#1731=VECTOR('',#3214,1000.);
#1732=VECTOR('',#3217,1000.);
#1733=VECTOR('',#3218,1000.);
#1734=VECTOR('',#3219,1000.);
#1735=VECTOR('',#3222,1000.);
#1736=VECTOR('',#3223,1000.);
#1737=VECTOR('',#3224,1000.);
#1738=VECTOR('',#3227,1000.);
#1739=VECTOR('',#3228,1000.);
#1740=VECTOR('',#3235,1000.);
#1741=VECTOR('',#3236,1000.);
#1742=VECTOR('',#3237,1000.);
#1743=VECTOR('',#3238,1000.);
#1744=VECTOR('',#3241,1000.);
#1745=VECTOR('',#3242,1000.);
#1746=VECTOR('',#3243,1000.);
#1747=VECTOR('',#3246,1000.);
#1748=VECTOR('',#3247,1000.);
#1749=VECTOR('',#3248,1000.);
#1750=VECTOR('',#3251,1000.);
#1751=VECTOR('',#3252,1000.);
#1752=VECTOR('',#3259,1000.);
#1753=VECTOR('',#3260,1000.);
#1754=VECTOR('',#3261,1000.);
#1755=VECTOR('',#3262,1000.);
#1756=VECTOR('',#3265,1000.);
#1757=VECTOR('',#3266,1000.);
#1758=VECTOR('',#3267,1000.);
#1759=VECTOR('',#3270,1000.);
#1760=VECTOR('',#3271,1000.);
#1761=VECTOR('',#3272,1000.);
#1762=VECTOR('',#3275,1000.);
#1763=VECTOR('',#3276,1000.);
#1764=VECTOR('',#3283,1000.);
#1765=VECTOR('',#3284,1000.);
#1766=VECTOR('',#3285,1000.);
#1767=VECTOR('',#3286,1000.);
#1768=VECTOR('',#3289,1000.);
#1769=VECTOR('',#3290,1000.);
#1770=VECTOR('',#3291,1000.);
#1771=VECTOR('',#3294,1000.);
#1772=VECTOR('',#3295,1000.);
#1773=VECTOR('',#3296,1000.);
#1774=VECTOR('',#3299,1000.);
#1775=VECTOR('',#3300,1000.);
#1776=VECTOR('',#3307,1000.);
#1777=VECTOR('',#3308,1000.);
#1778=VECTOR('',#3309,1000.);
#1779=VECTOR('',#3310,1000.);
#1780=VECTOR('',#3313,1000.);
#1781=VECTOR('',#3314,1000.);
#1782=VECTOR('',#3315,1000.);
#1783=VECTOR('',#3318,1000.);
#1784=VECTOR('',#3319,1000.);
#1785=VECTOR('',#3320,1000.);
#1786=VECTOR('',#3323,1000.);
#1787=VECTOR('',#3324,1000.);
#1788=EDGE_LOOP('',(#94,#95,#96,#97,#98,#99,#100,#101,#102,#103,#104,#105));
#1789=EDGE_LOOP('',(#106));
#1790=EDGE_LOOP('',(#107));
#1791=EDGE_LOOP('',(#108));
#1792=EDGE_LOOP('',(#109));
#1793=EDGE_LOOP('',(#110,#111,#112,#113));
#1794=EDGE_LOOP('',(#114,#115,#116,#117));
#1795=EDGE_LOOP('',(#118,#119,#120,#121,#122,#123,#124,#125,#126,#127,#128,
#129));
#1796=EDGE_LOOP('',(#130,#131,#132,#133));
#1797=EDGE_LOOP('',(#134,#135,#136,#137));
#1798=EDGE_LOOP('',(#138,#139,#140,#141));
#1799=EDGE_LOOP('',(#142,#143,#144,#145));
#1800=EDGE_LOOP('',(#146,#147,#148,#149));
#1801=EDGE_LOOP('',(#150));
#1802=EDGE_LOOP('',(#151));
#1803=EDGE_LOOP('',(#152));
#1804=EDGE_LOOP('',(#153));
#1805=EDGE_LOOP('',(#154));
#1806=EDGE_LOOP('',(#155));
#1807=EDGE_LOOP('',(#156));
#1808=EDGE_LOOP('',(#157));
#1809=EDGE_LOOP('',(#158));
#1810=EDGE_LOOP('',(#159));
#1811=EDGE_LOOP('',(#160));
#1812=EDGE_LOOP('',(#161));
#1813=EDGE_LOOP('',(#162,#163,#164,#165));
#1814=EDGE_LOOP('',(#166,#167,#168,#169));
#1815=EDGE_LOOP('',(#170,#171,#172,#173));
#1816=EDGE_LOOP('',(#174,#175,#176,#177));
#1817=EDGE_LOOP('',(#178,#179,#180,#181));
#1818=EDGE_LOOP('',(#182,#183,#184,#185));
#1819=EDGE_LOOP('',(#186,#187,#188,#189));
#1820=EDGE_LOOP('',(#190,#191,#192,#193));
#1821=EDGE_LOOP('',(#194,#195,#196,#197));
#1822=EDGE_LOOP('',(#198,#199,#200,#201));
#1823=EDGE_LOOP('',(#202,#203,#204,#205));
#1824=EDGE_LOOP('',(#206,#207,#208,#209));
#1825=EDGE_LOOP('',(#210,#211,#212,#213));
#1826=EDGE_LOOP('',(#214,#215,#216,#217));
#1827=EDGE_LOOP('',(#218,#219,#220,#221));
#1828=EDGE_LOOP('',(#222,#223,#224,#225));
#1829=EDGE_LOOP('',(#226,#227,#228,#229));
#1830=EDGE_LOOP('',(#230,#231,#232,#233));
#1831=EDGE_LOOP('',(#234,#235,#236,#237,#238,#239,#240,#241));
#1832=EDGE_LOOP('',(#242,#243,#244,#245));
#1833=EDGE_LOOP('',(#246,#247,#248,#249));
#1834=EDGE_LOOP('',(#250,#251,#252,#253));
#1835=EDGE_LOOP('',(#254,#255,#256,#257,#258,#259));
#1836=EDGE_LOOP('',(#260,#261));
#1837=EDGE_LOOP('',(#262,#263,#264,#265));
#1838=EDGE_LOOP('',(#266,#267,#268,#269));
#1839=EDGE_LOOP('',(#270,#271,#272,#273));
#1840=EDGE_LOOP('',(#274,#275,#276,#277));
#1841=EDGE_LOOP('',(#278,#279,#280,#281));
#1842=EDGE_LOOP('',(#282,#283,#284,#285));
#1843=EDGE_LOOP('',(#286,#287,#288,#289));
#1844=EDGE_LOOP('',(#290,#291,#292,#293));
#1845=EDGE_LOOP('',(#294,#295,#296,#297));
#1846=EDGE_LOOP('',(#298,#299,#300,#301));
#1847=EDGE_LOOP('',(#302,#303,#304,#305));
#1848=EDGE_LOOP('',(#306,#307,#308,#309));
#1849=EDGE_LOOP('',(#310,#311,#312,#313));
#1850=EDGE_LOOP('',(#314,#315,#316,#317));
#1851=EDGE_LOOP('',(#318,#319,#320,#321));
#1852=EDGE_LOOP('',(#322,#323,#324,#325));
#1853=EDGE_LOOP('',(#326,#327,#328,#329));
#1854=EDGE_LOOP('',(#330,#331,#332,#333));
#1855=EDGE_LOOP('',(#334,#335,#336,#337));
#1856=EDGE_LOOP('',(#338,#339,#340,#341));
#1857=EDGE_LOOP('',(#342,#343,#344,#345));
#1858=EDGE_LOOP('',(#346,#347,#348,#349));
#1859=EDGE_LOOP('',(#350,#351,#352,#353));
#1860=EDGE_LOOP('',(#354,#355,#356,#357));
#1861=EDGE_LOOP('',(#358,#359,#360,#361));
#1862=EDGE_LOOP('',(#362,#363,#364,#365));
#1863=EDGE_LOOP('',(#366,#367,#368,#369));
#1864=EDGE_LOOP('',(#370,#371,#372,#373));
#1865=EDGE_LOOP('',(#374,#375,#376,#377));
#1866=EDGE_LOOP('',(#378,#379,#380,#381));
#1867=EDGE_LOOP('',(#382,#383,#384,#385));
#1868=EDGE_LOOP('',(#386,#387,#388,#389));
#1869=EDGE_LOOP('',(#390,#391,#392,#393));
#1870=EDGE_LOOP('',(#394,#395,#396,#397));
#1871=EDGE_LOOP('',(#398,#399,#400,#401));
#1872=EDGE_LOOP('',(#402,#403,#404,#405));
#1873=EDGE_LOOP('',(#406,#407,#408,#409));
#1874=EDGE_LOOP('',(#410,#411,#412,#413));
#1875=EDGE_LOOP('',(#414,#415,#416,#417));
#1876=EDGE_LOOP('',(#418,#419,#420,#421));
#1877=EDGE_LOOP('',(#422,#423,#424,#425));
#1878=EDGE_LOOP('',(#426,#427,#428,#429));
#1879=EDGE_LOOP('',(#430,#431,#432,#433));
#1880=EDGE_LOOP('',(#434,#435,#436,#437));
#1881=EDGE_LOOP('',(#438,#439,#440,#441));
#1882=EDGE_LOOP('',(#442,#443,#444,#445));
#1883=EDGE_LOOP('',(#446,#447,#448,#449));
#1884=EDGE_LOOP('',(#450,#451,#452,#453));
#1885=EDGE_LOOP('',(#454,#455,#456,#457));
#1886=EDGE_LOOP('',(#458,#459,#460,#461));
#1887=EDGE_LOOP('',(#462,#463,#464,#465));
#1888=EDGE_LOOP('',(#466,#467,#468,#469));
#1889=EDGE_LOOP('',(#470,#471,#472,#473));
#1890=EDGE_LOOP('',(#474,#475,#476,#477));
#1891=EDGE_LOOP('',(#478,#479,#480,#481));
#1892=EDGE_LOOP('',(#482,#483,#484,#485));
#1893=EDGE_LOOP('',(#486,#487,#488,#489));
#1894=EDGE_LOOP('',(#490,#491,#492,#493));
#1895=EDGE_LOOP('',(#494,#495,#496,#497));
#1896=EDGE_LOOP('',(#498,#499,#500,#501));
#1897=EDGE_LOOP('',(#502,#503,#504,#505));
#1898=EDGE_LOOP('',(#506,#507,#508,#509));
#1899=EDGE_LOOP('',(#510,#511,#512,#513));
#1900=EDGE_LOOP('',(#514,#515,#516,#517));
#1901=EDGE_LOOP('',(#518,#519,#520,#521));
#1902=EDGE_LOOP('',(#522,#523,#524,#525));
#1903=EDGE_LOOP('',(#526,#527,#528,#529));
#1904=EDGE_LOOP('',(#530,#531,#532,#533));
#1905=EDGE_LOOP('',(#534,#535,#536,#537));
#1906=EDGE_LOOP('',(#538,#539,#540,#541));
#1907=EDGE_LOOP('',(#542,#543,#544,#545));
#1908=EDGE_LOOP('',(#546,#547,#548,#549));
#1909=EDGE_LOOP('',(#550,#551,#552,#553));
#1910=EDGE_LOOP('',(#554,#555,#556,#557));
#1911=EDGE_LOOP('',(#558,#559,#560,#561));
#1912=EDGE_LOOP('',(#562,#563,#564,#565));
#1913=EDGE_LOOP('',(#566,#567,#568,#569));
#1914=EDGE_LOOP('',(#570,#571,#572,#573));
#1915=EDGE_LOOP('',(#574,#575,#576,#577));
#1916=EDGE_LOOP('',(#578,#579,#580,#581));
#1917=EDGE_LOOP('',(#582,#583,#584,#585));
#1918=EDGE_LOOP('',(#586,#587,#588,#589));
#1919=EDGE_LOOP('',(#590,#591,#592,#593));
#1920=EDGE_LOOP('',(#594,#595,#596,#597));
#1921=EDGE_LOOP('',(#598,#599,#600,#601));
#1922=EDGE_LOOP('',(#602,#603,#604,#605));
#1923=EDGE_LOOP('',(#606,#607,#608,#609));
#1924=EDGE_LOOP('',(#610,#611,#612,#613));
#1925=EDGE_LOOP('',(#614,#615,#616,#617));
#1926=EDGE_LOOP('',(#618,#619,#620,#621));
#1927=EDGE_LOOP('',(#622,#623,#624,#625));
#1928=EDGE_LOOP('',(#626,#627,#628,#629));
#1929=EDGE_LOOP('',(#630,#631,#632,#633));
#1930=EDGE_LOOP('',(#634,#635,#636,#637));
#1931=EDGE_LOOP('',(#638,#639,#640,#641));
#1932=EDGE_LOOP('',(#642,#643,#644,#645));
#1933=EDGE_LOOP('',(#646,#647,#648,#649));
#1934=EDGE_LOOP('',(#650,#651,#652,#653));
#1935=EDGE_LOOP('',(#654,#655,#656,#657));
#1936=EDGE_LOOP('',(#658,#659,#660,#661));
#1937=EDGE_LOOP('',(#662,#663,#664,#665));
#1938=EDGE_LOOP('',(#666,#667,#668,#669));
#1939=EDGE_LOOP('',(#670,#671,#672,#673));
#1940=EDGE_LOOP('',(#674,#675,#676,#677));
#1941=EDGE_LOOP('',(#678,#679,#680,#681));
#1942=EDGE_LOOP('',(#682,#683,#684,#685));
#1943=EDGE_LOOP('',(#686,#687,#688,#689));
#1944=EDGE_LOOP('',(#690,#691,#692,#693));
#1945=EDGE_LOOP('',(#694,#695,#696,#697));
#1946=FACE_BOUND('',#1788,.T.);
#1947=FACE_BOUND('',#1789,.T.);
#1948=FACE_BOUND('',#1790,.T.);
#1949=FACE_BOUND('',#1791,.T.);
#1950=FACE_BOUND('',#1792,.T.);
#1951=FACE_BOUND('',#1793,.T.);
#1952=FACE_BOUND('',#1794,.T.);
#1953=FACE_BOUND('',#1795,.T.);
#1954=FACE_BOUND('',#1796,.T.);
#1955=FACE_BOUND('',#1797,.T.);
#1956=FACE_BOUND('',#1798,.T.);
#1957=FACE_BOUND('',#1799,.T.);
#1958=FACE_BOUND('',#1800,.T.);
#1959=FACE_BOUND('',#1801,.T.);
#1960=FACE_BOUND('',#1802,.T.);
#1961=FACE_BOUND('',#1803,.T.);
#1962=FACE_BOUND('',#1804,.T.);
#1963=FACE_BOUND('',#1805,.T.);
#1964=FACE_BOUND('',#1806,.T.);
#1965=FACE_BOUND('',#1807,.T.);
#1966=FACE_BOUND('',#1808,.T.);
#1967=FACE_BOUND('',#1809,.T.);
#1968=FACE_BOUND('',#1810,.T.);
#1969=FACE_BOUND('',#1811,.T.);
#1970=FACE_BOUND('',#1812,.T.);
#1971=FACE_BOUND('',#1813,.T.);
#1972=FACE_BOUND('',#1814,.T.);
#1973=FACE_BOUND('',#1815,.T.);
#1974=FACE_BOUND('',#1816,.T.);
#1975=FACE_BOUND('',#1817,.T.);
#1976=FACE_BOUND('',#1818,.T.);
#1977=FACE_BOUND('',#1819,.T.);
#1978=FACE_BOUND('',#1820,.T.);
#1979=FACE_BOUND('',#1821,.T.);
#1980=FACE_BOUND('',#1822,.T.);
#1981=FACE_BOUND('',#1823,.T.);
#1982=FACE_BOUND('',#1824,.T.);
#1983=FACE_BOUND('',#1825,.T.);
#1984=FACE_BOUND('',#1826,.T.);
#1985=FACE_BOUND('',#1827,.T.);
#1986=FACE_BOUND('',#1828,.T.);
#1987=FACE_BOUND('',#1829,.T.);
#1988=FACE_BOUND('',#1830,.T.);
#1989=FACE_BOUND('',#1831,.T.);
#1990=FACE_BOUND('',#1832,.T.);
#1991=FACE_BOUND('',#1833,.T.);
#1992=FACE_BOUND('',#1834,.T.);
#1993=FACE_BOUND('',#1835,.T.);
#1994=FACE_BOUND('',#1836,.T.);
#1995=FACE_BOUND('',#1837,.T.);
#1996=FACE_BOUND('',#1838,.T.);
#1997=FACE_BOUND('',#1839,.T.);
#1998=FACE_BOUND('',#1840,.T.);
#1999=FACE_BOUND('',#1841,.T.);
#2000=FACE_BOUND('',#1842,.T.);
#2001=FACE_BOUND('',#1843,.T.);
#2002=FACE_BOUND('',#1844,.T.);
#2003=FACE_BOUND('',#1845,.T.);
#2004=FACE_BOUND('',#1846,.T.);
#2005=FACE_BOUND('',#1847,.T.);
#2006=FACE_BOUND('',#1848,.T.);
#2007=FACE_BOUND('',#1849,.T.);
#2008=FACE_BOUND('',#1850,.T.);
#2009=FACE_BOUND('',#1851,.T.);
#2010=FACE_BOUND('',#1852,.T.);
#2011=FACE_BOUND('',#1853,.T.);
#2012=FACE_BOUND('',#1854,.T.);
#2013=FACE_BOUND('',#1855,.T.);
#2014=FACE_BOUND('',#1856,.T.);
#2015=FACE_BOUND('',#1857,.T.);
#2016=FACE_BOUND('',#1858,.T.);
#2017=FACE_BOUND('',#1859,.T.);
#2018=FACE_BOUND('',#1860,.T.);
#2019=FACE_BOUND('',#1861,.T.);
#2020=FACE_BOUND('',#1862,.T.);
#2021=FACE_BOUND('',#1863,.T.);
#2022=FACE_BOUND('',#1864,.T.);
#2023=FACE_BOUND('',#1865,.T.);
#2024=FACE_BOUND('',#1866,.T.);
#2025=FACE_BOUND('',#1867,.T.);
#2026=FACE_BOUND('',#1868,.T.);
#2027=FACE_BOUND('',#1869,.T.);
#2028=FACE_BOUND('',#1870,.T.);
#2029=FACE_BOUND('',#1871,.T.);
#2030=FACE_BOUND('',#1872,.T.);
#2031=FACE_BOUND('',#1873,.T.);
#2032=FACE_BOUND('',#1874,.T.);
#2033=FACE_BOUND('',#1875,.T.);
#2034=FACE_BOUND('',#1876,.T.);
#2035=FACE_BOUND('',#1877,.T.);
#2036=FACE_BOUND('',#1878,.T.);
#2037=FACE_BOUND('',#1879,.T.);
#2038=FACE_BOUND('',#1880,.T.);
#2039=FACE_BOUND('',#1881,.T.);
#2040=FACE_BOUND('',#1882,.T.);
#2041=FACE_BOUND('',#1883,.T.);
#2042=FACE_BOUND('',#1884,.T.);
#2043=FACE_BOUND('',#1885,.T.);
#2044=FACE_BOUND('',#1886,.T.);
#2045=FACE_BOUND('',#1887,.T.);
#2046=FACE_BOUND('',#1888,.T.);
#2047=FACE_BOUND('',#1889,.T.);
#2048=FACE_BOUND('',#1890,.T.);
#2049=FACE_BOUND('',#1891,.T.);
#2050=FACE_BOUND('',#1892,.T.);
#2051=FACE_BOUND('',#1893,.T.);
#2052=FACE_BOUND('',#1894,.T.);
#2053=FACE_BOUND('',#1895,.T.);
#2054=FACE_BOUND('',#1896,.T.);
#2055=FACE_BOUND('',#1897,.T.);
#2056=FACE_BOUND('',#1898,.T.);
#2057=FACE_BOUND('',#1899,.T.);
#2058=FACE_BOUND('',#1900,.T.);
#2059=FACE_BOUND('',#1901,.T.);
#2060=FACE_BOUND('',#1902,.T.);
#2061=FACE_BOUND('',#1903,.T.);
#2062=FACE_BOUND('',#1904,.T.);
#2063=FACE_BOUND('',#1905,.T.);
#2064=FACE_BOUND('',#1906,.T.);
#2065=FACE_BOUND('',#1907,.T.);
#2066=FACE_BOUND('',#1908,.T.);
#2067=FACE_BOUND('',#1909,.T.);
#2068=FACE_BOUND('',#1910,.T.);
#2069=FACE_BOUND('',#1911,.T.);
#2070=FACE_BOUND('',#1912,.T.);
#2071=FACE_BOUND('',#1913,.T.);
#2072=FACE_BOUND('',#1914,.T.);
#2073=FACE_BOUND('',#1915,.T.);
#2074=FACE_BOUND('',#1916,.T.);
#2075=FACE_BOUND('',#1917,.T.);
#2076=FACE_BOUND('',#1918,.T.);
#2077=FACE_BOUND('',#1919,.T.);
#2078=FACE_BOUND('',#1920,.T.);
#2079=FACE_BOUND('',#1921,.T.);
#2080=FACE_BOUND('',#1922,.T.);
#2081=FACE_BOUND('',#1923,.T.);
#2082=FACE_BOUND('',#1924,.T.);
#2083=FACE_BOUND('',#1925,.T.);
#2084=FACE_BOUND('',#1926,.T.);
#2085=FACE_BOUND('',#1927,.T.);
#2086=FACE_BOUND('',#1928,.T.);
#2087=FACE_BOUND('',#1929,.T.);
#2088=FACE_BOUND('',#1930,.T.);
#2089=FACE_BOUND('',#1931,.T.);
#2090=FACE_BOUND('',#1932,.T.);
#2091=FACE_BOUND('',#1933,.T.);
#2092=FACE_BOUND('',#1934,.T.);
#2093=FACE_BOUND('',#1935,.T.);
#2094=FACE_BOUND('',#1936,.T.);
#2095=FACE_BOUND('',#1937,.T.);
#2096=FACE_BOUND('',#1938,.T.);
#2097=FACE_BOUND('',#1939,.T.);
#2098=FACE_BOUND('',#1940,.T.);
#2099=FACE_BOUND('',#1941,.T.);
#2100=FACE_BOUND('',#1942,.T.);
#2101=FACE_BOUND('',#1943,.T.);
#2102=FACE_BOUND('',#1944,.T.);
#2103=FACE_BOUND('',#1945,.T.);
#2104=PLANE('',#2560);
#2105=PLANE('',#2565);
#2106=PLANE('',#2566);
#2107=PLANE('',#2567);
#2108=PLANE('',#2568);
#2109=PLANE('',#2569);
#2110=PLANE('',#2578);
#2111=PLANE('',#2579);
#2112=PLANE('',#2580);
#2113=PLANE('',#2581);
#2114=PLANE('',#2582);
#2115=PLANE('',#2583);
#2116=PLANE('',#2584);
#2117=PLANE('',#2585);
#2118=PLANE('',#2586);
#2119=PLANE('',#2587);
#2120=PLANE('',#2588);
#2121=PLANE('',#2589);
#2122=PLANE('',#2590);
#2123=PLANE('',#2591);
#2124=PLANE('',#2592);
#2125=PLANE('',#2593);
#2126=PLANE('',#2594);
#2127=PLANE('',#2595);
#2128=PLANE('',#2596);
#2129=PLANE('',#2597);
#2130=PLANE('',#2598);
#2131=PLANE('',#2599);
#2132=PLANE('',#2600);
#2133=PLANE('',#2602);
#2134=PLANE('',#2605);
#2135=PLANE('',#2606);
#2136=PLANE('',#2607);
#2137=PLANE('',#2608);
#2138=PLANE('',#2609);
#2139=PLANE('',#2610);
#2140=PLANE('',#2611);
#2141=PLANE('',#2612);
#2142=PLANE('',#2613);
#2143=PLANE('',#2614);
#2144=PLANE('',#2615);
#2145=PLANE('',#2616);
#2146=PLANE('',#2617);
#2147=PLANE('',#2618);
#2148=PLANE('',#2619);
#2149=PLANE('',#2620);
#2150=PLANE('',#2621);
#2151=PLANE('',#2622);
#2152=PLANE('',#2623);
#2153=PLANE('',#2624);
#2154=PLANE('',#2625);
#2155=PLANE('',#2626);
#2156=PLANE('',#2627);
#2157=PLANE('',#2628);
#2158=PLANE('',#2629);
#2159=PLANE('',#2630);
#2160=PLANE('',#2631);
#2161=PLANE('',#2632);
#2162=PLANE('',#2633);
#2163=PLANE('',#2634);
#2164=PLANE('',#2635);
#2165=PLANE('',#2636);
#2166=PLANE('',#2637);
#2167=PLANE('',#2638);
#2168=PLANE('',#2639);
#2169=PLANE('',#2640);
#2170=PLANE('',#2641);
#2171=PLANE('',#2642);
#2172=PLANE('',#2643);
#2173=PLANE('',#2644);
#2174=PLANE('',#2645);
#2175=PLANE('',#2646);
#2176=PLANE('',#2647);
#2177=PLANE('',#2648);
#2178=PLANE('',#2649);
#2179=PLANE('',#2650);
#2180=PLANE('',#2651);
#2181=PLANE('',#2652);
#2182=PLANE('',#2653);
#2183=PLANE('',#2654);
#2184=PLANE('',#2655);
#2185=PLANE('',#2656);
#2186=PLANE('',#2657);
#2187=PLANE('',#2658);
#2188=PLANE('',#2659);
#2189=PLANE('',#2660);
#2190=PLANE('',#2661);
#2191=PLANE('',#2662);
#2192=PLANE('',#2663);
#2193=PLANE('',#2664);
#2194=PLANE('',#2665);
#2195=PLANE('',#2666);
#2196=PLANE('',#2667);
#2197=PLANE('',#2668);
#2198=PLANE('',#2669);
#2199=PLANE('',#2670);
#2200=PLANE('',#2671);
#2201=PLANE('',#2672);
#2202=PLANE('',#2673);
#2203=PLANE('',#2674);
#2204=PLANE('',#2675);
#2205=PLANE('',#2676);
#2206=PLANE('',#2677);
#2207=PLANE('',#2678);
#2208=PLANE('',#2679);
#2209=PLANE('',#2680);
#2210=PLANE('',#2681);
#2211=PLANE('',#2682);
#2212=PLANE('',#2683);
#2213=PLANE('',#2684);
#2214=PLANE('',#2685);
#2215=PLANE('',#2686);
#2216=PLANE('',#2687);
#2217=PLANE('',#2688);
#2218=PLANE('',#2689);
#2219=PLANE('',#2690);
#2220=PLANE('',#2691);
#2221=PLANE('',#2692);
#2222=PLANE('',#2693);
#2223=PLANE('',#2694);
#2224=PLANE('',#2695);
#2225=PLANE('',#2696);
#2226=PLANE('',#2697);
#2227=PLANE('',#2698);
#2228=PLANE('',#2699);
#2229=PLANE('',#2700);
#2230=PLANE('',#2701);
#2231=PLANE('',#2702);
#2232=PLANE('',#2703);
#2233=PLANE('',#2704);
#2234=PLANE('',#2705);
#2235=PLANE('',#2706);
#2236=PLANE('',#2707);
#2237=PLANE('',#2708);
#2238=PLANE('',#2709);
#2239=PLANE('',#2710);
#2240=PLANE('',#2711);
#2241=PLANE('',#2712);
#2242=ADVANCED_FACE('',(#1946,#1947,#1948,#1949,#1950,#1951),#2104,.F.);
#2243=ADVANCED_FACE('',(#1952,#1953,#1954),#2105,.T.);
#2244=ADVANCED_FACE('',(#1955),#2106,.T.);
#2245=ADVANCED_FACE('',(#1956),#2107,.T.);
#2246=ADVANCED_FACE('',(#1957),#2108,.T.);
#2247=ADVANCED_FACE('',(#1958,#1959,#1960,#1961,#1962),#2109,.T.);
#2248=ADVANCED_FACE('',(#1963,#1964),#79,.F.);
#2249=ADVANCED_FACE('',(#1965,#1966),#80,.F.);
#2250=ADVANCED_FACE('',(#1967,#1968),#81,.F.);
#2251=ADVANCED_FACE('',(#1969,#1970),#82,.F.);
#2252=ADVANCED_FACE('',(#1971),#2110,.F.);
#2253=ADVANCED_FACE('',(#1972),#2111,.F.);
#2254=ADVANCED_FACE('',(#1973),#2112,.F.);
#2255=ADVANCED_FACE('',(#1974),#2113,.T.);
#2256=ADVANCED_FACE('',(#1975),#2114,.T.);
#2257=ADVANCED_FACE('',(#1976),#2115,.T.);
#2258=ADVANCED_FACE('',(#1977),#2116,.T.);
#2259=ADVANCED_FACE('',(#1978),#2117,.F.);
#2260=ADVANCED_FACE('',(#1979),#2118,.F.);
#2261=ADVANCED_FACE('',(#1980),#2119,.F.);
#2262=ADVANCED_FACE('',(#1981),#2120,.F.);
#2263=ADVANCED_FACE('',(#1982),#2121,.F.);
#2264=ADVANCED_FACE('',(#1983),#2122,.T.);
#2265=ADVANCED_FACE('',(#1984),#2123,.F.);
#2266=ADVANCED_FACE('',(#1985),#2124,.F.);
#2267=ADVANCED_FACE('',(#1986),#2125,.F.);
#2268=ADVANCED_FACE('',(#1987),#2126,.F.);
#2269=ADVANCED_FACE('',(#1988),#2127,.T.);
#2270=ADVANCED_FACE('',(#1989),#2128,.F.);
#2271=ADVANCED_FACE('',(#1990),#2129,.F.);
#2272=ADVANCED_FACE('',(#1991),#2130,.F.);
#2273=ADVANCED_FACE('',(#1992),#2131,.F.);
#2274=ADVANCED_FACE('',(#1993),#2132,.T.);
#2275=ADVANCED_FACE('',(#1994),#2133,.F.);
#2276=ADVANCED_FACE('',(#1995),#83,.F.);
#2277=ADVANCED_FACE('',(#1996),#2134,.T.);
#2278=ADVANCED_FACE('',(#1997),#2135,.T.);
#2279=ADVANCED_FACE('',(#1998),#2136,.T.);
#2280=ADVANCED_FACE('',(#1999),#2137,.T.);
#2281=ADVANCED_FACE('',(#2000),#2138,.F.);
#2282=ADVANCED_FACE('',(#2001),#2139,.T.);
#2283=ADVANCED_FACE('',(#2002),#2140,.F.);
#2284=ADVANCED_FACE('',(#2003),#2141,.F.);
#2285=ADVANCED_FACE('',(#2004),#2142,.F.);
#2286=ADVANCED_FACE('',(#2005),#2143,.F.);
#2287=ADVANCED_FACE('',(#2006),#2144,.T.);
#2288=ADVANCED_FACE('',(#2007),#2145,.F.);
#2289=ADVANCED_FACE('',(#2008),#2146,.F.);
#2290=ADVANCED_FACE('',(#2009),#2147,.F.);
#2291=ADVANCED_FACE('',(#2010),#2148,.F.);
#2292=ADVANCED_FACE('',(#2011),#2149,.F.);
#2293=ADVANCED_FACE('',(#2012),#2150,.T.);
#2294=ADVANCED_FACE('',(#2013),#2151,.F.);
#2295=ADVANCED_FACE('',(#2014),#2152,.F.);
#2296=ADVANCED_FACE('',(#2015),#2153,.F.);
#2297=ADVANCED_FACE('',(#2016),#2154,.F.);
#2298=ADVANCED_FACE('',(#2017),#2155,.F.);
#2299=ADVANCED_FACE('',(#2018),#2156,.T.);
#2300=ADVANCED_FACE('',(#2019),#2157,.F.);
#2301=ADVANCED_FACE('',(#2020),#2158,.F.);
#2302=ADVANCED_FACE('',(#2021),#2159,.F.);
#2303=ADVANCED_FACE('',(#2022),#2160,.F.);
#2304=ADVANCED_FACE('',(#2023),#2161,.F.);
#2305=ADVANCED_FACE('',(#2024),#2162,.T.);
#2306=ADVANCED_FACE('',(#2025),#2163,.F.);
#2307=ADVANCED_FACE('',(#2026),#2164,.F.);
#2308=ADVANCED_FACE('',(#2027),#2165,.F.);
#2309=ADVANCED_FACE('',(#2028),#2166,.F.);
#2310=ADVANCED_FACE('',(#2029),#2167,.F.);
#2311=ADVANCED_FACE('',(#2030),#2168,.T.);
#2312=ADVANCED_FACE('',(#2031),#2169,.F.);
#2313=ADVANCED_FACE('',(#2032),#2170,.F.);
#2314=ADVANCED_FACE('',(#2033),#2171,.F.);
#2315=ADVANCED_FACE('',(#2034),#2172,.F.);
#2316=ADVANCED_FACE('',(#2035),#2173,.F.);
#2317=ADVANCED_FACE('',(#2036),#2174,.T.);
#2318=ADVANCED_FACE('',(#2037),#2175,.F.);
#2319=ADVANCED_FACE('',(#2038),#2176,.F.);
#2320=ADVANCED_FACE('',(#2039),#2177,.F.);
#2321=ADVANCED_FACE('',(#2040),#2178,.F.);
#2322=ADVANCED_FACE('',(#2041),#2179,.F.);
#2323=ADVANCED_FACE('',(#2042),#2180,.T.);
#2324=ADVANCED_FACE('',(#2043),#2181,.F.);
#2325=ADVANCED_FACE('',(#2044),#2182,.F.);
#2326=ADVANCED_FACE('',(#2045),#2183,.F.);
#2327=ADVANCED_FACE('',(#2046),#2184,.F.);
#2328=ADVANCED_FACE('',(#2047),#2185,.F.);
#2329=ADVANCED_FACE('',(#2048),#2186,.T.);
#2330=ADVANCED_FACE('',(#2049),#2187,.F.);
#2331=ADVANCED_FACE('',(#2050),#2188,.T.);
#2332=ADVANCED_FACE('',(#2051),#2189,.T.);
#2333=ADVANCED_FACE('',(#2052),#2190,.T.);
#2334=ADVANCED_FACE('',(#2053),#2191,.T.);
#2335=ADVANCED_FACE('',(#2054),#2192,.F.);
#2336=ADVANCED_FACE('',(#2055),#2193,.T.);
#2337=ADVANCED_FACE('',(#2056),#2194,.T.);
#2338=ADVANCED_FACE('',(#2057),#2195,.T.);
#2339=ADVANCED_FACE('',(#2058),#2196,.T.);
#2340=ADVANCED_FACE('',(#2059),#2197,.T.);
#2341=ADVANCED_FACE('',(#2060),#2198,.F.);
#2342=ADVANCED_FACE('',(#2061),#2199,.T.);
#2343=ADVANCED_FACE('',(#2062),#2200,.T.);
#2344=ADVANCED_FACE('',(#2063),#2201,.T.);
#2345=ADVANCED_FACE('',(#2064),#2202,.T.);
#2346=ADVANCED_FACE('',(#2065),#2203,.T.);
#2347=ADVANCED_FACE('',(#2066),#2204,.F.);
#2348=ADVANCED_FACE('',(#2067),#2205,.T.);
#2349=ADVANCED_FACE('',(#2068),#2206,.T.);
#2350=ADVANCED_FACE('',(#2069),#2207,.T.);
#2351=ADVANCED_FACE('',(#2070),#2208,.T.);
#2352=ADVANCED_FACE('',(#2071),#2209,.T.);
#2353=ADVANCED_FACE('',(#2072),#2210,.F.);
#2354=ADVANCED_FACE('',(#2073),#2211,.T.);
#2355=ADVANCED_FACE('',(#2074),#2212,.T.);
#2356=ADVANCED_FACE('',(#2075),#2213,.T.);
#2357=ADVANCED_FACE('',(#2076),#2214,.T.);
#2358=ADVANCED_FACE('',(#2077),#2215,.T.);
#2359=ADVANCED_FACE('',(#2078),#2216,.F.);
#2360=ADVANCED_FACE('',(#2079),#2217,.T.);
#2361=ADVANCED_FACE('',(#2080),#2218,.T.);
#2362=ADVANCED_FACE('',(#2081),#2219,.T.);
#2363=ADVANCED_FACE('',(#2082),#2220,.T.);
#2364=ADVANCED_FACE('',(#2083),#2221,.T.);
#2365=ADVANCED_FACE('',(#2084),#2222,.F.);
#2366=ADVANCED_FACE('',(#2085),#2223,.T.);
#2367=ADVANCED_FACE('',(#2086),#2224,.T.);
#2368=ADVANCED_FACE('',(#2087),#2225,.T.);
#2369=ADVANCED_FACE('',(#2088),#2226,.T.);
#2370=ADVANCED_FACE('',(#2089),#2227,.T.);
#2371=ADVANCED_FACE('',(#2090),#2228,.F.);
#2372=ADVANCED_FACE('',(#2091),#2229,.T.);
#2373=ADVANCED_FACE('',(#2092),#2230,.T.);
#2374=ADVANCED_FACE('',(#2093),#2231,.T.);
#2375=ADVANCED_FACE('',(#2094),#2232,.T.);
#2376=ADVANCED_FACE('',(#2095),#2233,.T.);
#2377=ADVANCED_FACE('',(#2096),#2234,.F.);
#2378=ADVANCED_FACE('',(#2097),#2235,.T.);
#2379=ADVANCED_FACE('',(#2098),#2236,.T.);
#2380=ADVANCED_FACE('',(#2099),#2237,.T.);
#2381=ADVANCED_FACE('',(#2100),#2238,.T.);
#2382=ADVANCED_FACE('',(#2101),#2239,.T.);
#2383=ADVANCED_FACE('',(#2102),#2240,.F.);
#2384=ADVANCED_FACE('',(#2103),#2241,.T.);
#2385=CLOSED_SHELL('',(#2242,#2243,#2244,#2245,#2246,#2247,#2248,#2249,
#2250,#2251,#2252,#2253,#2254,#2255,#2256,#2257,#2258,#2259,#2260,#2261,
#2262,#2263,#2264,#2265,#2266,#2267,#2268,#2269,#2270,#2271,#2272,#2273,
#2274,#2275,#2276));
#2386=CLOSED_SHELL('',(#2277,#2278,#2279,#2280,#2281,#2282));
#2387=CLOSED_SHELL('',(#2283,#2284,#2285,#2286,#2287,#2288));
#2388=CLOSED_SHELL('',(#2289,#2290,#2291,#2292,#2293,#2294));
#2389=CLOSED_SHELL('',(#2295,#2296,#2297,#2298,#2299,#2300));
#2390=CLOSED_SHELL('',(#2301,#2302,#2303,#2304,#2305,#2306));
#2391=CLOSED_SHELL('',(#2307,#2308,#2309,#2310,#2311,#2312));
#2392=CLOSED_SHELL('',(#2313,#2314,#2315,#2316,#2317,#2318));
#2393=CLOSED_SHELL('',(#2319,#2320,#2321,#2322,#2323,#2324));
#2394=CLOSED_SHELL('',(#2325,#2326,#2327,#2328,#2329,#2330));
#2395=CLOSED_SHELL('',(#2331,#2332,#2333,#2334,#2335,#2336));
#2396=CLOSED_SHELL('',(#2337,#2338,#2339,#2340,#2341,#2342));
#2397=CLOSED_SHELL('',(#2343,#2344,#2345,#2346,#2347,#2348));
#2398=CLOSED_SHELL('',(#2349,#2350,#2351,#2352,#2353,#2354));
#2399=CLOSED_SHELL('',(#2355,#2356,#2357,#2358,#2359,#2360));
#2400=CLOSED_SHELL('',(#2361,#2362,#2363,#2364,#2365,#2366));
#2401=CLOSED_SHELL('',(#2367,#2368,#2369,#2370,#2371,#2372));
#2402=CLOSED_SHELL('',(#2373,#2374,#2375,#2376,#2377,#2378));
#2403=CLOSED_SHELL('',(#2379,#2380,#2381,#2382,#2383,#2384));
#2404=STYLED_ITEM('',(#2423),#2538);
#2405=STYLED_ITEM('',(#2424),#2539);
#2406=STYLED_ITEM('',(#2425),#2540);
#2407=STYLED_ITEM('',(#2426),#2541);
#2408=STYLED_ITEM('',(#2427),#2542);
#2409=STYLED_ITEM('',(#2428),#2543);
#2410=STYLED_ITEM('',(#2429),#2544);
#2411=STYLED_ITEM('',(#2430),#2545);
#2412=STYLED_ITEM('',(#2431),#2546);
#2413=STYLED_ITEM('',(#2432),#2547);
#2414=STYLED_ITEM('',(#2433),#2548);
#2415=STYLED_ITEM('',(#2434),#2549);
#2416=STYLED_ITEM('',(#2435),#2550);
#2417=STYLED_ITEM('',(#2436),#2551);
#2418=STYLED_ITEM('',(#2437),#2552);
#2419=STYLED_ITEM('',(#2438),#2553);
#2420=STYLED_ITEM('',(#2439),#2554);
#2421=STYLED_ITEM('',(#2440),#2555);
#2422=STYLED_ITEM('',(#2441),#2556);
#2423=PRESENTATION_STYLE_ASSIGNMENT((#2442));
#2424=PRESENTATION_STYLE_ASSIGNMENT((#2443));
#2425=PRESENTATION_STYLE_ASSIGNMENT((#2444));
#2426=PRESENTATION_STYLE_ASSIGNMENT((#2445));
#2427=PRESENTATION_STYLE_ASSIGNMENT((#2446));
#2428=PRESENTATION_STYLE_ASSIGNMENT((#2447));
#2429=PRESENTATION_STYLE_ASSIGNMENT((#2448));
#2430=PRESENTATION_STYLE_ASSIGNMENT((#2449));
#2431=PRESENTATION_STYLE_ASSIGNMENT((#2450));
#2432=PRESENTATION_STYLE_ASSIGNMENT((#2451));
#2433=PRESENTATION_STYLE_ASSIGNMENT((#2452));
#2434=PRESENTATION_STYLE_ASSIGNMENT((#2453));
#2435=PRESENTATION_STYLE_ASSIGNMENT((#2454));
#2436=PRESENTATION_STYLE_ASSIGNMENT((#2455));
#2437=PRESENTATION_STYLE_ASSIGNMENT((#2456));
#2438=PRESENTATION_STYLE_ASSIGNMENT((#2457));
#2439=PRESENTATION_STYLE_ASSIGNMENT((#2458));
#2440=PRESENTATION_STYLE_ASSIGNMENT((#2459));
#2441=PRESENTATION_STYLE_ASSIGNMENT((#2460));
#2442=SURFACE_STYLE_USAGE(.BOTH.,#2461);
#2443=SURFACE_STYLE_USAGE(.BOTH.,#2462);
#2444=SURFACE_STYLE_USAGE(.BOTH.,#2463);
#2445=SURFACE_STYLE_USAGE(.BOTH.,#2464);
#2446=SURFACE_STYLE_USAGE(.BOTH.,#2465);
#2447=SURFACE_STYLE_USAGE(.BOTH.,#2466);
#2448=SURFACE_STYLE_USAGE(.BOTH.,#2467);
#2449=SURFACE_STYLE_USAGE(.BOTH.,#2468);
#2450=SURFACE_STYLE_USAGE(.BOTH.,#2469);
#2451=SURFACE_STYLE_USAGE(.BOTH.,#2470);
#2452=SURFACE_STYLE_USAGE(.BOTH.,#2471);
#2453=SURFACE_STYLE_USAGE(.BOTH.,#2472);
#2454=SURFACE_STYLE_USAGE(.BOTH.,#2473);
#2455=SURFACE_STYLE_USAGE(.BOTH.,#2474);
#2456=SURFACE_STYLE_USAGE(.BOTH.,#2475);
#2457=SURFACE_STYLE_USAGE(.BOTH.,#2476);
#2458=SURFACE_STYLE_USAGE(.BOTH.,#2477);
#2459=SURFACE_STYLE_USAGE(.BOTH.,#2478);
#2460=SURFACE_STYLE_USAGE(.BOTH.,#2479);
#2461=SURFACE_SIDE_STYLE('',(#2480));
#2462=SURFACE_SIDE_STYLE('',(#2481));
#2463=SURFACE_SIDE_STYLE('',(#2482));
#2464=SURFACE_SIDE_STYLE('',(#2483));
#2465=SURFACE_SIDE_STYLE('',(#2484));
#2466=SURFACE_SIDE_STYLE('',(#2485));
#2467=SURFACE_SIDE_STYLE('',(#2486));
#2468=SURFACE_SIDE_STYLE('',(#2487));
#2469=SURFACE_SIDE_STYLE('',(#2488));
#2470=SURFACE_SIDE_STYLE('',(#2489));
#2471=SURFACE_SIDE_STYLE('',(#2490));
#2472=SURFACE_SIDE_STYLE('',(#2491));
#2473=SURFACE_SIDE_STYLE('',(#2492));
#2474=SURFACE_SIDE_STYLE('',(#2493));
#2475=SURFACE_SIDE_STYLE('',(#2494));
#2476=SURFACE_SIDE_STYLE('',(#2495));
#2477=SURFACE_SIDE_STYLE('',(#2496));
#2478=SURFACE_SIDE_STYLE('',(#2497));
#2479=SURFACE_SIDE_STYLE('',(#2498));
#2480=SURFACE_STYLE_FILL_AREA(#2499);
#2481=SURFACE_STYLE_FILL_AREA(#2500);
#2482=SURFACE_STYLE_FILL_AREA(#2501);
#2483=SURFACE_STYLE_FILL_AREA(#2502);
#2484=SURFACE_STYLE_FILL_AREA(#2503);
#2485=SURFACE_STYLE_FILL_AREA(#2504);
#2486=SURFACE_STYLE_FILL_AREA(#2505);
#2487=SURFACE_STYLE_FILL_AREA(#2506);
#2488=SURFACE_STYLE_FILL_AREA(#2507);
#2489=SURFACE_STYLE_FILL_AREA(#2508);
#2490=SURFACE_STYLE_FILL_AREA(#2509);
#2491=SURFACE_STYLE_FILL_AREA(#2510);
#2492=SURFACE_STYLE_FILL_AREA(#2511);
#2493=SURFACE_STYLE_FILL_AREA(#2512);
#2494=SURFACE_STYLE_FILL_AREA(#2513);
#2495=SURFACE_STYLE_FILL_AREA(#2514);
#2496=SURFACE_STYLE_FILL_AREA(#2515);
#2497=SURFACE_STYLE_FILL_AREA(#2516);
#2498=SURFACE_STYLE_FILL_AREA(#2517);
#2499=FILL_AREA_STYLE('',(#2518));
#2500=FILL_AREA_STYLE('',(#2519));
#2501=FILL_AREA_STYLE('',(#2520));
#2502=FILL_AREA_STYLE('',(#2521));
#2503=FILL_AREA_STYLE('',(#2522));
#2504=FILL_AREA_STYLE('',(#2523));
#2505=FILL_AREA_STYLE('',(#2524));
#2506=FILL_AREA_STYLE('',(#2525));
#2507=FILL_AREA_STYLE('',(#2526));
#2508=FILL_AREA_STYLE('',(#2527));
#2509=FILL_AREA_STYLE('',(#2528));
#2510=FILL_AREA_STYLE('',(#2529));
#2511=FILL_AREA_STYLE('',(#2530));
#2512=FILL_AREA_STYLE('',(#2531));
#2513=FILL_AREA_STYLE('',(#2532));
#2514=FILL_AREA_STYLE('',(#2533));
#2515=FILL_AREA_STYLE('',(#2534));
#2516=FILL_AREA_STYLE('',(#2535));
#2517=FILL_AREA_STYLE('',(#2536));
#2518=FILL_AREA_STYLE_COLOUR('',#2537);
#2519=FILL_AREA_STYLE_COLOUR('',#2537);
#2520=FILL_AREA_STYLE_COLOUR('',#2537);
#2521=FILL_AREA_STYLE_COLOUR('',#2537);
#2522=FILL_AREA_STYLE_COLOUR('',#2537);
#2523=FILL_AREA_STYLE_COLOUR('',#2537);
#2524=FILL_AREA_STYLE_COLOUR('',#2537);
#2525=FILL_AREA_STYLE_COLOUR('',#2537);
#2526=FILL_AREA_STYLE_COLOUR('',#2537);
#2527=FILL_AREA_STYLE_COLOUR('',#2537);
#2528=FILL_AREA_STYLE_COLOUR('',#2537);
#2529=FILL_AREA_STYLE_COLOUR('',#2537);
#2530=FILL_AREA_STYLE_COLOUR('',#2537);
#2531=FILL_AREA_STYLE_COLOUR('',#2537);
#2532=FILL_AREA_STYLE_COLOUR('',#2537);
#2533=FILL_AREA_STYLE_COLOUR('',#2537);
#2534=FILL_AREA_STYLE_COLOUR('',#2537);
#2535=FILL_AREA_STYLE_COLOUR('',#2537);
#2536=FILL_AREA_STYLE_COLOUR('',#2537);
#2537=COLOUR_RGB('',0.611764705882353,0.658823529411765,0.670588235294118);
#2538=MANIFOLD_SOLID_BREP('Extrude (2)',#2385);
#2539=MANIFOLD_SOLID_BREP('Extrude (18)',#2386);
#2540=MANIFOLD_SOLID_BREP('Extrude (20)',#2387);
#2541=MANIFOLD_SOLID_BREP('Extrude (22)',#2388);
#2542=MANIFOLD_SOLID_BREP('Extrude (24)',#2389);
#2543=MANIFOLD_SOLID_BREP('Extrude (24)',#2390);
#2544=MANIFOLD_SOLID_BREP('Extrude (27)',#2391);
#2545=MANIFOLD_SOLID_BREP('Extrude (27)',#2392);
#2546=MANIFOLD_SOLID_BREP('Extrude (27)',#2393);
#2547=MANIFOLD_SOLID_BREP('Extrude (27)',#2394);
#2548=MANIFOLD_SOLID_BREP('Extrude (29)',#2395);
#2549=MANIFOLD_SOLID_BREP('Extrude (31)',#2396);
#2550=MANIFOLD_SOLID_BREP('Extrude (34)',#2397);
#2551=MANIFOLD_SOLID_BREP('Extrude (34)',#2398);
#2552=MANIFOLD_SOLID_BREP('Extrude (34)',#2399);
#2553=MANIFOLD_SOLID_BREP('Extrude (34)',#2400);
#2554=MANIFOLD_SOLID_BREP('Extrude (34)',#2401);
#2555=MANIFOLD_SOLID_BREP('Extrude (34)',#2402);
#2556=MANIFOLD_SOLID_BREP('Extrude (34)',#2403);
#2557=SHAPE_DEFINITION_REPRESENTATION(#4041,#2558);
#2558=SHAPE_REPRESENTATION('Runcam_Platine',(#2559),#4036);
#2559=AXIS2_PLACEMENT_3D('',#3361,#2729,#2730);
#2560=AXIS2_PLACEMENT_3D('',#3362,#2731,#2732);
#2561=AXIS2_PLACEMENT_3D('',#3387,#2745,#2746);
#2562=AXIS2_PLACEMENT_3D('',#3389,#2747,#2748);
#2563=AXIS2_PLACEMENT_3D('',#3391,#2749,#2750);
#2564=AXIS2_PLACEMENT_3D('',#3393,#2751,#2752);
#2565=AXIS2_PLACEMENT_3D('',#3403,#2757,#2758);
#2566=AXIS2_PLACEMENT_3D('',#3435,#2776,#2777);
#2567=AXIS2_PLACEMENT_3D('',#3441,#2781,#2782);
#2568=AXIS2_PLACEMENT_3D('',#3443,#2784,#2785);
#2569=AXIS2_PLACEMENT_3D('',#3445,#2787,#2788);
#2570=AXIS2_PLACEMENT_3D('',#3446,#2789,#2790);
#2571=AXIS2_PLACEMENT_3D('',#3448,#2791,#2792);
#2572=AXIS2_PLACEMENT_3D('',#3450,#2793,#2794);
#2573=AXIS2_PLACEMENT_3D('',#3452,#2795,#2796);
#2574=AXIS2_PLACEMENT_3D('',#3454,#2797,#2798);
#2575=AXIS2_PLACEMENT_3D('',#3455,#2799,#2800);
#2576=AXIS2_PLACEMENT_3D('',#3456,#2801,#2802);
#2577=AXIS2_PLACEMENT_3D('',#3457,#2803,#2804);
#2578=AXIS2_PLACEMENT_3D('',#3458,#2805,#2806);
#2579=AXIS2_PLACEMENT_3D('',#3462,#2809,#2810);
#2580=AXIS2_PLACEMENT_3D('',#3466,#2813,#2814);
#2581=AXIS2_PLACEMENT_3D('',#3468,#2816,#2817);
#2582=AXIS2_PLACEMENT_3D('',#3469,#2818,#2819);
#2583=AXIS2_PLACEMENT_3D('',#3473,#2822,#2823);
#2584=AXIS2_PLACEMENT_3D('',#3477,#2826,#2827);
#2585=AXIS2_PLACEMENT_3D('',#3479,#2829,#2830);
#2586=AXIS2_PLACEMENT_3D('',#3480,#2831,#2832);
#2587=AXIS2_PLACEMENT_3D('',#3486,#2836,#2837);
#2588=AXIS2_PLACEMENT_3D('',#3490,#2840,#2841);
#2589=AXIS2_PLACEMENT_3D('',#3494,#2844,#2845);
#2590=AXIS2_PLACEMENT_3D('',#3496,#2847,#2848);
#2591=AXIS2_PLACEMENT_3D('',#3497,#2849,#2850);
#2592=AXIS2_PLACEMENT_3D('',#3503,#2854,#2855);
#2593=AXIS2_PLACEMENT_3D('',#3507,#2858,#2859);
#2594=AXIS2_PLACEMENT_3D('',#3511,#2862,#2863);
#2595=AXIS2_PLACEMENT_3D('',#3513,#2865,#2866);
#2596=AXIS2_PLACEMENT_3D('',#3514,#2867,#2868);
#2597=AXIS2_PLACEMENT_3D('',#3528,#2876,#2877);
#2598=AXIS2_PLACEMENT_3D('',#3532,#2880,#2881);
#2599=AXIS2_PLACEMENT_3D('',#3536,#2884,#2885);
#2600=AXIS2_PLACEMENT_3D('',#3538,#2887,#2888);
#2601=AXIS2_PLACEMENT_3D('',#3539,#2889,#2890);
#2602=AXIS2_PLACEMENT_3D('',#3540,#2891,#2892);
#2603=AXIS2_PLACEMENT_3D('',#3541,#2893,#2894);
#2604=AXIS2_PLACEMENT_3D('',#3542,#2895,#2896);
#2605=AXIS2_PLACEMENT_3D('',#3543,#2897,#2898);
#2606=AXIS2_PLACEMENT_3D('',#3552,#2903,#2904);
#2607=AXIS2_PLACEMENT_3D('',#3558,#2908,#2909);
#2608=AXIS2_PLACEMENT_3D('',#3564,#2913,#2914);
#2609=AXIS2_PLACEMENT_3D('',#3567,#2917,#2918);
#2610=AXIS2_PLACEMENT_3D('',#3568,#2919,#2920);
#2611=AXIS2_PLACEMENT_3D('',#3569,#2921,#2922);
#2612=AXIS2_PLACEMENT_3D('',#3578,#2927,#2928);
#2613=AXIS2_PLACEMENT_3D('',#3584,#2932,#2933);
#2614=AXIS2_PLACEMENT_3D('',#3590,#2937,#2938);
#2615=AXIS2_PLACEMENT_3D('',#3593,#2941,#2942);
#2616=AXIS2_PLACEMENT_3D('',#3594,#2943,#2944);
#2617=AXIS2_PLACEMENT_3D('',#3595,#2945,#2946);
#2618=AXIS2_PLACEMENT_3D('',#3604,#2951,#2952);
#2619=AXIS2_PLACEMENT_3D('',#3610,#2956,#2957);
#2620=AXIS2_PLACEMENT_3D('',#3616,#2961,#2962);
#2621=AXIS2_PLACEMENT_3D('',#3619,#2965,#2966);
#2622=AXIS2_PLACEMENT_3D('',#3620,#2967,#2968);
#2623=AXIS2_PLACEMENT_3D('',#3621,#2969,#2970);
#2624=AXIS2_PLACEMENT_3D('',#3630,#2975,#2976);
#2625=AXIS2_PLACEMENT_3D('',#3636,#2980,#2981);
#2626=AXIS2_PLACEMENT_3D('',#3642,#2985,#2986);
#2627=AXIS2_PLACEMENT_3D('',#3645,#2989,#2990);
#2628=AXIS2_PLACEMENT_3D('',#3646,#2991,#2992);
#2629=AXIS2_PLACEMENT_3D('',#3647,#2993,#2994);
#2630=AXIS2_PLACEMENT_3D('',#3656,#2999,#3000);
#2631=AXIS2_PLACEMENT_3D('',#3662,#3004,#3005);
#2632=AXIS2_PLACEMENT_3D('',#3668,#3009,#3010);
#2633=AXIS2_PLACEMENT_3D('',#3671,#3013,#3014);
#2634=AXIS2_PLACEMENT_3D('',#3672,#3015,#3016);
#2635=AXIS2_PLACEMENT_3D('',#3673,#3017,#3018);
#2636=AXIS2_PLACEMENT_3D('',#3682,#3023,#3024);
#2637=AXIS2_PLACEMENT_3D('',#3688,#3028,#3029);
#2638=AXIS2_PLACEMENT_3D('',#3694,#3033,#3034);
#2639=AXIS2_PLACEMENT_3D('',#3697,#3037,#3038);
#2640=AXIS2_PLACEMENT_3D('',#3698,#3039,#3040);
#2641=AXIS2_PLACEMENT_3D('',#3699,#3041,#3042);
#2642=AXIS2_PLACEMENT_3D('',#3708,#3047,#3048);
#2643=AXIS2_PLACEMENT_3D('',#3714,#3052,#3053);
#2644=AXIS2_PLACEMENT_3D('',#3720,#3057,#3058);
#2645=AXIS2_PLACEMENT_3D('',#3723,#3061,#3062);
#2646=AXIS2_PLACEMENT_3D('',#3724,#3063,#3064);
#2647=AXIS2_PLACEMENT_3D('',#3725,#3065,#3066);
#2648=AXIS2_PLACEMENT_3D('',#3734,#3071,#3072);
#2649=AXIS2_PLACEMENT_3D('',#3740,#3076,#3077);
#2650=AXIS2_PLACEMENT_3D('',#3746,#3081,#3082);
#2651=AXIS2_PLACEMENT_3D('',#3749,#3085,#3086);
#2652=AXIS2_PLACEMENT_3D('',#3750,#3087,#3088);
#2653=AXIS2_PLACEMENT_3D('',#3751,#3089,#3090);
#2654=AXIS2_PLACEMENT_3D('',#3760,#3095,#3096);
#2655=AXIS2_PLACEMENT_3D('',#3766,#3100,#3101);
#2656=AXIS2_PLACEMENT_3D('',#3772,#3105,#3106);
#2657=AXIS2_PLACEMENT_3D('',#3775,#3109,#3110);
#2658=AXIS2_PLACEMENT_3D('',#3776,#3111,#3112);
#2659=AXIS2_PLACEMENT_3D('',#3777,#3113,#3114);
#2660=AXIS2_PLACEMENT_3D('',#3786,#3119,#3120);
#2661=AXIS2_PLACEMENT_3D('',#3792,#3124,#3125);
#2662=AXIS2_PLACEMENT_3D('',#3798,#3129,#3130);
#2663=AXIS2_PLACEMENT_3D('',#3801,#3133,#3134);
#2664=AXIS2_PLACEMENT_3D('',#3802,#3135,#3136);
#2665=AXIS2_PLACEMENT_3D('',#3803,#3137,#3138);
#2666=AXIS2_PLACEMENT_3D('',#3812,#3143,#3144);
#2667=AXIS2_PLACEMENT_3D('',#3818,#3148,#3149);
#2668=AXIS2_PLACEMENT_3D('',#3824,#3153,#3154);
#2669=AXIS2_PLACEMENT_3D('',#3827,#3157,#3158);
#2670=AXIS2_PLACEMENT_3D('',#3828,#3159,#3160);
#2671=AXIS2_PLACEMENT_3D('',#3829,#3161,#3162);
#2672=AXIS2_PLACEMENT_3D('',#3838,#3167,#3168);
#2673=AXIS2_PLACEMENT_3D('',#3844,#3172,#3173);
#2674=AXIS2_PLACEMENT_3D('',#3850,#3177,#3178);
#2675=AXIS2_PLACEMENT_3D('',#3853,#3181,#3182);
#2676=AXIS2_PLACEMENT_3D('',#3854,#3183,#3184);
#2677=AXIS2_PLACEMENT_3D('',#3855,#3185,#3186);
#2678=AXIS2_PLACEMENT_3D('',#3864,#3191,#3192);
#2679=AXIS2_PLACEMENT_3D('',#3870,#3196,#3197);
#2680=AXIS2_PLACEMENT_3D('',#3876,#3201,#3202);
#2681=AXIS2_PLACEMENT_3D('',#3879,#3205,#3206);
#2682=AXIS2_PLACEMENT_3D('',#3880,#3207,#3208);
#2683=AXIS2_PLACEMENT_3D('',#3881,#3209,#3210);
#2684=AXIS2_PLACEMENT_3D('',#3890,#3215,#3216);
#2685=AXIS2_PLACEMENT_3D('',#3896,#3220,#3221);
#2686=AXIS2_PLACEMENT_3D('',#3902,#3225,#3226);
#2687=AXIS2_PLACEMENT_3D('',#3905,#3229,#3230);
#2688=AXIS2_PLACEMENT_3D('',#3906,#3231,#3232);
#2689=AXIS2_PLACEMENT_3D('',#3907,#3233,#3234);
#2690=AXIS2_PLACEMENT_3D('',#3916,#3239,#3240);
#2691=AXIS2_PLACEMENT_3D('',#3922,#3244,#3245);
#2692=AXIS2_PLACEMENT_3D('',#3928,#3249,#3250);
#2693=AXIS2_PLACEMENT_3D('',#3931,#3253,#3254);
#2694=AXIS2_PLACEMENT_3D('',#3932,#3255,#3256);
#2695=AXIS2_PLACEMENT_3D('',#3933,#3257,#3258);
#2696=AXIS2_PLACEMENT_3D('',#3942,#3263,#3264);
#2697=AXIS2_PLACEMENT_3D('',#3948,#3268,#3269);
#2698=AXIS2_PLACEMENT_3D('',#3954,#3273,#3274);
#2699=AXIS2_PLACEMENT_3D('',#3957,#3277,#3278);
#2700=AXIS2_PLACEMENT_3D('',#3958,#3279,#3280);
#2701=AXIS2_PLACEMENT_3D('',#3959,#3281,#3282);
#2702=AXIS2_PLACEMENT_3D('',#3968,#3287,#3288);
#2703=AXIS2_PLACEMENT_3D('',#3974,#3292,#3293);
#2704=AXIS2_PLACEMENT_3D('',#3980,#3297,#3298);
#2705=AXIS2_PLACEMENT_3D('',#3983,#3301,#3302);
#2706=AXIS2_PLACEMENT_3D('',#3984,#3303,#3304);
#2707=AXIS2_PLACEMENT_3D('',#3985,#3305,#3306);
#2708=AXIS2_PLACEMENT_3D('',#3994,#3311,#3312);
#2709=AXIS2_PLACEMENT_3D('',#4000,#3316,#3317);
#2710=AXIS2_PLACEMENT_3D('',#4006,#3321,#3322);
#2711=AXIS2_PLACEMENT_3D('',#4009,#3325,#3326);
#2712=AXIS2_PLACEMENT_3D('',#4010,#3327,#3328);
#2713=AXIS2_PLACEMENT_3D('',#4011,#3329,#3330);
#2714=AXIS2_PLACEMENT_3D('',#4013,#3331,#3332);
#2715=AXIS2_PLACEMENT_3D('',#4014,#3333,#3334);
#2716=AXIS2_PLACEMENT_3D('',#4016,#3335,#3336);
#2717=AXIS2_PLACEMENT_3D('',#4017,#3337,#3338);
#2718=AXIS2_PLACEMENT_3D('',#4019,#3339,#3340);
#2719=AXIS2_PLACEMENT_3D('',#4020,#3341,#3342);
#2720=AXIS2_PLACEMENT_3D('',#4022,#3343,#3344);
#2721=AXIS2_PLACEMENT_3D('',#4023,#3345,#3346);
#2722=AXIS2_PLACEMENT_3D('',#4025,#3347,#3348);
#2723=AXIS2_PLACEMENT_3D('',#4026,#3349,#3350);
#2724=AXIS2_PLACEMENT_3D('',#4028,#3351,#3352);
#2725=AXIS2_PLACEMENT_3D('',#4029,#3353,#3354);
#2726=AXIS2_PLACEMENT_3D('',#4031,#3355,#3356);
#2727=AXIS2_PLACEMENT_3D('',#4032,#3357,#3358);
#2728=AXIS2_PLACEMENT_3D('',#4034,#3359,#3360);
#2729=DIRECTION('',(0.,0.,1.));
#2730=DIRECTION('',(1.,0.,0.));
#2731=DIRECTION('',(0.,0.,-1.));
#2732=DIRECTION('',(-1.,0.,0.));
#2733=DIRECTION('',(0.,1.,0.));
#2734=DIRECTION('',(1.,0.,0.));
#2735=DIRECTION('',(0.,-1.,0.));
#2736=DIRECTION('',(1.,0.,0.));
#2737=DIRECTION('',(0.,-1.,0.));
#2738=DIRECTION('',(-1.,0.,0.));
#2739=DIRECTION('',(0.,-1.,0.));
#2740=DIRECTION('',(1.,0.,0.));
#2741=DIRECTION('',(0.,1.,0.));
#2742=DIRECTION('',(-1.,0.,0.));
#2743=DIRECTION('',(0.,-1.,0.));
#2744=DIRECTION('',(-1.,0.,0.));
#2745=DIRECTION('',(0.,0.,-1.));
#2746=DIRECTION('',(-1.,0.,0.));
#2747=DIRECTION('',(0.,0.,-1.));
#2748=DIRECTION('',(-1.,0.,0.));
#2749=DIRECTION('',(0.,0.,-1.));
#2750=DIRECTION('',(-1.,0.,0.));
#2751=DIRECTION('',(0.,0.,-1.));
#2752=DIRECTION('',(-1.,0.,0.));
#2753=DIRECTION('',(0.,-1.,0.));
#2754=DIRECTION('',(-1.,0.,0.));
#2755=DIRECTION('',(0.,1.,0.));
#2756=DIRECTION('',(1.,0.,0.));
#2757=DIRECTION('',(1.,0.,0.));
#2758=DIRECTION('',(0.,0.,-1.));
#2759=DIRECTION('',(0.,0.,-1.));
#2760=DIRECTION('',(0.,-1.,0.));
#2761=DIRECTION('',(0.,0.,1.));
#2762=DIRECTION('',(0.,1.,0.));
#2763=DIRECTION('',(0.,0.,-1.));
#2764=DIRECTION('',(0.,-1.,0.));
#2765=DIRECTION('',(0.,0.,-1.));
#2766=DIRECTION('',(0.,0.,-1.));
#2767=DIRECTION('',(0.,1.,0.));
#2768=DIRECTION('',(0.,0.,-1.));
#2769=DIRECTION('',(0.,0.,-1.));
#2770=DIRECTION('',(0.,-1.,0.));
#2771=DIRECTION('',(0.,0.,-1.));
#2772=DIRECTION('',(0.,1.,0.));
#2773=DIRECTION('',(0.,0.,-1.));
#2774=DIRECTION('',(0.,-1.,0.));
#2775=DIRECTION('',(0.,0.,1.));
#2776=DIRECTION('',(-1.,0.,0.));
#2777=DIRECTION('',(0.,0.,1.));
#2778=DIRECTION('',(0.,1.,0.));
#2779=DIRECTION('',(0.,0.,-1.));
#2780=DIRECTION('',(0.,0.,-1.));
#2781=DIRECTION('',(0.,1.,0.));
#2782=DIRECTION('',(0.,0.,1.));
#2783=DIRECTION('',(1.,0.,0.));
#2784=DIRECTION('',(0.,-1.,0.));
#2785=DIRECTION('',(0.,0.,-1.));
#2786=DIRECTION('',(-1.,0.,0.));
#2787=DIRECTION('',(0.,0.,-1.));
#2788=DIRECTION('',(-1.,0.,0.));
#2789=DIRECTION('',(0.,0.,-1.));
#2790=DIRECTION('',(-1.,0.,0.));
#2791=DIRECTION('',(0.,0.,-1.));
#2792=DIRECTION('',(-1.,0.,0.));
#2793=DIRECTION('',(0.,0.,-1.));
#2794=DIRECTION('',(-1.,0.,0.));
#2795=DIRECTION('',(0.,0.,-1.));
#2796=DIRECTION('',(-1.,0.,0.));
#2797=DIRECTION('',(0.,0.,-1.));
#2798=DIRECTION('',(-1.,0.,0.));
#2799=DIRECTION('',(0.,0.,-1.));
#2800=DIRECTION('',(-1.,0.,0.));
#2801=DIRECTION('',(0.,0.,-1.));
#2802=DIRECTION('',(-1.,0.,0.));
#2803=DIRECTION('',(0.,0.,-1.));
#2804=DIRECTION('',(-1.,0.,0.));
#2805=DIRECTION('',(0.,1.,0.));
#2806=DIRECTION('',(0.,0.,1.));
#2807=DIRECTION('',(0.,0.,-1.));
#2808=DIRECTION('',(1.,0.,0.));
#2809=DIRECTION('',(0.,-1.,0.));
#2810=DIRECTION('',(0.,0.,-1.));
#2811=DIRECTION('',(0.,0.,-1.));
#2812=DIRECTION('',(-1.,0.,0.));
#2813=DIRECTION('',(1.,0.,0.));
#2814=DIRECTION('',(0.,0.,-1.));
#2815=DIRECTION('',(0.,-1.,0.));
#2816=DIRECTION('',(0.,0.,1.));
#2817=DIRECTION('',(1.,0.,0.));
#2818=DIRECTION('',(0.,1.,0.));
#2819=DIRECTION('',(0.,0.,1.));
#2820=DIRECTION('',(0.,0.,-1.));
#2821=DIRECTION('',(1.,0.,0.));
#2822=DIRECTION('',(0.,-1.,0.));
#2823=DIRECTION('',(0.,0.,-1.));
#2824=DIRECTION('',(-1.,0.,0.));
#2825=DIRECTION('',(0.,0.,-1.));
#2826=DIRECTION('',(-1.,0.,0.));
#2827=DIRECTION('',(0.,0.,1.));
#2828=DIRECTION('',(0.,1.,0.));
#2829=DIRECTION('',(0.,0.,-1.));
#2830=DIRECTION('',(-1.,0.,0.));
#2831=DIRECTION('',(0.,1.,0.));
#2832=DIRECTION('',(0.,0.,1.));
#2833=DIRECTION('',(-1.,0.,0.));
#2834=DIRECTION('',(0.,0.,-1.));
#2835=DIRECTION('',(-1.,0.,0.));
#2836=DIRECTION('',(0.,0.,1.));
#2837=DIRECTION('',(1.,0.,0.));
#2838=DIRECTION('',(-1.,0.,0.));
#2839=DIRECTION('',(0.,1.,0.));
#2840=DIRECTION('',(0.,-1.,0.));
#2841=DIRECTION('',(0.,0.,-1.));
#2842=DIRECTION('',(-1.,0.,0.));
#2843=DIRECTION('',(0.,0.,1.));
#2844=DIRECTION('',(0.,0.,-1.));
#2845=DIRECTION('',(-1.,0.,0.));
#2846=DIRECTION('',(0.,-1.,0.));
#2847=DIRECTION('',(1.,0.,0.));
#2848=DIRECTION('',(0.,0.,-1.));
#2849=DIRECTION('',(0.,1.,0.));
#2850=DIRECTION('',(0.,0.,1.));
#2851=DIRECTION('',(-1.,0.,0.));
#2852=DIRECTION('',(0.,0.,-1.));
#2853=DIRECTION('',(-1.,0.,0.));
#2854=DIRECTION('',(0.,0.,1.));
#2855=DIRECTION('',(1.,0.,0.));
#2856=DIRECTION('',(-1.,0.,0.));
#2857=DIRECTION('',(0.,1.,0.));
#2858=DIRECTION('',(0.,-1.,0.));
#2859=DIRECTION('',(0.,0.,-1.));
#2860=DIRECTION('',(-1.,0.,0.));
#2861=DIRECTION('',(0.,0.,1.));
#2862=DIRECTION('',(0.,0.,-1.));
#2863=DIRECTION('',(-1.,0.,0.));
#2864=DIRECTION('',(0.,-1.,0.));
#2865=DIRECTION('',(1.,0.,0.));
#2866=DIRECTION('',(0.,0.,-1.));
#2867=DIRECTION('',(1.,0.,0.));
#2868=DIRECTION('',(0.,0.,-1.));
#2869=DIRECTION('',(0.,-1.,0.));
#2870=DIRECTION('',(0.,0.,-1.));
#2871=DIRECTION('',(0.,1.,0.));
#2872=DIRECTION('',(0.,0.,-1.));
#2873=DIRECTION('',(0.,-1.,0.));
#2874=DIRECTION('',(0.,0.,-1.));
#2875=DIRECTION('',(0.,0.,-1.));
#2876=DIRECTION('',(0.,1.,0.));
#2877=DIRECTION('',(0.,0.,1.));
#2878=DIRECTION('',(0.,0.,-1.));
#2879=DIRECTION('',(1.,0.,0.));
#2880=DIRECTION('',(-1.,0.,0.));
#2881=DIRECTION('',(0.,0.,1.));
#2882=DIRECTION('',(0.,0.,-1.));
#2883=DIRECTION('',(0.,1.,0.));
#2884=DIRECTION('',(0.,-1.,0.));
#2885=DIRECTION('',(0.,0.,-1.));
#2886=DIRECTION('',(-1.,0.,0.));
#2887=DIRECTION('',(0.,0.,1.));
#2888=DIRECTION('',(1.,0.,0.));
#2889=DIRECTION('',(0.,0.,-1.));
#2890=DIRECTION('',(-1.,0.,0.));
#2891=DIRECTION('',(0.,0.,-1.));
#2892=DIRECTION('',(-1.,0.,0.));
#2893=DIRECTION('',(0.,0.,-1.));
#2894=DIRECTION('',(-1.,0.,0.));
#2895=DIRECTION('',(0.,0.,-1.));
#2896=DIRECTION('',(-1.,0.,0.));
#2897=DIRECTION('',(-1.,0.,0.));
#2898=DIRECTION('',(0.,0.,1.));
#2899=DIRECTION('',(0.,-1.,0.));
#2900=DIRECTION('',(0.,0.,1.));
#2901=DIRECTION('',(0.,-1.,0.));
#2902=DIRECTION('',(0.,0.,1.));
#2903=DIRECTION('',(0.,-1.,0.));
#2904=DIRECTION('',(0.,0.,-1.));
#2905=DIRECTION('',(1.,0.,0.));
#2906=DIRECTION('',(1.,0.,0.));
#2907=DIRECTION('',(0.,0.,1.));
#2908=DIRECTION('',(1.,0.,0.));
#2909=DIRECTION('',(0.,0.,-1.));
#2910=DIRECTION('',(0.,1.,0.));
#2911=DIRECTION('',(0.,1.,0.));
#2912=DIRECTION('',(0.,0.,1.));
#2913=DIRECTION('',(0.,1.,0.));
#2914=DIRECTION('',(0.,0.,1.));
#2915=DIRECTION('',(-1.,0.,0.));
#2916=DIRECTION('',(-1.,0.,0.));
#2917=DIRECTION('',(0.,0.,1.));
#2918=DIRECTION('',(1.,0.,0.));
#2919=DIRECTION('',(0.,0.,1.));
#2920=DIRECTION('',(1.,0.,0.));
#2921=DIRECTION('',(1.,0.,0.));
#2922=DIRECTION('',(0.,0.,-1.));
#2923=DIRECTION('',(0.,1.,0.));
#2924=DIRECTION('',(0.,0.,1.));
#2925=DIRECTION('',(0.,1.,0.));
#2926=DIRECTION('',(0.,0.,1.));
#2927=DIRECTION('',(0.,-1.,0.));
#2928=DIRECTION('',(0.,0.,-1.));
#2929=DIRECTION('',(1.,0.,0.));
#2930=DIRECTION('',(0.,0.,1.));
#2931=DIRECTION('',(1.,0.,0.));
#2932=DIRECTION('',(-1.,0.,0.));
#2933=DIRECTION('',(0.,0.,1.));
#2934=DIRECTION('',(0.,-1.,0.));
#2935=DIRECTION('',(0.,0.,1.));
#2936=DIRECTION('',(0.,-1.,0.));
#2937=DIRECTION('',(0.,1.,0.));
#2938=DIRECTION('',(0.,0.,1.));
#2939=DIRECTION('',(-1.,0.,0.));
#2940=DIRECTION('',(-1.,0.,0.));
#2941=DIRECTION('',(0.,0.,-1.));
#2942=DIRECTION('',(-1.,0.,0.));
#2943=DIRECTION('',(0.,0.,-1.));
#2944=DIRECTION('',(-1.,0.,0.));
#2945=DIRECTION('',(1.,0.,0.));
#2946=DIRECTION('',(0.,0.,-1.));
#2947=DIRECTION('',(0.,1.,0.));
#2948=DIRECTION('',(0.,0.,1.));
#2949=DIRECTION('',(0.,1.,0.));
#2950=DIRECTION('',(0.,0.,1.));
#2951=DIRECTION('',(0.,-1.,0.));
#2952=DIRECTION('',(0.,0.,-1.));
#2953=DIRECTION('',(1.,0.,0.));
#2954=DIRECTION('',(0.,0.,1.));
#2955=DIRECTION('',(1.,0.,0.));
#2956=DIRECTION('',(-1.,0.,0.));
#2957=DIRECTION('',(0.,0.,1.));
#2958=DIRECTION('',(0.,-1.,0.));
#2959=DIRECTION('',(0.,0.,1.));
#2960=DIRECTION('',(0.,-1.,0.));
#2961=DIRECTION('',(0.,1.,0.));
#2962=DIRECTION('',(0.,0.,1.));
#2963=DIRECTION('',(-1.,0.,0.));
#2964=DIRECTION('',(-1.,0.,0.));
#2965=DIRECTION('',(0.,0.,-1.));
#2966=DIRECTION('',(-1.,0.,0.));
#2967=DIRECTION('',(0.,0.,-1.));
#2968=DIRECTION('',(-1.,0.,0.));
#2969=DIRECTION('',(1.,0.,0.));
#2970=DIRECTION('',(0.,0.,-1.));
#2971=DIRECTION('',(0.,-1.,0.));
#2972=DIRECTION('',(0.,0.,-1.));
#2973=DIRECTION('',(0.,-1.,0.));
#2974=DIRECTION('',(0.,0.,-1.));
#2975=DIRECTION('',(0.,1.,0.));
#2976=DIRECTION('',(0.,0.,1.));
#2977=DIRECTION('',(1.,0.,0.));
#2978=DIRECTION('',(0.,0.,-1.));
#2979=DIRECTION('',(1.,0.,0.));
#2980=DIRECTION('',(-1.,0.,0.));
#2981=DIRECTION('',(0.,0.,1.));
#2982=DIRECTION('',(0.,1.,0.));
#2983=DIRECTION('',(0.,0.,-1.));
#2984=DIRECTION('',(0.,1.,0.));
#2985=DIRECTION('',(0.,-1.,0.));
#2986=DIRECTION('',(0.,0.,-1.));
#2987=DIRECTION('',(-1.,0.,0.));
#2988=DIRECTION('',(-1.,0.,0.));
#2989=DIRECTION('',(0.,0.,1.));
#2990=DIRECTION('',(1.,0.,0.));
#2991=DIRECTION('',(0.,0.,1.));
#2992=DIRECTION('',(1.,0.,0.));
#2993=DIRECTION('',(1.,-1.5770213417971E-15,0.));
#2994=DIRECTION('',(1.5770213417971E-15,1.,0.));
#2995=DIRECTION('',(-1.5770213417971E-15,-1.,0.));
#2996=DIRECTION('',(0.,0.,-1.));
#2997=DIRECTION('',(-1.5770213417971E-15,-1.,0.));
#2998=DIRECTION('',(0.,0.,-1.));
#2999=DIRECTION('',(8.08223437671013E-16,1.,0.));
#3000=DIRECTION('',(-1.,8.08223437671013E-16,0.));
#3001=DIRECTION('',(1.,-8.08223437671013E-16,0.));
#3002=DIRECTION('',(0.,0.,-1.));
#3003=DIRECTION('',(1.,-8.08223437671013E-16,0.));
#3004=DIRECTION('',(-1.,1.73472347597681E-15,0.));
#3005=DIRECTION('',(-1.73472347597681E-15,-1.,0.));
#3006=DIRECTION('',(1.73472347597681E-15,1.,0.));
#3007=DIRECTION('',(0.,0.,-1.));
#3008=DIRECTION('',(1.73472347597681E-15,1.,0.));
#3009=DIRECTION('',(-1.73472347597681E-15,-1.,0.));
#3010=DIRECTION('',(1.,-1.73472347597681E-15,0.));
#3011=DIRECTION('',(-1.,1.73472347597681E-15,0.));
#3012=DIRECTION('',(-1.,1.73472347597681E-15,0.));
#3013=DIRECTION('',(0.,0.,1.));
#3014=DIRECTION('',(1.,0.,0.));
#3015=DIRECTION('',(0.,0.,1.));
#3016=DIRECTION('',(1.,0.,0.));
#3017=DIRECTION('',(1.,0.,0.));
#3018=DIRECTION('',(0.,0.,-1.));
#3019=DIRECTION('',(0.,-1.,0.));
#3020=DIRECTION('',(0.,0.,-1.));
#3021=DIRECTION('',(0.,-1.,0.));
#3022=DIRECTION('',(0.,0.,-1.));
#3023=DIRECTION('',(0.,1.,0.));
#3024=DIRECTION('',(0.,0.,1.));
#3025=DIRECTION('',(1.,0.,0.));
#3026=DIRECTION('',(0.,0.,-1.));
#3027=DIRECTION('',(1.,0.,0.));
#3028=DIRECTION('',(-1.,0.,0.));
#3029=DIRECTION('',(0.,0.,1.));
#3030=DIRECTION('',(0.,1.,0.));
#3031=DIRECTION('',(0.,0.,-1.));
#3032=DIRECTION('',(0.,1.,0.));
#3033=DIRECTION('',(0.,-1.,0.));
#3034=DIRECTION('',(0.,0.,-1.));
#3035=DIRECTION('',(-1.,0.,0.));
#3036=DIRECTION('',(-1.,0.,0.));
#3037=DIRECTION('',(0.,0.,1.));
#3038=DIRECTION('',(1.,0.,0.));
#3039=DIRECTION('',(0.,0.,1.));
#3040=DIRECTION('',(1.,0.,0.));
#3041=DIRECTION('',(1.,0.,0.));
#3042=DIRECTION('',(0.,0.,-1.));
#3043=DIRECTION('',(0.,-1.,0.));
#3044=DIRECTION('',(0.,0.,-1.));
#3045=DIRECTION('',(0.,-1.,0.));
#3046=DIRECTION('',(0.,0.,-1.));
#3047=DIRECTION('',(0.,1.,0.));
#3048=DIRECTION('',(0.,0.,1.));
#3049=DIRECTION('',(1.,0.,0.));
#3050=DIRECTION('',(0.,0.,-1.));
#3051=DIRECTION('',(1.,0.,0.));
#3052=DIRECTION('',(-1.,0.,0.));
#3053=DIRECTION('',(0.,0.,1.));
#3054=DIRECTION('',(0.,1.,0.));
#3055=DIRECTION('',(0.,0.,-1.));
#3056=DIRECTION('',(0.,1.,0.));
#3057=DIRECTION('',(0.,-1.,0.));
#3058=DIRECTION('',(0.,0.,-1.));
#3059=DIRECTION('',(-1.,0.,0.));
#3060=DIRECTION('',(-1.,0.,0.));
#3061=DIRECTION('',(0.,0.,1.));
#3062=DIRECTION('',(1.,0.,0.));
#3063=DIRECTION('',(0.,0.,1.));
#3064=DIRECTION('',(1.,0.,0.));
#3065=DIRECTION('',(1.,0.,0.));
#3066=DIRECTION('',(0.,0.,-1.));
#3067=DIRECTION('',(0.,-1.,0.));
#3068=DIRECTION('',(0.,0.,-1.));
#3069=DIRECTION('',(0.,-1.,0.));
#3070=DIRECTION('',(0.,0.,-1.));
#3071=DIRECTION('',(0.,1.,0.));
#3072=DIRECTION('',(0.,0.,1.));
#3073=DIRECTION('',(1.,0.,0.));
#3074=DIRECTION('',(0.,0.,-1.));
#3075=DIRECTION('',(1.,0.,0.));
#3076=DIRECTION('',(-1.,0.,0.));
#3077=DIRECTION('',(0.,0.,1.));
#3078=DIRECTION('',(0.,1.,0.));
#3079=DIRECTION('',(0.,0.,-1.));
#3080=DIRECTION('',(0.,1.,0.));
#3081=DIRECTION('',(0.,-1.,0.));
#3082=DIRECTION('',(0.,0.,-1.));
#3083=DIRECTION('',(-1.,0.,0.));
#3084=DIRECTION('',(-1.,0.,0.));
#3085=DIRECTION('',(0.,0.,1.));
#3086=DIRECTION('',(1.,0.,0.));
#3087=DIRECTION('',(0.,0.,1.));
#3088=DIRECTION('',(1.,0.,0.));
#3089=DIRECTION('',(1.,0.,0.));
#3090=DIRECTION('',(0.,0.,-1.));
#3091=DIRECTION('',(0.,-1.,0.));
#3092=DIRECTION('',(0.,0.,-1.));
#3093=DIRECTION('',(0.,-1.,0.));
#3094=DIRECTION('',(0.,0.,-1.));
#3095=DIRECTION('',(0.,1.,0.));
#3096=DIRECTION('',(0.,0.,1.));
#3097=DIRECTION('',(1.,0.,0.));
#3098=DIRECTION('',(0.,0.,-1.));
#3099=DIRECTION('',(1.,0.,0.));
#3100=DIRECTION('',(-1.,0.,0.));
#3101=DIRECTION('',(0.,0.,1.));
#3102=DIRECTION('',(0.,1.,0.));
#3103=DIRECTION('',(0.,0.,-1.));
#3104=DIRECTION('',(0.,1.,0.));
#3105=DIRECTION('',(0.,-1.,0.));
#3106=DIRECTION('',(0.,0.,-1.));
#3107=DIRECTION('',(-1.,0.,0.));
#3108=DIRECTION('',(-1.,0.,0.));
#3109=DIRECTION('',(0.,0.,1.));
#3110=DIRECTION('',(1.,0.,0.));
#3111=DIRECTION('',(0.,0.,1.));
#3112=DIRECTION('',(1.,0.,0.));
#3113=DIRECTION('',(-1.,0.,0.));
#3114=DIRECTION('',(0.,0.,1.));
#3115=DIRECTION('',(0.,-1.,0.));
#3116=DIRECTION('',(0.,0.,1.));
#3117=DIRECTION('',(0.,-1.,0.));
#3118=DIRECTION('',(0.,0.,1.));
#3119=DIRECTION('',(0.,-1.,0.));
#3120=DIRECTION('',(0.,0.,-1.));
#3121=DIRECTION('',(1.,0.,0.));
#3122=DIRECTION('',(1.,0.,0.));
#3123=DIRECTION('',(0.,0.,1.));
#3124=DIRECTION('',(1.,0.,0.));
#3125=DIRECTION('',(0.,0.,-1.));
#3126=DIRECTION('',(0.,1.,0.));
#3127=DIRECTION('',(0.,1.,0.));
#3128=DIRECTION('',(0.,0.,1.));
#3129=DIRECTION('',(0.,1.,0.));
#3130=DIRECTION('',(0.,0.,1.));
#3131=DIRECTION('',(-1.,0.,0.));
#3132=DIRECTION('',(-1.,0.,0.));
#3133=DIRECTION('',(0.,0.,1.));
#3134=DIRECTION('',(1.,0.,0.));
#3135=DIRECTION('',(0.,0.,1.));
#3136=DIRECTION('',(1.,0.,0.));
#3137=DIRECTION('',(-1.,0.,0.));
#3138=DIRECTION('',(0.,0.,1.));
#3139=DIRECTION('',(0.,-1.,0.));
#3140=DIRECTION('',(0.,0.,1.));
#3141=DIRECTION('',(0.,-1.,0.));
#3142=DIRECTION('',(0.,0.,1.));
#3143=DIRECTION('',(0.,-1.,0.));
#3144=DIRECTION('',(0.,0.,-1.));
#3145=DIRECTION('',(1.,0.,0.));
#3146=DIRECTION('',(1.,0.,0.));
#3147=DIRECTION('',(0.,0.,1.));
#3148=DIRECTION('',(1.,0.,0.));
#3149=DIRECTION('',(0.,0.,-1.));
#3150=DIRECTION('',(0.,1.,0.));
#3151=DIRECTION('',(0.,1.,0.));
#3152=DIRECTION('',(0.,0.,1.));
#3153=DIRECTION('',(0.,1.,0.));
#3154=DIRECTION('',(0.,0.,1.));
#3155=DIRECTION('',(-1.,0.,0.));
#3156=DIRECTION('',(-1.,0.,0.));
#3157=DIRECTION('',(0.,0.,1.));
#3158=DIRECTION('',(1.,0.,0.));
#3159=DIRECTION('',(0.,0.,1.));
#3160=DIRECTION('',(1.,0.,0.));
#3161=DIRECTION('',(-1.,0.,0.));
#3162=DIRECTION('',(0.,0.,1.));
#3163=DIRECTION('',(0.,-1.,0.));
#3164=DIRECTION('',(0.,0.,1.));
#3165=DIRECTION('',(0.,-1.,0.));
#3166=DIRECTION('',(0.,0.,1.));
#3167=DIRECTION('',(0.,-1.,0.));
#3168=DIRECTION('',(0.,0.,-1.));
#3169=DIRECTION('',(1.,0.,0.));
#3170=DIRECTION('',(1.,0.,0.));
#3171=DIRECTION('',(0.,0.,1.));
#3172=DIRECTION('',(1.,0.,0.));
#3173=DIRECTION('',(0.,0.,-1.));
#3174=DIRECTION('',(0.,1.,0.));
#3175=DIRECTION('',(0.,1.,0.));
#3176=DIRECTION('',(0.,0.,1.));
#3177=DIRECTION('',(0.,1.,0.));
#3178=DIRECTION('',(0.,0.,1.));
#3179=DIRECTION('',(-1.,0.,0.));
#3180=DIRECTION('',(-1.,0.,0.));
#3181=DIRECTION('',(0.,0.,1.));
#3182=DIRECTION('',(1.,0.,0.));
#3183=DIRECTION('',(0.,0.,1.));
#3184=DIRECTION('',(1.,0.,0.));
#3185=DIRECTION('',(-1.,0.,0.));
#3186=DIRECTION('',(0.,0.,1.));
#3187=DIRECTION('',(0.,-1.,0.));
#3188=DIRECTION('',(0.,0.,1.));
#3189=DIRECTION('',(0.,-1.,0.));
#3190=DIRECTION('',(0.,0.,1.));
#3191=DIRECTION('',(0.,-1.,0.));
#3192=DIRECTION('',(0.,0.,-1.));
#3193=DIRECTION('',(1.,0.,0.));
#3194=DIRECTION('',(1.,0.,0.));
#3195=DIRECTION('',(0.,0.,1.));
#3196=DIRECTION('',(1.,0.,0.));
#3197=DIRECTION('',(0.,0.,-1.));
#3198=DIRECTION('',(0.,1.,0.));
#3199=DIRECTION('',(0.,1.,0.));
#3200=DIRECTION('',(0.,0.,1.));
#3201=DIRECTION('',(0.,1.,0.));
#3202=DIRECTION('',(0.,0.,1.));
#3203=DIRECTION('',(-1.,0.,0.));
#3204=DIRECTION('',(-1.,0.,0.));
#3205=DIRECTION('',(0.,0.,1.));
#3206=DIRECTION('',(1.,0.,0.));
#3207=DIRECTION('',(0.,0.,1.));
#3208=DIRECTION('',(1.,0.,0.));
#3209=DIRECTION('',(-1.,0.,0.));
#3210=DIRECTION('',(0.,0.,1.));
#3211=DIRECTION('',(0.,-1.,0.));
#3212=DIRECTION('',(0.,0.,1.));
#3213=DIRECTION('',(0.,-1.,0.));
#3214=DIRECTION('',(0.,0.,1.));
#3215=DIRECTION('',(0.,-1.,0.));
#3216=DIRECTION('',(0.,0.,-1.));
#3217=DIRECTION('',(1.,0.,0.));
#3218=DIRECTION('',(1.,0.,0.));
#3219=DIRECTION('',(0.,0.,1.));
#3220=DIRECTION('',(1.,0.,0.));
#3221=DIRECTION('',(0.,0.,-1.));
#3222=DIRECTION('',(0.,1.,0.));
#3223=DIRECTION('',(0.,1.,0.));
#3224=DIRECTION('',(0.,0.,1.));
#3225=DIRECTION('',(0.,1.,0.));
#3226=DIRECTION('',(0.,0.,1.));
#3227=DIRECTION('',(-1.,0.,0.));
#3228=DIRECTION('',(-1.,0.,0.));
#3229=DIRECTION('',(0.,0.,1.));
#3230=DIRECTION('',(1.,0.,0.));
#3231=DIRECTION('',(0.,0.,1.));
#3232=DIRECTION('',(1.,0.,0.));
#3233=DIRECTION('',(-1.,0.,0.));
#3234=DIRECTION('',(0.,0.,1.));
#3235=DIRECTION('',(0.,-1.,0.));
#3236=DIRECTION('',(0.,0.,1.));
#3237=DIRECTION('',(0.,-1.,0.));
#3238=DIRECTION('',(0.,0.,1.));
#3239=DIRECTION('',(0.,-1.,0.));
#3240=DIRECTION('',(0.,0.,-1.));
#3241=DIRECTION('',(1.,0.,0.));
#3242=DIRECTION('',(1.,0.,0.));
#3243=DIRECTION('',(0.,0.,1.));
#3244=DIRECTION('',(1.,0.,0.));
#3245=DIRECTION('',(0.,0.,-1.));
#3246=DIRECTION('',(0.,1.,0.));
#3247=DIRECTION('',(0.,1.,0.));
#3248=DIRECTION('',(0.,0.,1.));
#3249=DIRECTION('',(0.,1.,0.));
#3250=DIRECTION('',(0.,0.,1.));
#3251=DIRECTION('',(-1.,0.,0.));
#3252=DIRECTION('',(-1.,0.,0.));
#3253=DIRECTION('',(0.,0.,1.));
#3254=DIRECTION('',(1.,0.,0.));
#3255=DIRECTION('',(0.,0.,1.));
#3256=DIRECTION('',(1.,0.,0.));
#3257=DIRECTION('',(0.,-1.,0.));
#3258=DIRECTION('',(0.,0.,-1.));
#3259=DIRECTION('',(1.,0.,0.));
#3260=DIRECTION('',(0.,0.,1.));
#3261=DIRECTION('',(1.,0.,0.));
#3262=DIRECTION('',(0.,0.,1.));
#3263=DIRECTION('',(1.,0.,0.));
#3264=DIRECTION('',(0.,0.,-1.));
#3265=DIRECTION('',(0.,1.,0.));
#3266=DIRECTION('',(0.,1.,0.));
#3267=DIRECTION('',(0.,0.,1.));
#3268=DIRECTION('',(0.,1.,0.));
#3269=DIRECTION('',(0.,0.,1.));
#3270=DIRECTION('',(-1.,0.,0.));
#3271=DIRECTION('',(-1.,0.,0.));
#3272=DIRECTION('',(0.,0.,1.));
#3273=DIRECTION('',(-1.,0.,0.));
#3274=DIRECTION('',(0.,0.,1.));
#3275=DIRECTION('',(0.,-1.,0.));
#3276=DIRECTION('',(0.,-1.,0.));
#3277=DIRECTION('',(0.,0.,1.));
#3278=DIRECTION('',(1.,0.,0.));
#3279=DIRECTION('',(0.,0.,1.));
#3280=DIRECTION('',(1.,0.,0.));
#3281=DIRECTION('',(-1.,0.,0.));
#3282=DIRECTION('',(0.,0.,1.));
#3283=DIRECTION('',(0.,-1.,0.));
#3284=DIRECTION('',(0.,0.,1.));
#3285=DIRECTION('',(0.,-1.,0.));
#3286=DIRECTION('',(0.,0.,1.));
#3287=DIRECTION('',(0.,-1.,0.));
#3288=DIRECTION('',(0.,0.,-1.));
#3289=DIRECTION('',(1.,0.,0.));
#3290=DIRECTION('',(1.,0.,0.));
#3291=DIRECTION('',(0.,0.,1.));
#3292=DIRECTION('',(1.,0.,0.));
#3293=DIRECTION('',(0.,0.,-1.));
#3294=DIRECTION('',(0.,1.,0.));
#3295=DIRECTION('',(0.,1.,0.));
#3296=DIRECTION('',(0.,0.,1.));
#3297=DIRECTION('',(0.,1.,0.));
#3298=DIRECTION('',(0.,0.,1.));
#3299=DIRECTION('',(-1.,0.,0.));
#3300=DIRECTION('',(-1.,0.,0.));
#3301=DIRECTION('',(0.,0.,1.));
#3302=DIRECTION('',(1.,0.,0.));
#3303=DIRECTION('',(0.,0.,1.));
#3304=DIRECTION('',(1.,0.,0.));
#3305=DIRECTION('',(-1.,0.,0.));
#3306=DIRECTION('',(0.,0.,1.));
#3307=DIRECTION('',(0.,-1.,0.));
#3308=DIRECTION('',(0.,0.,1.));
#3309=DIRECTION('',(0.,-1.,0.));
#3310=DIRECTION('',(0.,0.,1.));
#3311=DIRECTION('',(0.,-1.,0.));
#3312=DIRECTION('',(0.,0.,-1.));
#3313=DIRECTION('',(1.,0.,0.));
#3314=DIRECTION('',(1.,0.,0.));
#3315=DIRECTION('',(0.,0.,1.));
#3316=DIRECTION('',(1.,0.,0.));
#3317=DIRECTION('',(0.,0.,-1.));
#3318=DIRECTION('',(0.,1.,0.));
#3319=DIRECTION('',(0.,1.,0.));
#3320=DIRECTION('',(0.,0.,1.));
#3321=DIRECTION('',(0.,1.,0.));
#3322=DIRECTION('',(0.,0.,1.));
#3323=DIRECTION('',(-1.,0.,0.));
#3324=DIRECTION('',(-1.,0.,0.));
#3325=DIRECTION('',(0.,0.,1.));
#3326=DIRECTION('',(1.,0.,0.));
#3327=DIRECTION('',(0.,0.,1.));
#3328=DIRECTION('',(1.,0.,0.));
#3329=DIRECTION('',(0.,0.,-1.));
#3330=DIRECTION('',(-1.,0.,0.));
#3331=DIRECTION('',(0.,0.,1.));
#3332=DIRECTION('',(1.,0.,0.));
#3333=DIRECTION('',(0.,1.,0.));
#3334=DIRECTION('',(-1.,0.,0.));
#3335=DIRECTION('',(0.,0.,1.));
#3336=DIRECTION('',(1.,0.,0.));
#3337=DIRECTION('',(-1.,0.,0.));
#3338=DIRECTION('',(0.,-1.,0.));
#3339=DIRECTION('',(0.,0.,1.));
#3340=DIRECTION('',(1.,0.,0.));
#3341=DIRECTION('',(0.,-1.,0.));
#3342=DIRECTION('',(1.,0.,0.));
#3343=DIRECTION('',(0.,0.,1.));
#3344=DIRECTION('',(1.,0.,0.));
#3345=DIRECTION('',(0.,0.,1.));
#3346=DIRECTION('',(-1.,0.,0.));
#3347=DIRECTION('',(0.,0.,1.));
#3348=DIRECTION('',(1.,0.,0.));
#3349=DIRECTION('',(1.,0.,0.));
#3350=DIRECTION('',(0.,1.,0.));
#3351=DIRECTION('',(0.,0.,1.));
#3352=DIRECTION('',(1.,0.,0.));
#3353=DIRECTION('',(-0.577350269189626,0.577350269189626,-0.577350269189626));
#3354=DIRECTION('',(-0.707106781186548,-0.707106781186547,2.4980018054066E-16));
#3355=DIRECTION('',(0.,0.,1.));
#3356=DIRECTION('',(1.,0.,0.));
#3357=DIRECTION('',(-0.718873099001444,0.585048605539845,-0.375419227914531));
#3358=DIRECTION('',(-0.631219048679542,-0.77560461098687,-6.4864430493472E-9));
#3359=DIRECTION('',(0.,0.,1.));
#3360=DIRECTION('',(1.,0.,0.));
#3361=CARTESIAN_POINT('',(0.,0.,0.));
#3362=CARTESIAN_POINT('',(0.,0.,1.));
#3363=CARTESIAN_POINT('',(-2.5,0.,1.));
#3364=CARTESIAN_POINT('',(-2.5,6.,1.));
#3365=CARTESIAN_POINT('',(-2.5,10.5,1.));
#3366=CARTESIAN_POINT('',(0.,10.5,1.));
#3367=CARTESIAN_POINT('',(0.,10.5,1.));
#3368=CARTESIAN_POINT('',(0.,29.,1.));
#3369=CARTESIAN_POINT('',(0.,18.491840396486,1.));
#3370=CARTESIAN_POINT('',(0.,18.491840396486,1.));
#3371=CARTESIAN_POINT('',(-2.5,18.491840396486,1.));
#3372=CARTESIAN_POINT('',(-2.5,0.,1.));
#3373=CARTESIAN_POINT('',(-2.5,22.991840396486,1.));
#3374=CARTESIAN_POINT('',(0.,22.991840396486,1.));
#3375=CARTESIAN_POINT('',(0.,22.991840396486,1.));
#3376=CARTESIAN_POINT('',(0.,29.,1.));
#3377=CARTESIAN_POINT('',(0.,29.,1.));
#3378=CARTESIAN_POINT('',(-29.,29.,1.));
#3379=CARTESIAN_POINT('',(-29.,29.,1.));
#3380=CARTESIAN_POINT('',(-29.,0.,1.));
#3381=CARTESIAN_POINT('',(-29.,0.,1.));
#3382=CARTESIAN_POINT('',(0.,0.,1.));
#3383=CARTESIAN_POINT('',(0.,0.,1.));
#3384=CARTESIAN_POINT('',(0.,29.,1.));
#3385=CARTESIAN_POINT('',(0.,6.,1.));
#3386=CARTESIAN_POINT('',(0.,6.,1.));
#3387=CARTESIAN_POINT('',(-2.,27.,1.));
#3388=CARTESIAN_POINT('',(-3.,27.,1.));
#3389=CARTESIAN_POINT('',(-27.,27.,1.));
#3390=CARTESIAN_POINT('',(-28.,27.,1.));
#3391=CARTESIAN_POINT('',(-27.,2.,1.));
#3392=CARTESIAN_POINT('',(-28.,2.,1.));
#3393=CARTESIAN_POINT('',(-2.,2.,1.));
#3394=CARTESIAN_POINT('',(-3.,2.,1.));
#3395=CARTESIAN_POINT('',(-28.,0.,1.));
#3396=CARTESIAN_POINT('',(-28.,21.4816624409516,1.));
#3397=CARTESIAN_POINT('',(-28.,7.48166244095158,1.));
#3398=CARTESIAN_POINT('',(0.,21.4816624409516,1.));
#3399=CARTESIAN_POINT('',(-13.,21.4816624409516,1.));
#3400=CARTESIAN_POINT('',(-13.,0.,1.));
#3401=CARTESIAN_POINT('',(-13.,7.48166244095158,1.));
#3402=CARTESIAN_POINT('',(0.,7.48166244095158,1.));
#3403=CARTESIAN_POINT('',(0.,29.,1.));
#3404=CARTESIAN_POINT('',(0.,19.7418393698119,2.49995856172583));
#3405=CARTESIAN_POINT('',(0.,19.7418393698119,2.49995856172583));
#3406=CARTESIAN_POINT('',(0.,19.7418393698119,1.49999775893426));
#3407=CARTESIAN_POINT('',(0.,21.7418393698119,2.49995856172583));
#3408=CARTESIAN_POINT('',(0.,21.7418393698119,2.49995856172583));
#3409=CARTESIAN_POINT('',(0.,21.7418393698119,1.49999775893426));
#3410=CARTESIAN_POINT('',(0.,21.7418393698119,1.49999775893426));
#3411=CARTESIAN_POINT('',(0.,19.7418393698119,1.49999775893426));
#3412=CARTESIAN_POINT('',(0.,0.,1.));
#3413=CARTESIAN_POINT('',(0.,0.,0.));
#3414=CARTESIAN_POINT('',(0.,29.,0.));
#3415=CARTESIAN_POINT('',(0.,29.,0.));
#3416=CARTESIAN_POINT('',(0.,29.,1.));
#3417=CARTESIAN_POINT('',(0.,22.991840396486,3.));
#3418=CARTESIAN_POINT('',(0.,22.991840396486,3.));
#3419=CARTESIAN_POINT('',(0.,18.491840396486,3.));
#3420=CARTESIAN_POINT('',(0.,18.491840396486,3.));
#3421=CARTESIAN_POINT('',(0.,18.491840396486,3.));
#3422=CARTESIAN_POINT('',(0.,10.5,3.));
#3423=CARTESIAN_POINT('',(0.,10.5,3.));
#3424=CARTESIAN_POINT('',(0.,10.5,3.));
#3425=CARTESIAN_POINT('',(0.,6.,3.));
#3426=CARTESIAN_POINT('',(0.,6.,3.));
#3427=CARTESIAN_POINT('',(0.,7.24999980255945,1.49994978804137));
#3428=CARTESIAN_POINT('',(0.,7.24999980255945,1.49994978804137));
#3429=CARTESIAN_POINT('',(0.,9.24999980255945,1.49994978804137));
#3430=CARTESIAN_POINT('',(0.,7.24999980255945,2.49994978804137));
#3431=CARTESIAN_POINT('',(0.,7.24999980255945,2.49994978804137));
#3432=CARTESIAN_POINT('',(0.,9.24999980255945,2.49994978804137));
#3433=CARTESIAN_POINT('',(0.,9.24999980255945,2.49994978804137));
#3434=CARTESIAN_POINT('',(0.,9.24999980255945,1.49994978804137));
#3435=CARTESIAN_POINT('',(-29.,0.,1.));
#3436=CARTESIAN_POINT('',(-29.,0.,0.));
#3437=CARTESIAN_POINT('',(-29.,0.,0.));
#3438=CARTESIAN_POINT('',(-29.,29.,0.));
#3439=CARTESIAN_POINT('',(-29.,0.,1.));
#3440=CARTESIAN_POINT('',(-29.,29.,1.));
#3441=CARTESIAN_POINT('',(-29.,29.,1.));
#3442=CARTESIAN_POINT('',(-29.,29.,0.));
#3443=CARTESIAN_POINT('',(0.,0.,1.));
#3444=CARTESIAN_POINT('',(0.,0.,0.));
#3445=CARTESIAN_POINT('',(0.,0.,0.));
#3446=CARTESIAN_POINT('',(-2.,27.,0.));
#3447=CARTESIAN_POINT('',(-3.,27.,0.));
#3448=CARTESIAN_POINT('',(-27.,27.,0.));
#3449=CARTESIAN_POINT('',(-28.,27.,0.));
#3450=CARTESIAN_POINT('',(-27.,2.,0.));
#3451=CARTESIAN_POINT('',(-28.,2.,0.));
#3452=CARTESIAN_POINT('',(-2.,2.,0.));
#3453=CARTESIAN_POINT('',(-3.,2.,0.));
#3454=CARTESIAN_POINT('',(-2.,2.,1.));
#3455=CARTESIAN_POINT('',(-27.,2.,1.));
#3456=CARTESIAN_POINT('',(-27.,27.,1.));
#3457=CARTESIAN_POINT('',(-2.,27.,1.));
#3458=CARTESIAN_POINT('',(-2.5,18.491840396486,3.));
#3459=CARTESIAN_POINT('',(-2.5,18.491840396486,3.));
#3460=CARTESIAN_POINT('',(-2.5,18.491840396486,3.));
#3461=CARTESIAN_POINT('',(-2.5,18.491840396486,3.));
#3462=CARTESIAN_POINT('',(4.44089209850063E-16,22.991840396486,3.));
#3463=CARTESIAN_POINT('',(-2.5,22.991840396486,3.));
#3464=CARTESIAN_POINT('',(-2.5,22.991840396486,3.));
#3465=CARTESIAN_POINT('',(4.44089209850063E-16,22.991840396486,3.));
#3466=CARTESIAN_POINT('',(-2.5,22.991840396486,3.));
#3467=CARTESIAN_POINT('',(-2.5,22.991840396486,3.));
#3468=CARTESIAN_POINT('',(0.,0.,3.));
#3469=CARTESIAN_POINT('',(-2.5,10.5,3.));
#3470=CARTESIAN_POINT('',(-2.5,10.5,3.));
#3471=CARTESIAN_POINT('',(-2.5,10.5,3.));
#3472=CARTESIAN_POINT('',(-2.5,10.5,3.));
#3473=CARTESIAN_POINT('',(0.,6.,3.));
#3474=CARTESIAN_POINT('',(0.,6.,3.));
#3475=CARTESIAN_POINT('',(-2.5,6.,3.));
#3476=CARTESIAN_POINT('',(-2.5,6.,3.));
#3477=CARTESIAN_POINT('',(-2.5,6.,3.));
#3478=CARTESIAN_POINT('',(-2.5,6.,3.));
#3479=CARTESIAN_POINT('',(0.,0.,3.));
#3480=CARTESIAN_POINT('',(1.,19.7418393698119,2.49995856172583));
#3481=CARTESIAN_POINT('',(1.,19.7418393698119,1.49999775893426));
#3482=CARTESIAN_POINT('',(1.,19.7418393698119,1.49999775893426));
#3483=CARTESIAN_POINT('',(1.,19.7418393698119,2.49995856172583));
#3484=CARTESIAN_POINT('',(1.,19.7418393698119,2.49995856172583));
#3485=CARTESIAN_POINT('',(1.,19.7418393698119,2.49995856172583));
#3486=CARTESIAN_POINT('',(1.,19.7418393698119,1.49999775893426));
#3487=CARTESIAN_POINT('',(1.,21.7418393698119,1.49999775893426));
#3488=CARTESIAN_POINT('',(1.,21.7418393698119,1.49999775893426));
#3489=CARTESIAN_POINT('',(1.,19.7418393698119,1.49999775893426));
#3490=CARTESIAN_POINT('',(1.,21.7418393698119,1.49999775893426));
#3491=CARTESIAN_POINT('',(1.,21.7418393698119,2.49995856172583));
#3492=CARTESIAN_POINT('',(1.,21.7418393698119,2.49995856172583));
#3493=CARTESIAN_POINT('',(1.,21.7418393698119,1.49999775893426));
#3494=CARTESIAN_POINT('',(1.,21.7418393698119,2.49995856172583));
#3495=CARTESIAN_POINT('',(1.,21.7418393698119,2.49995856172583));
#3496=CARTESIAN_POINT('',(1.,0.,0.));
#3497=CARTESIAN_POINT('',(1.,7.24999980255945,2.49994978804137));
#3498=CARTESIAN_POINT('',(1.,7.24999980255945,1.49994978804137));
#3499=CARTESIAN_POINT('',(1.,7.24999980255945,1.49994978804137));
#3500=CARTESIAN_POINT('',(1.,7.24999980255945,2.49994978804137));
#3501=CARTESIAN_POINT('',(1.,7.24999980255945,2.49994978804137));
#3502=CARTESIAN_POINT('',(1.,7.24999980255945,2.49994978804137));
#3503=CARTESIAN_POINT('',(1.,7.24999980255945,1.49994978804137));
#3504=CARTESIAN_POINT('',(1.,9.24999980255945,1.49994978804137));
#3505=CARTESIAN_POINT('',(1.,9.24999980255945,1.49994978804137));
#3506=CARTESIAN_POINT('',(1.,7.24999980255945,1.49994978804137));
#3507=CARTESIAN_POINT('',(1.,9.24999980255945,1.49994978804137));
#3508=CARTESIAN_POINT('',(1.,9.24999980255945,2.49994978804137));
#3509=CARTESIAN_POINT('',(1.,9.24999980255945,2.49994978804137));
#3510=CARTESIAN_POINT('',(1.,9.24999980255945,1.49994978804137));
#3511=CARTESIAN_POINT('',(1.,9.24999980255945,2.49994978804137));
#3512=CARTESIAN_POINT('',(1.,9.24999980255945,2.49994978804137));
#3513=CARTESIAN_POINT('',(1.,0.,0.));
#3514=CARTESIAN_POINT('',(-28.,21.4816624409516,3.));
#3515=CARTESIAN_POINT('',(-28.,21.4816624409516,3.));
#3516=CARTESIAN_POINT('',(-28.,7.48166244095158,3.));
#3517=CARTESIAN_POINT('',(-28.,9.98173541022935,3.));
#3518=CARTESIAN_POINT('',(-28.,9.98173541022935,3.));
#3519=CARTESIAN_POINT('',(-28.,9.98173541022935,1.3));
#3520=CARTESIAN_POINT('',(-28.,21.4816624409516,1.3));
#3521=CARTESIAN_POINT('',(-28.,18.9815894716739,1.3));
#3522=CARTESIAN_POINT('',(-28.,18.9815894716739,3.));
#3523=CARTESIAN_POINT('',(-28.,18.9815894716739,3.));
#3524=CARTESIAN_POINT('',(-28.,21.4816624409516,3.));
#3525=CARTESIAN_POINT('',(-28.,21.4816624409516,3.));
#3526=CARTESIAN_POINT('',(-28.,21.4816624409516,3.));
#3527=CARTESIAN_POINT('',(-28.,7.48166244095158,3.));
#3528=CARTESIAN_POINT('',(-28.,7.48166244095158,3.));
#3529=CARTESIAN_POINT('',(-13.,7.48166244095158,3.));
#3530=CARTESIAN_POINT('',(-13.,7.48166244095158,3.));
#3531=CARTESIAN_POINT('',(-28.,7.48166244095158,3.));
#3532=CARTESIAN_POINT('',(-13.,7.48166244095158,3.));
#3533=CARTESIAN_POINT('',(-13.,21.4816624409516,3.));
#3534=CARTESIAN_POINT('',(-13.,21.4816624409516,3.));
#3535=CARTESIAN_POINT('',(-13.,7.48166244095158,3.));
#3536=CARTESIAN_POINT('',(-13.,21.4816624409516,3.));
#3537=CARTESIAN_POINT('',(-13.,21.4816624409516,3.));
#3538=CARTESIAN_POINT('',(0.,0.,3.));
#3539=CARTESIAN_POINT('',(-27.97437348687,14.4816624409516,3.));
#3540=CARTESIAN_POINT('',(-27.97437348687,14.4816624409516,1.3));
#3541=CARTESIAN_POINT('',(-27.97437348687,14.4816624409516,1.3));
#3542=CARTESIAN_POINT('',(-27.97437348687,14.4816624409516,3.));
#3543=CARTESIAN_POINT('',(-19.9999989197903,28.0155369350509,-1.5));
#3544=CARTESIAN_POINT('',(-19.9999989197903,28.0155369350509,0.));
#3545=CARTESIAN_POINT('',(-19.9999989197903,28.0155369350509,0.));
#3546=CARTESIAN_POINT('',(-19.9999989197903,25.0155369350509,0.));
#3547=CARTESIAN_POINT('',(-19.9999989197903,28.0155369350509,-1.5));
#3548=CARTESIAN_POINT('',(-19.9999989197903,28.0155369350509,-1.5));
#3549=CARTESIAN_POINT('',(-19.9999989197903,28.0155369350509,-1.5));
#3550=CARTESIAN_POINT('',(-19.9999989197903,25.0155369350509,-1.5));
#3551=CARTESIAN_POINT('',(-19.9999989197903,25.0155369350509,-1.5));
#3552=CARTESIAN_POINT('',(-19.9999989197903,25.0155369350509,-1.5));
#3553=CARTESIAN_POINT('',(-19.9999989197903,25.0155369350509,0.));
#3554=CARTESIAN_POINT('',(-5.99999891979029,25.0155369350509,0.));
#3555=CARTESIAN_POINT('',(-19.9999989197903,25.0155369350509,-1.5));
#3556=CARTESIAN_POINT('',(-5.99999891979029,25.0155369350509,-1.5));
#3557=CARTESIAN_POINT('',(-5.99999891979029,25.0155369350509,-1.5));
#3558=CARTESIAN_POINT('',(-5.99999891979029,25.0155369350509,-1.5));
#3559=CARTESIAN_POINT('',(-5.99999891979029,25.0155369350509,0.));
#3560=CARTESIAN_POINT('',(-5.99999891979029,28.0155369350509,0.));
#3561=CARTESIAN_POINT('',(-5.99999891979029,25.0155369350509,-1.5));
#3562=CARTESIAN_POINT('',(-5.99999891979029,28.0155369350509,-1.5));
#3563=CARTESIAN_POINT('',(-5.99999891979029,28.0155369350509,-1.5));
#3564=CARTESIAN_POINT('',(-5.99999891979029,28.0155369350509,-1.5));
#3565=CARTESIAN_POINT('',(-5.99999891979029,28.0155369350509,0.));
#3566=CARTESIAN_POINT('',(-5.99999891979029,28.0155369350509,-1.5));
#3567=CARTESIAN_POINT('',(0.,0.,-1.5));
#3568=CARTESIAN_POINT('',(0.,0.,0.));
#3569=CARTESIAN_POINT('',(-22.,7.,-1.));
#3570=CARTESIAN_POINT('',(-22.,7.,0.));
#3571=CARTESIAN_POINT('',(-22.,7.,0.));
#3572=CARTESIAN_POINT('',(-22.,12.,0.));
#3573=CARTESIAN_POINT('',(-22.,12.,-1.));
#3574=CARTESIAN_POINT('',(-22.,12.,-1.));
#3575=CARTESIAN_POINT('',(-22.,7.,-1.));
#3576=CARTESIAN_POINT('',(-22.,7.,-1.));
#3577=CARTESIAN_POINT('',(-22.,7.,-1.));
#3578=CARTESIAN_POINT('',(-22.,12.,-1.));
#3579=CARTESIAN_POINT('',(-22.,12.,0.));
#3580=CARTESIAN_POINT('',(-17.,12.,0.));
#3581=CARTESIAN_POINT('',(-17.,12.,-1.));
#3582=CARTESIAN_POINT('',(-17.,12.,-1.));
#3583=CARTESIAN_POINT('',(-22.,12.,-1.));
#3584=CARTESIAN_POINT('',(-17.,12.,-1.));
#3585=CARTESIAN_POINT('',(-17.,12.,0.));
#3586=CARTESIAN_POINT('',(-17.,7.,0.));
#3587=CARTESIAN_POINT('',(-17.,7.,-1.));
#3588=CARTESIAN_POINT('',(-17.,7.,-1.));
#3589=CARTESIAN_POINT('',(-17.,12.,-1.));
#3590=CARTESIAN_POINT('',(-17.,7.,-1.));
#3591=CARTESIAN_POINT('',(-17.,7.,0.));
#3592=CARTESIAN_POINT('',(-17.,7.,-1.));
#3593=CARTESIAN_POINT('',(0.,0.,-1.));
#3594=CARTESIAN_POINT('',(0.,0.,0.));
#3595=CARTESIAN_POINT('',(-26.,17.8372218916217,-1.));
#3596=CARTESIAN_POINT('',(-26.,17.8372218916217,0.));
#3597=CARTESIAN_POINT('',(-26.,17.8372218916217,0.));
#3598=CARTESIAN_POINT('',(-26.,21.8372218916217,0.));
#3599=CARTESIAN_POINT('',(-26.,21.8372218916217,-1.));
#3600=CARTESIAN_POINT('',(-26.,21.8372218916217,-1.));
#3601=CARTESIAN_POINT('',(-26.,17.8372218916217,-1.));
#3602=CARTESIAN_POINT('',(-26.,17.8372218916217,-1.));
#3603=CARTESIAN_POINT('',(-26.,17.8372218916217,-1.));
#3604=CARTESIAN_POINT('',(-26.,21.8372218916217,-1.));
#3605=CARTESIAN_POINT('',(-26.,21.8372218916217,0.));
#3606=CARTESIAN_POINT('',(-22.,21.8372218916217,0.));
#3607=CARTESIAN_POINT('',(-22.,21.8372218916217,-1.));
#3608=CARTESIAN_POINT('',(-22.,21.8372218916217,-1.));
#3609=CARTESIAN_POINT('',(-26.,21.8372218916217,-1.));
#3610=CARTESIAN_POINT('',(-22.,21.8372218916217,-1.));
#3611=CARTESIAN_POINT('',(-22.,21.8372218916217,0.));
#3612=CARTESIAN_POINT('',(-22.,17.8372218916217,0.));
#3613=CARTESIAN_POINT('',(-22.,17.8372218916217,-1.));
#3614=CARTESIAN_POINT('',(-22.,17.8372218916217,-1.));
#3615=CARTESIAN_POINT('',(-22.,21.8372218916217,-1.));
#3616=CARTESIAN_POINT('',(-22.,17.8372218916217,-1.));
#3617=CARTESIAN_POINT('',(-22.,17.8372218916217,0.));
#3618=CARTESIAN_POINT('',(-22.,17.8372218916217,-1.));
#3619=CARTESIAN_POINT('',(0.,0.,-1.));
#3620=CARTESIAN_POINT('',(0.,0.,0.));
#3621=CARTESIAN_POINT('',(-24.5000109673681,6.46303323596028,3.));
#3622=CARTESIAN_POINT('',(-24.5000109673681,6.46303323596028,1.));
#3623=CARTESIAN_POINT('',(-24.5000109673681,6.46303323596028,1.));
#3624=CARTESIAN_POINT('',(-24.5000109673681,2.46303323596028,1.));
#3625=CARTESIAN_POINT('',(-24.5000109673681,2.46303323596028,3.));
#3626=CARTESIAN_POINT('',(-24.5000109673681,2.46303323596028,3.));
#3627=CARTESIAN_POINT('',(-24.5000109673681,6.46303323596028,3.));
#3628=CARTESIAN_POINT('',(-24.5000109673681,6.46303323596028,3.));
#3629=CARTESIAN_POINT('',(-24.5000109673681,6.46303323596028,3.));
#3630=CARTESIAN_POINT('',(-24.5000109673681,2.46303323596028,3.));
#3631=CARTESIAN_POINT('',(-24.5000109673681,2.46303323596028,1.));
#3632=CARTESIAN_POINT('',(-20.5000109673681,2.46303323596028,1.));
#3633=CARTESIAN_POINT('',(-20.5000109673681,2.46303323596028,3.));
#3634=CARTESIAN_POINT('',(-20.5000109673681,2.46303323596028,3.));
#3635=CARTESIAN_POINT('',(-24.5000109673681,2.46303323596028,3.));
#3636=CARTESIAN_POINT('',(-20.5000109673681,3.06303323596028,3.));
#3637=CARTESIAN_POINT('',(-20.5000109673681,3.06303323596028,1.));
#3638=CARTESIAN_POINT('',(-20.5000109673681,6.46303323596028,1.));
#3639=CARTESIAN_POINT('',(-20.5000109673681,6.46303323596028,3.));
#3640=CARTESIAN_POINT('',(-20.5000109673681,6.46303323596028,3.));
#3641=CARTESIAN_POINT('',(-20.5000109673681,2.46303323596028,3.));
#3642=CARTESIAN_POINT('',(-20.5000109673681,6.46303323596028,3.));
#3643=CARTESIAN_POINT('',(-20.5000109673681,6.46303323596028,1.));
#3644=CARTESIAN_POINT('',(-20.5000109673681,6.46303323596028,3.));
#3645=CARTESIAN_POINT('',(0.,0.,3.));
#3646=CARTESIAN_POINT('',(0.,0.,1.));
#3647=CARTESIAN_POINT('',(-11.0000109673681,6.46303323596028,3.));
#3648=CARTESIAN_POINT('',(-11.0000109673681,6.46303323596028,1.));
#3649=CARTESIAN_POINT('',(-11.0000109673681,6.46303323596028,1.));
#3650=CARTESIAN_POINT('',(-11.0000109673681,0.963033235960277,1.));
#3651=CARTESIAN_POINT('',(-11.0000109673681,0.963033235960277,3.));
#3652=CARTESIAN_POINT('',(-11.0000109673681,0.963033235960277,3.));
#3653=CARTESIAN_POINT('',(-11.0000109673681,6.46303323596028,3.));
#3654=CARTESIAN_POINT('',(-11.0000109673681,6.46303323596028,3.));
#3655=CARTESIAN_POINT('',(-11.0000109673681,6.46303323596028,3.));
#3656=CARTESIAN_POINT('',(-11.0000109673681,0.963033235960282,3.));
#3657=CARTESIAN_POINT('',(-11.0000109673681,0.963033235960282,1.));
#3658=CARTESIAN_POINT('',(-5.50001096736811,0.963033235960277,1.));
#3659=CARTESIAN_POINT('',(-5.50001096736811,0.963033235960277,3.));
#3660=CARTESIAN_POINT('',(-5.50001096736811,0.963033235960277,3.));
#3661=CARTESIAN_POINT('',(-11.0000109673681,0.963033235960282,3.));
#3662=CARTESIAN_POINT('',(-5.50001096736811,0.963033235960276,3.));
#3663=CARTESIAN_POINT('',(-5.50001096736811,0.963033235960276,1.));
#3664=CARTESIAN_POINT('',(-5.5000109673681,6.46303323596027,1.));
#3665=CARTESIAN_POINT('',(-5.5000109673681,6.46303323596027,3.));
#3666=CARTESIAN_POINT('',(-5.5000109673681,6.46303323596027,3.));
#3667=CARTESIAN_POINT('',(-5.50001096736811,0.963033235960276,3.));
#3668=CARTESIAN_POINT('',(-5.5000109673681,6.46303323596027,3.));
#3669=CARTESIAN_POINT('',(-5.5000109673681,6.46303323596027,1.));
#3670=CARTESIAN_POINT('',(-5.5000109673681,6.46303323596027,3.));
#3671=CARTESIAN_POINT('',(0.,0.,3.));
#3672=CARTESIAN_POINT('',(0.,0.,1.));
#3673=CARTESIAN_POINT('',(-23.,28.,2.));
#3674=CARTESIAN_POINT('',(-23.,28.,1.));
#3675=CARTESIAN_POINT('',(-23.,28.,1.));
#3676=CARTESIAN_POINT('',(-23.,25.,1.));
#3677=CARTESIAN_POINT('',(-23.,25.,2.));
#3678=CARTESIAN_POINT('',(-23.,25.,2.));
#3679=CARTESIAN_POINT('',(-23.,28.,2.));
#3680=CARTESIAN_POINT('',(-23.,28.,2.));
#3681=CARTESIAN_POINT('',(-23.,28.,2.));
#3682=CARTESIAN_POINT('',(-23.,25.,2.));
#3683=CARTESIAN_POINT('',(-23.,25.,1.));
#3684=CARTESIAN_POINT('',(-21.5,25.,1.));
#3685=CARTESIAN_POINT('',(-21.5,25.,2.));
#3686=CARTESIAN_POINT('',(-21.5,25.,2.));
#3687=CARTESIAN_POINT('',(-23.,25.,2.));
#3688=CARTESIAN_POINT('',(-21.5,25.75,2.));
#3689=CARTESIAN_POINT('',(-21.5,25.75,1.));
#3690=CARTESIAN_POINT('',(-21.5,28.,1.));
#3691=CARTESIAN_POINT('',(-21.5,28.,2.));
#3692=CARTESIAN_POINT('',(-21.5,28.,2.));
#3693=CARTESIAN_POINT('',(-21.5,25.,2.));
#3694=CARTESIAN_POINT('',(-21.5,28.,2.));
#3695=CARTESIAN_POINT('',(-21.5,28.,1.));
#3696=CARTESIAN_POINT('',(-21.5,28.,2.));
#3697=CARTESIAN_POINT('',(0.,0.,2.));
#3698=CARTESIAN_POINT('',(0.,0.,1.));
#3699=CARTESIAN_POINT('',(-18.5,26.5,2.));
#3700=CARTESIAN_POINT('',(-18.5,26.5,1.));
#3701=CARTESIAN_POINT('',(-18.5,26.5,1.));
#3702=CARTESIAN_POINT('',(-18.5,25.,1.));
#3703=CARTESIAN_POINT('',(-18.5,25.,2.));
#3704=CARTESIAN_POINT('',(-18.5,25.,2.));
#3705=CARTESIAN_POINT('',(-18.5,26.5,2.));
#3706=CARTESIAN_POINT('',(-18.5,26.5,2.));
#3707=CARTESIAN_POINT('',(-18.5,26.5,2.));
#3708=CARTESIAN_POINT('',(-18.5,25.,2.));
#3709=CARTESIAN_POINT('',(-18.5,25.,1.));
#3710=CARTESIAN_POINT('',(-15.5,25.,1.));
#3711=CARTESIAN_POINT('',(-15.5,25.,2.));
#3712=CARTESIAN_POINT('',(-15.5,25.,2.));
#3713=CARTESIAN_POINT('',(-18.5,25.,2.));
#3714=CARTESIAN_POINT('',(-15.5,25.,2.));
#3715=CARTESIAN_POINT('',(-15.5,25.,1.));
#3716=CARTESIAN_POINT('',(-15.5,26.5,1.));
#3717=CARTESIAN_POINT('',(-15.5,26.5,2.));
#3718=CARTESIAN_POINT('',(-15.5,26.5,2.));
#3719=CARTESIAN_POINT('',(-15.5,25.,2.));
#3720=CARTESIAN_POINT('',(-15.5,26.5,2.));
#3721=CARTESIAN_POINT('',(-15.5,26.5,1.));
#3722=CARTESIAN_POINT('',(-15.5,26.5,2.));
#3723=CARTESIAN_POINT('',(0.,0.,2.));
#3724=CARTESIAN_POINT('',(0.,0.,1.));
#3725=CARTESIAN_POINT('',(-10.,27.,2.));
#3726=CARTESIAN_POINT('',(-10.,27.,1.));
#3727=CARTESIAN_POINT('',(-10.,27.,1.));
#3728=CARTESIAN_POINT('',(-10.,24.,1.));
#3729=CARTESIAN_POINT('',(-10.,24.,2.));
#3730=CARTESIAN_POINT('',(-10.,24.,2.));
#3731=CARTESIAN_POINT('',(-10.,27.,2.));
#3732=CARTESIAN_POINT('',(-10.,27.,2.));
#3733=CARTESIAN_POINT('',(-10.,27.,2.));
#3734=CARTESIAN_POINT('',(-10.,24.,2.));
#3735=CARTESIAN_POINT('',(-10.,24.,1.));
#3736=CARTESIAN_POINT('',(-9.,24.,1.));
#3737=CARTESIAN_POINT('',(-9.,24.,2.));
#3738=CARTESIAN_POINT('',(-9.,24.,2.));
#3739=CARTESIAN_POINT('',(-10.,24.,2.));
#3740=CARTESIAN_POINT('',(-9.,24.,2.));
#3741=CARTESIAN_POINT('',(-9.,24.,1.));
#3742=CARTESIAN_POINT('',(-9.,27.,1.));
#3743=CARTESIAN_POINT('',(-9.,27.,2.));
#3744=CARTESIAN_POINT('',(-9.,27.,2.));
#3745=CARTESIAN_POINT('',(-9.,24.,2.));
#3746=CARTESIAN_POINT('',(-9.,27.,2.));
#3747=CARTESIAN_POINT('',(-9.,27.,1.));
#3748=CARTESIAN_POINT('',(-9.,27.,2.));
#3749=CARTESIAN_POINT('',(0.,0.,2.));
#3750=CARTESIAN_POINT('',(0.,0.,1.));
#3751=CARTESIAN_POINT('',(-6.5,27.,2.));
#3752=CARTESIAN_POINT('',(-6.5,27.,1.));
#3753=CARTESIAN_POINT('',(-6.5,27.,1.));
#3754=CARTESIAN_POINT('',(-6.5,24.,1.));
#3755=CARTESIAN_POINT('',(-6.5,24.,2.));
#3756=CARTESIAN_POINT('',(-6.5,24.,2.));
#3757=CARTESIAN_POINT('',(-6.5,27.,2.));
#3758=CARTESIAN_POINT('',(-6.5,27.,2.));
#3759=CARTESIAN_POINT('',(-6.5,27.,2.));
#3760=CARTESIAN_POINT('',(-6.5,24.,2.));
#3761=CARTESIAN_POINT('',(-6.5,24.,1.));
#3762=CARTESIAN_POINT('',(-5.5,24.,1.));
#3763=CARTESIAN_POINT('',(-5.5,24.,2.));
#3764=CARTESIAN_POINT('',(-5.5,24.,2.));
#3765=CARTESIAN_POINT('',(-6.5,24.,2.));
#3766=CARTESIAN_POINT('',(-5.5,24.,2.));
#3767=CARTESIAN_POINT('',(-5.5,24.,1.));
#3768=CARTESIAN_POINT('',(-5.5,27.,1.));
#3769=CARTESIAN_POINT('',(-5.5,27.,2.));
#3770=CARTESIAN_POINT('',(-5.5,27.,2.));
#3771=CARTESIAN_POINT('',(-5.5,24.,2.));
#3772=CARTESIAN_POINT('',(-5.5,27.,2.));
#3773=CARTESIAN_POINT('',(-5.5,27.,1.));
#3774=CARTESIAN_POINT('',(-5.5,27.,2.));
#3775=CARTESIAN_POINT('',(0.,0.,2.));
#3776=CARTESIAN_POINT('',(0.,0.,1.));
#3777=CARTESIAN_POINT('',(-23.,2.5,-1.));
#3778=CARTESIAN_POINT('',(-23.,2.5,0.));
#3779=CARTESIAN_POINT('',(-23.,2.5,0.));
#3780=CARTESIAN_POINT('',(-23.,0.,0.));
#3781=CARTESIAN_POINT('',(-23.,2.5,-1.));
#3782=CARTESIAN_POINT('',(-23.,2.5,-1.));
#3783=CARTESIAN_POINT('',(-23.,2.5,-1.));
#3784=CARTESIAN_POINT('',(-23.,0.,-1.));
#3785=CARTESIAN_POINT('',(-23.,0.,-1.));
#3786=CARTESIAN_POINT('',(-23.,0.,-1.));
#3787=CARTESIAN_POINT('',(-23.,0.,0.));
#3788=CARTESIAN_POINT('',(-21.5,0.,0.));
#3789=CARTESIAN_POINT('',(-23.,0.,-1.));
#3790=CARTESIAN_POINT('',(-21.5,0.,-1.));
#3791=CARTESIAN_POINT('',(-21.5,0.,-1.));
#3792=CARTESIAN_POINT('',(-21.5,0.,-1.));
#3793=CARTESIAN_POINT('',(-21.5,0.,0.));
#3794=CARTESIAN_POINT('',(-21.5,2.5,0.));
#3795=CARTESIAN_POINT('',(-21.5,0.,-1.));
#3796=CARTESIAN_POINT('',(-21.5,2.5,-1.));
#3797=CARTESIAN_POINT('',(-21.5,2.5,-1.));
#3798=CARTESIAN_POINT('',(-21.5,2.5,-1.));
#3799=CARTESIAN_POINT('',(-21.5,2.5,0.));
#3800=CARTESIAN_POINT('',(-21.5,2.5,-1.));
#3801=CARTESIAN_POINT('',(0.,0.,-1.));
#3802=CARTESIAN_POINT('',(0.,0.,0.));
#3803=CARTESIAN_POINT('',(-14.5,20.5,-1.));
#3804=CARTESIAN_POINT('',(-14.5,20.5,0.));
#3805=CARTESIAN_POINT('',(-14.5,20.5,0.));
#3806=CARTESIAN_POINT('',(-14.5,7.5,0.));
#3807=CARTESIAN_POINT('',(-14.5,20.5,-1.));
#3808=CARTESIAN_POINT('',(-14.5,20.5,-1.));
#3809=CARTESIAN_POINT('',(-14.5,20.5,-1.));
#3810=CARTESIAN_POINT('',(-14.5,7.5,-1.));
#3811=CARTESIAN_POINT('',(-14.5,7.5,-1.));
#3812=CARTESIAN_POINT('',(-14.5,7.5,-1.));
#3813=CARTESIAN_POINT('',(-14.5,7.5,0.));
#3814=CARTESIAN_POINT('',(-1.5,7.5,0.));
#3815=CARTESIAN_POINT('',(-14.5,7.5,-1.));
#3816=CARTESIAN_POINT('',(-1.5,7.5,-1.));
#3817=CARTESIAN_POINT('',(-1.5,7.5,-1.));
#3818=CARTESIAN_POINT('',(-1.5,7.5,-1.));
#3819=CARTESIAN_POINT('',(-1.5,7.5,0.));
#3820=CARTESIAN_POINT('',(-1.5,20.5,0.));
#3821=CARTESIAN_POINT('',(-1.5,7.5,-1.));
#3822=CARTESIAN_POINT('',(-1.5,20.5,-1.));
#3823=CARTESIAN_POINT('',(-1.5,20.5,-1.));
#3824=CARTESIAN_POINT('',(-1.5,20.5,-1.));
#3825=CARTESIAN_POINT('',(-1.5,20.5,0.));
#3826=CARTESIAN_POINT('',(-1.5,20.5,-1.));
#3827=CARTESIAN_POINT('',(0.,0.,-1.));
#3828=CARTESIAN_POINT('',(0.,0.,0.));
#3829=CARTESIAN_POINT('',(-27.5,7.50000000000001,-1.));
#3830=CARTESIAN_POINT('',(-27.5,7.50000000000001,0.));
#3831=CARTESIAN_POINT('',(-27.5,7.50000000000001,0.));
#3832=CARTESIAN_POINT('',(-27.5,6.,0.));
#3833=CARTESIAN_POINT('',(-27.5,7.50000000000001,-1.));
#3834=CARTESIAN_POINT('',(-27.5,7.50000000000001,-1.));
#3835=CARTESIAN_POINT('',(-27.5,7.50000000000001,-1.));
#3836=CARTESIAN_POINT('',(-27.5,6.,-1.));
#3837=CARTESIAN_POINT('',(-27.5,6.,-1.));
#3838=CARTESIAN_POINT('',(-27.5,6.,-1.));
#3839=CARTESIAN_POINT('',(-27.5,6.,0.));
#3840=CARTESIAN_POINT('',(-24.5,6.,0.));
#3841=CARTESIAN_POINT('',(-27.5,6.,-1.));
#3842=CARTESIAN_POINT('',(-24.5,6.,-1.));
#3843=CARTESIAN_POINT('',(-24.5,6.,-1.));
#3844=CARTESIAN_POINT('',(-24.5,6.,-1.));
#3845=CARTESIAN_POINT('',(-24.5,6.,0.));
#3846=CARTESIAN_POINT('',(-24.5,7.5,0.));
#3847=CARTESIAN_POINT('',(-24.5,6.,-1.));
#3848=CARTESIAN_POINT('',(-24.5,7.5,-1.));
#3849=CARTESIAN_POINT('',(-24.5,7.5,-1.));
#3850=CARTESIAN_POINT('',(-24.5,7.50000000000001,-1.));
#3851=CARTESIAN_POINT('',(-24.5,7.50000000000001,0.));
#3852=CARTESIAN_POINT('',(-24.5,7.50000000000001,-1.));
#3853=CARTESIAN_POINT('',(0.,0.,-1.));
#3854=CARTESIAN_POINT('',(0.,0.,0.));
#3855=CARTESIAN_POINT('',(-26.,12.,-1.));
#3856=CARTESIAN_POINT('',(-26.,12.,0.));
#3857=CARTESIAN_POINT('',(-26.,12.,0.));
#3858=CARTESIAN_POINT('',(-26.,9.00000000000001,0.));
#3859=CARTESIAN_POINT('',(-26.,12.,-1.));
#3860=CARTESIAN_POINT('',(-26.,12.,-1.));
#3861=CARTESIAN_POINT('',(-26.,12.,-1.));
#3862=CARTESIAN_POINT('',(-26.,9.00000000000001,-1.));
#3863=CARTESIAN_POINT('',(-26.,9.00000000000001,-1.));
#3864=CARTESIAN_POINT('',(-26.,9.00000000000001,-1.));
#3865=CARTESIAN_POINT('',(-26.,9.00000000000001,0.));
#3866=CARTESIAN_POINT('',(-24.5,9.00000000000001,0.));
#3867=CARTESIAN_POINT('',(-26.,9.00000000000001,-1.));
#3868=CARTESIAN_POINT('',(-24.5,9.00000000000001,-1.));
#3869=CARTESIAN_POINT('',(-24.5,9.00000000000001,-1.));
#3870=CARTESIAN_POINT('',(-24.5,9.00000000000001,-1.));
#3871=CARTESIAN_POINT('',(-24.5,9.00000000000001,0.));
#3872=CARTESIAN_POINT('',(-24.5,12.,0.));
#3873=CARTESIAN_POINT('',(-24.5,9.00000000000001,-1.));
#3874=CARTESIAN_POINT('',(-24.5,12.,-1.));
#3875=CARTESIAN_POINT('',(-24.5,12.,-1.));
#3876=CARTESIAN_POINT('',(-24.5,12.,-1.));
#3877=CARTESIAN_POINT('',(-24.5,12.,0.));
#3878=CARTESIAN_POINT('',(-24.5,12.,-1.));
#3879=CARTESIAN_POINT('',(0.,0.,-1.));
#3880=CARTESIAN_POINT('',(0.,0.,0.));
#3881=CARTESIAN_POINT('',(-26.5,25.,-1.));
#3882=CARTESIAN_POINT('',(-26.5,25.,0.));
#3883=CARTESIAN_POINT('',(-26.5,25.,0.));
#3884=CARTESIAN_POINT('',(-26.5,23.,0.));
#3885=CARTESIAN_POINT('',(-26.5,25.,-1.));
#3886=CARTESIAN_POINT('',(-26.5,25.,-1.));
#3887=CARTESIAN_POINT('',(-26.5,25.,-1.));
#3888=CARTESIAN_POINT('',(-26.5,23.,-1.));
#3889=CARTESIAN_POINT('',(-26.5,23.,-1.));
#3890=CARTESIAN_POINT('',(-26.5,23.,-1.));
#3891=CARTESIAN_POINT('',(-26.5,23.,0.));
#3892=CARTESIAN_POINT('',(-24.,23.,0.));
#3893=CARTESIAN_POINT('',(-26.5,23.,-1.));
#3894=CARTESIAN_POINT('',(-24.,23.,-1.));
#3895=CARTESIAN_POINT('',(-24.,23.,-1.));
#3896=CARTESIAN_POINT('',(-24.,23.,-1.));
#3897=CARTESIAN_POINT('',(-24.,23.,0.));
#3898=CARTESIAN_POINT('',(-24.,25.,0.));
#3899=CARTESIAN_POINT('',(-24.,23.,-1.));
#3900=CARTESIAN_POINT('',(-24.,25.,-1.));
#3901=CARTESIAN_POINT('',(-24.,25.,-1.));
#3902=CARTESIAN_POINT('',(-24.,25.,-1.));
#3903=CARTESIAN_POINT('',(-24.,25.,0.));
#3904=CARTESIAN_POINT('',(-24.,25.,-1.));
#3905=CARTESIAN_POINT('',(0.,0.,-1.));
#3906=CARTESIAN_POINT('',(0.,0.,0.));
#3907=CARTESIAN_POINT('',(-25.75,16.5,-1.));
#3908=CARTESIAN_POINT('',(-25.75,16.5,0.));
#3909=CARTESIAN_POINT('',(-25.75,16.5,0.));
#3910=CARTESIAN_POINT('',(-25.75,14.,0.));
#3911=CARTESIAN_POINT('',(-25.75,16.5,-1.));
#3912=CARTESIAN_POINT('',(-25.75,16.5,-1.));
#3913=CARTESIAN_POINT('',(-25.75,16.5,-1.));
#3914=CARTESIAN_POINT('',(-25.75,14.,-1.));
#3915=CARTESIAN_POINT('',(-25.75,14.,-1.));
#3916=CARTESIAN_POINT('',(-24.5,14.,-1.));
#3917=CARTESIAN_POINT('',(-24.5,14.,0.));
#3918=CARTESIAN_POINT('',(-23.75,14.,0.));
#3919=CARTESIAN_POINT('',(-25.75,14.,-1.));
#3920=CARTESIAN_POINT('',(-23.75,14.,-1.));
#3921=CARTESIAN_POINT('',(-23.75,14.,-1.));
#3922=CARTESIAN_POINT('',(-23.75,14.,-1.));
#3923=CARTESIAN_POINT('',(-23.75,14.,0.));
#3924=CARTESIAN_POINT('',(-23.75,16.5,0.));
#3925=CARTESIAN_POINT('',(-23.75,14.,-1.));
#3926=CARTESIAN_POINT('',(-23.75,16.5,-1.));
#3927=CARTESIAN_POINT('',(-23.75,16.5,-1.));
#3928=CARTESIAN_POINT('',(-23.75,16.5,-1.));
#3929=CARTESIAN_POINT('',(-23.75,16.5,0.));
#3930=CARTESIAN_POINT('',(-23.75,16.5,-1.));
#3931=CARTESIAN_POINT('',(0.,0.,-1.));
#3932=CARTESIAN_POINT('',(0.,0.,0.));
#3933=CARTESIAN_POINT('',(-20.75,15.25,-1.));
#3934=CARTESIAN_POINT('',(-20.75,15.25,0.));
#3935=CARTESIAN_POINT('',(-20.75,15.25,0.));
#3936=CARTESIAN_POINT('',(-18.25,15.25,0.));
#3937=CARTESIAN_POINT('',(-20.75,15.25,-1.));
#3938=CARTESIAN_POINT('',(-20.75,15.25,-1.));
#3939=CARTESIAN_POINT('',(-20.75,15.25,-1.));
#3940=CARTESIAN_POINT('',(-18.25,15.25,-1.));
#3941=CARTESIAN_POINT('',(-18.25,15.25,-1.));
#3942=CARTESIAN_POINT('',(-18.25,15.25,-1.));
#3943=CARTESIAN_POINT('',(-18.25,15.25,0.));
#3944=CARTESIAN_POINT('',(-18.25,17.25,0.));
#3945=CARTESIAN_POINT('',(-18.25,15.25,-1.));
#3946=CARTESIAN_POINT('',(-18.25,17.25,-1.));
#3947=CARTESIAN_POINT('',(-18.25,17.25,-1.));
#3948=CARTESIAN_POINT('',(-18.25,17.25,-1.));
#3949=CARTESIAN_POINT('',(-18.25,17.25,0.));
#3950=CARTESIAN_POINT('',(-20.75,17.25,0.));
#3951=CARTESIAN_POINT('',(-18.25,17.25,-1.));
#3952=CARTESIAN_POINT('',(-20.75,17.25,-1.));
#3953=CARTESIAN_POINT('',(-20.75,17.25,-1.));
#3954=CARTESIAN_POINT('',(-20.75,17.25,-1.));
#3955=CARTESIAN_POINT('',(-20.75,17.25,0.));
#3956=CARTESIAN_POINT('',(-20.75,16.5,-1.));
#3957=CARTESIAN_POINT('',(0.,0.,-1.));
#3958=CARTESIAN_POINT('',(0.,0.,0.));
#3959=CARTESIAN_POINT('',(-20.25,22.25,-1.));
#3960=CARTESIAN_POINT('',(-20.25,22.25,0.));
#3961=CARTESIAN_POINT('',(-20.25,22.25,0.));
#3962=CARTESIAN_POINT('',(-20.25,20.25,0.));
#3963=CARTESIAN_POINT('',(-20.25,22.25,-1.));
#3964=CARTESIAN_POINT('',(-20.25,22.25,-1.));
#3965=CARTESIAN_POINT('',(-20.25,22.25,-1.));
#3966=CARTESIAN_POINT('',(-20.25,20.25,-1.));
#3967=CARTESIAN_POINT('',(-20.25,20.25,-1.));
#3968=CARTESIAN_POINT('',(-18.25,20.25,-1.));
#3969=CARTESIAN_POINT('',(-18.25,20.25,0.));
#3970=CARTESIAN_POINT('',(-17.75,20.25,0.));
#3971=CARTESIAN_POINT('',(-20.25,20.25,-1.));
#3972=CARTESIAN_POINT('',(-17.75,20.25,-1.));
#3973=CARTESIAN_POINT('',(-17.75,20.25,-1.));
#3974=CARTESIAN_POINT('',(-17.75,20.25,-1.));
#3975=CARTESIAN_POINT('',(-17.75,20.25,0.));
#3976=CARTESIAN_POINT('',(-17.75,22.25,0.));
#3977=CARTESIAN_POINT('',(-17.75,20.25,-1.));
#3978=CARTESIAN_POINT('',(-17.75,22.25,-1.));
#3979=CARTESIAN_POINT('',(-17.75,22.25,-1.));
#3980=CARTESIAN_POINT('',(-17.75,22.25,-1.));
#3981=CARTESIAN_POINT('',(-17.75,22.25,0.));
#3982=CARTESIAN_POINT('',(-17.75,22.25,-1.));
#3983=CARTESIAN_POINT('',(0.,0.,-1.));
#3984=CARTESIAN_POINT('',(0.,0.,0.));
#3985=CARTESIAN_POINT('',(-14.,5.,-1.));
#3986=CARTESIAN_POINT('',(-14.,5.,0.));
#3987=CARTESIAN_POINT('',(-14.,5.,0.));
#3988=CARTESIAN_POINT('',(-14.,3.5,0.));
#3989=CARTESIAN_POINT('',(-14.,5.,-1.));
#3990=CARTESIAN_POINT('',(-14.,5.,-1.));
#3991=CARTESIAN_POINT('',(-14.,5.,-1.));
#3992=CARTESIAN_POINT('',(-14.,3.5,-1.));
#3993=CARTESIAN_POINT('',(-14.,3.5,-1.));
#3994=CARTESIAN_POINT('',(-14.,3.5,-1.));
#3995=CARTESIAN_POINT('',(-14.,3.5,0.));
#3996=CARTESIAN_POINT('',(-11.,3.5,0.));
#3997=CARTESIAN_POINT('',(-14.,3.5,-1.));
#3998=CARTESIAN_POINT('',(-11.,3.5,-1.));
#3999=CARTESIAN_POINT('',(-11.,3.5,-1.));
#4000=CARTESIAN_POINT('',(-11.,3.5,-1.));
#4001=CARTESIAN_POINT('',(-11.,3.5,0.));
#4002=CARTESIAN_POINT('',(-11.,5.,0.));
#4003=CARTESIAN_POINT('',(-11.,3.5,-1.));
#4004=CARTESIAN_POINT('',(-11.,5.,-1.));
#4005=CARTESIAN_POINT('',(-11.,5.,-1.));
#4006=CARTESIAN_POINT('',(-11.,5.,-1.));
#4007=CARTESIAN_POINT('',(-11.,5.,0.));
#4008=CARTESIAN_POINT('',(-11.,5.,-1.));
#4009=CARTESIAN_POINT('',(0.,0.,-1.));
#4010=CARTESIAN_POINT('',(0.,0.,0.));
#4011=CARTESIAN_POINT('',(-14.,14.5,46.5871620178223));
#4012=CARTESIAN_POINT('',(0.,0.,0.));
#4013=CARTESIAN_POINT('',(-11.6154840402973,-11.6154840402973,46.5871620178223));
#4014=CARTESIAN_POINT('',(-14.,-25.3765602111816,0.75));
#4015=CARTESIAN_POINT('',(0.,0.,0.));
#4016=CARTESIAN_POINT('',(-6.32708706355328,-6.32708706355328,25.3765602111816));
#4017=CARTESIAN_POINT('',(24.5306739807129,14.5,0.75));
#4018=CARTESIAN_POINT('',(0.,0.,0.));
#4019=CARTESIAN_POINT('',(-6.11618393950897,-6.11618393950897,24.5306739807129));
#4020=CARTESIAN_POINT('',(-14.,25.3765602111816,0.75));
#4021=CARTESIAN_POINT('',(0.,0.,0.));
#4022=CARTESIAN_POINT('',(-6.32708706355328,-6.32708706355328,25.3765602111816));
#4023=CARTESIAN_POINT('',(-14.,14.5,-46.5871620178223));
#4024=CARTESIAN_POINT('',(0.,0.,0.));
#4025=CARTESIAN_POINT('',(-11.6154840402973,-11.6154840402973,46.5871620178223));
#4026=CARTESIAN_POINT('',(-24.5306739807129,14.5,0.75));
#4027=CARTESIAN_POINT('',(0.,0.,0.));
#4028=CARTESIAN_POINT('',(-6.11618393950897,-6.11618393950897,24.5306739807129));
#4029=CARTESIAN_POINT('',(19.6119117736816,-19.1119117736816,35.1119117736816));
#4030=CARTESIAN_POINT('',(0.,0.,0.));
#4031=CARTESIAN_POINT('',(-10.628623772458,-10.628623772458,42.6290816634192));
#4032=CARTESIAN_POINT('',(704.873099001444,-570.548605539845,376.919227914531));
#4033=CARTESIAN_POINT('',(0.,0.,0.));
#4034=CARTESIAN_POINT('',(-500.,-500.,1000.));
#4035=MECHANICAL_DESIGN_GEOMETRIC_PRESENTATION_REPRESENTATION('',(#2404,
#2405,#2406,#2407,#2408,#2409,#2410,#2411,#2412,#2413,#2414,#2415,#2416,
#2417,#2418,#2419,#2420,#2421,#2422),#4036);
#4036=(
GEOMETRIC_REPRESENTATION_CONTEXT(3)
GLOBAL_UNCERTAINTY_ASSIGNED_CONTEXT((#4037))
GLOBAL_UNIT_ASSIGNED_CONTEXT((#4040,#4039,#4038))
REPRESENTATION_CONTEXT('Runcam_Platine','TOP_LEVEL_ASSEMBLY_PART')
);
#4037=UNCERTAINTY_MEASURE_WITH_UNIT(LENGTH_MEASURE(0.005),#4040,
'DISTANCE_ACCURACY_VALUE','Maximum Tolerance applied to model');
#4038=(
NAMED_UNIT(*)
SI_UNIT($,.STERADIAN.)
SOLID_ANGLE_UNIT()
);
#4039=(
NAMED_UNIT(*)
PLANE_ANGLE_UNIT()
SI_UNIT($,.RADIAN.)
);
#4040=(
LENGTH_UNIT()
NAMED_UNIT(*)
SI_UNIT(.MILLI.,.METRE.)
);
#4041=PRODUCT_DEFINITION_SHAPE('','',#4042);
#4042=PRODUCT_DEFINITION('','',#4044,#4043);
#4043=PRODUCT_DEFINITION_CONTEXT('',#4050,'design');
#4044=PRODUCT_DEFINITION_FORMATION_WITH_SPECIFIED_SOURCE('','',#4046,
 .NOT_KNOWN.);
#4045=PRODUCT_RELATED_PRODUCT_CATEGORY('','',(#4046));
#4046=PRODUCT('Runcam_Platine','Runcam_Platine','Runcam_Platine',(#4048));
#4047=PRODUCT_CATEGORY('','');
#4048=PRODUCT_CONTEXT('',#4050,'mechanical');
#4049=APPLICATION_PROTOCOL_DEFINITION('international standard',
'ap242_managed_model_based_3d_engineering',2020,#4050);
#4050=APPLICATION_CONTEXT('managed model based 3d engineering');
ENDSEC;
END-ISO-10303-21;
