ISO-10303-21;
HEADER;
/* Generated by software containing ST-Developer
 * from STEP Tools, Inc. (www.steptools.com) 
 */
/* OPTION: using custom renumber hook */

FILE_DESCRIPTION(
/* description */ (
'CAx-IF Rec.Pracs.---Representation and Presentation of Product Manufa
cturing Information (PMI)---4.0---2014-10-13',
'CAx-IF Rec.Pracs.---3D Tessellated Geometry---0.4---2014-09-14','2;1'),

/* implementation_level */ '2;1');

FILE_NAME(
/* name */ 'Runcam_Camera',
/* time_stamp */ '2025-10-02T18:21:20+02:00',
/* author */ (''),
/* organization */ (''),
/* preprocessor_version */ 'ST-DEVELOPER v20',
/* originating_system */ 'SIEMENS PLM Software NX2406.7001',
/* authorisation */ $);

FILE_SCHEMA (('AP242_MANAGED_MODEL_BASED_3D_ENGINEERING_MIM_LF { 1 0 10303 442 3 1 4 }'));
ENDSEC;

DATA;
#10=DEFAULT_MODEL_GEOMETRIC_VIEW('Trimetric','',#60,#34,'','',#2372,*);
#11=MECHANICAL_DESIGN_AND_DRAUGHTING_RELATIONSHIP('','',#26,#27);
#12=MECHANICAL_DESIGN_AND_DRAUGHTING_RELATIONSHIP('','',#28,#27);
#13=MECHANICAL_DESIGN_AND_DRAUGHTING_RELATIONSHIP('','',#29,#27);
#14=MECHANICAL_DESIGN_AND_DRAUGHTING_RELATIONSHIP('','',#30,#27);
#15=MECHANICAL_DESIGN_AND_DRAUGHTING_RELATIONSHIP('','',#31,#27);
#16=MECHANICAL_DESIGN_AND_DRAUGHTING_RELATIONSHIP('','',#32,#27);
#17=MECHANICAL_DESIGN_AND_DRAUGHTING_RELATIONSHIP('','',#33,#27);
#18=MECHANICAL_DESIGN_AND_DRAUGHTING_RELATIONSHIP('','',#34,#27);
#19=MODEL_GEOMETRIC_VIEW('Top','',#53,#26);
#20=MODEL_GEOMETRIC_VIEW('Front','',#54,#28);
#21=MODEL_GEOMETRIC_VIEW('Right','',#55,#29);
#22=MODEL_GEOMETRIC_VIEW('Back','',#56,#30);
#23=MODEL_GEOMETRIC_VIEW('Bottom','',#57,#31);
#24=MODEL_GEOMETRIC_VIEW('Left','',#58,#32);
#25=MODEL_GEOMETRIC_VIEW('Isometric','',#59,#33);
#26=DRAUGHTING_MODEL('Top',(#53,#44),#2367);
#27=DRAUGHTING_MODEL('',(#45),#2367);
#28=DRAUGHTING_MODEL('Front',(#54,#46),#2367);
#29=DRAUGHTING_MODEL('Right',(#55,#47),#2367);
#30=DRAUGHTING_MODEL('Back',(#56,#48),#2367);
#31=DRAUGHTING_MODEL('Bottom',(#57,#49),#2367);
#32=DRAUGHTING_MODEL('Left',(#58,#50),#2367);
#33=DRAUGHTING_MODEL('Isometric',(#59,#51),#2367);
#34=DRAUGHTING_MODEL('Trimetric',(#60,#52),#2367);
#35=REPRESENTATION_MAP(#1158,#128);
#36=REPRESENTATION_MAP(#1158,#128);
#37=REPRESENTATION_MAP(#1158,#128);
#38=REPRESENTATION_MAP(#1158,#128);
#39=REPRESENTATION_MAP(#1158,#128);
#40=REPRESENTATION_MAP(#1158,#128);
#41=REPRESENTATION_MAP(#1158,#128);
#42=REPRESENTATION_MAP(#1158,#128);
#43=REPRESENTATION_MAP(#1158,#128);
#44=MAPPED_ITEM('',#35,#1158);
#45=MAPPED_ITEM('',#36,#1158);
#46=MAPPED_ITEM('',#37,#1158);
#47=MAPPED_ITEM('',#38,#1158);
#48=MAPPED_ITEM('',#39,#1158);
#49=MAPPED_ITEM('',#40,#1158);
#50=MAPPED_ITEM('',#41,#1158);
#51=MAPPED_ITEM('',#42,#1158);
#52=MAPPED_ITEM('',#43,#1158);
#53=CAMERA_MODEL_D3('Top',#1239,#61);
#54=CAMERA_MODEL_D3('Front',#1241,#62);
#55=CAMERA_MODEL_D3('Right',#1243,#63);
#56=CAMERA_MODEL_D3('Back',#1245,#64);
#57=CAMERA_MODEL_D3('Bottom',#1247,#65);
#58=CAMERA_MODEL_D3('Left',#1249,#66);
#59=CAMERA_MODEL_D3('Isometric',#1251,#67);
#60=CAMERA_MODEL_D3('Trimetric',#1253,#68);
#61=VIEW_VOLUME(.PARALLEL.,#2343,22.6787567138672,0.,.F.,0.,.F.,.F.,#69);
#62=VIEW_VOLUME(.PARALLEL.,#2346,32.1451797485352,0.,.F.,0.,.F.,.F.,#70);
#63=VIEW_VOLUME(.PARALLEL.,#2349,32.1451797485352,0.,.F.,0.,.F.,.F.,#71);
#64=VIEW_VOLUME(.PARALLEL.,#2352,32.1451797485352,0.,.F.,0.,.F.,.F.,#72);
#65=VIEW_VOLUME(.PARALLEL.,#2355,22.6787567138672,0.,.F.,0.,.F.,.F.,#73);
#66=VIEW_VOLUME(.PARALLEL.,#2358,32.1451797485352,0.,.F.,0.,.F.,.F.,#74);
#67=VIEW_VOLUME(.PARALLEL.,#2361,44.0524220912058,0.,.F.,0.,.F.,.F.,#75);
#68=VIEW_VOLUME(.PARALLEL.,#2364,40.9822277818883,0.,.F.,0.,.F.,.F.,#76);
#69=PLANAR_BOX('',11.3088982137583,11.3088982137583,#1240);
#70=PLANAR_BOX('',16.0293869027162,16.0293869027162,#1242);
#71=PLANAR_BOX('',16.0293869027162,16.0293869027162,#1244);
#72=PLANAR_BOX('',16.0293869027162,16.0293869027162,#1246);
#73=PLANAR_BOX('',11.3088982137583,11.3088982137583,#1248);
#74=PLANAR_BOX('',16.0293869027162,16.0293869027162,#1250);
#75=PLANAR_BOX('',21.9670047959174,21.9670047959174,#1252);
#76=PLANAR_BOX('',20.4360339680809,20.4360339680809,#1254);
#77=CONICAL_SURFACE('',#1191,0.,0.785398163397448);
#78=CONICAL_SURFACE('',#1194,0.,0.785398163397448);
#79=MANIFOLD_SURFACE_SHAPE_REPRESENTATION('',(#126,#127),#2367);
#80=B_SPLINE_CURVE_WITH_KNOTS('',3,(#1624,#1625,#1626,#1627,#1628),
 .UNSPECIFIED.,.F.,.F.,(4,1,4),(8.67361737988404E-19,0.00100401167888748,
0.00200802335777496),.UNSPECIFIED.);
#81=B_SPLINE_CURVE_WITH_KNOTS('',3,(#1631,#1632,#1633,#1634,#1635,#1636,
#1637),.UNSPECIFIED.,.F.,.F.,(4,1,1,1,4),(0.,0.25,0.5,0.75,1.),
 .QUASI_UNIFORM_KNOTS.);
#82=B_SPLINE_CURVE_WITH_KNOTS('',3,(#1639,#1640,#1641,#1642,#1643,#1644,
#1645,#1646,#1647,#1648,#1649),.UNSPECIFIED.,.F.,.F.,(4,1,1,1,1,1,1,1,4),
(0.,0.125,0.25,0.375,0.5,0.625,0.75,0.875,1.),.QUASI_UNIFORM_KNOTS.);
#83=B_SPLINE_CURVE_WITH_KNOTS('',3,(#1651,#1652,#1653,#1654,#1655,#1656,
#1657),.UNSPECIFIED.,.F.,.F.,(4,1,1,1,4),(0.,0.25,0.5,0.75,1.),
 .QUASI_UNIFORM_KNOTS.);
#84=B_SPLINE_CURVE_WITH_KNOTS('',3,(#1659,#1660,#1661,#1662,#1663,#1664,
#1665,#1666,#1667,#1668,#1669),.UNSPECIFIED.,.F.,.F.,(4,1,1,1,1,1,1,1,4),
(0.,0.125,0.25,0.375,0.5,0.625,0.75,0.875,1.),.QUASI_UNIFORM_KNOTS.);
#85=B_SPLINE_CURVE_WITH_KNOTS('',3,(#1671,#1672,#1673,#1674,#1675,#1676,
#1677),.UNSPECIFIED.,.F.,.F.,(4,1,1,1,4),(0.,0.25,0.5,0.75,1.),
 .QUASI_UNIFORM_KNOTS.);
#86=B_SPLINE_CURVE_WITH_KNOTS('',3,(#1679,#1680,#1681,#1682,#1683),
 .UNSPECIFIED.,.F.,.F.,(4,1,4),(8.67361737988404E-19,0.00100355951547413,
0.00200711903094826),.UNSPECIFIED.);
#87=B_SPLINE_CURVE_WITH_KNOTS('',3,(#1685,#1686,#1687,#1688,#1689,#1690,
#1691),.UNSPECIFIED.,.F.,.F.,(4,1,1,1,4),(0.000385571634888508,0.00308619851612049,
0.00578682539735246,0.00848745227858444,0.0111880791598164),
 .UNSPECIFIED.);
#88=B_SPLINE_CURVE_WITH_KNOTS('',3,(#1769,#1770,#1771,#1772,#1773),
 .UNSPECIFIED.,.F.,.F.,(4,1,4),(0.,0.00100819171510207,0.00201638343020414),
 .UNSPECIFIED.);
#89=B_SPLINE_CURVE_WITH_KNOTS('',3,(#1776,#1777,#1778,#1779,#1780,#1781,
#1782),.UNSPECIFIED.,.F.,.F.,(4,1,1,1,4),(0.,0.25,0.5,0.75,1.),
 .QUASI_UNIFORM_KNOTS.);
#90=B_SPLINE_CURVE_WITH_KNOTS('',3,(#1784,#1785,#1786,#1787,#1788,#1789,
#1790,#1791,#1792,#1793,#1794),.UNSPECIFIED.,.F.,.F.,(4,1,1,1,1,1,1,1,4),
(0.,0.125,0.25,0.375,0.5,0.625,0.75,0.875,1.),.QUASI_UNIFORM_KNOTS.);
#91=B_SPLINE_CURVE_WITH_KNOTS('',3,(#1796,#1797,#1798,#1799,#1800,#1801,
#1802),.UNSPECIFIED.,.F.,.F.,(4,1,1,1,4),(0.,0.25,0.5,0.75,1.),
 .QUASI_UNIFORM_KNOTS.);
#92=B_SPLINE_CURVE_WITH_KNOTS('',3,(#1804,#1805,#1806,#1807,#1808,#1809,
#1810,#1811,#1812,#1813,#1814),.UNSPECIFIED.,.F.,.F.,(4,1,1,1,1,1,1,1,4),
(0.,0.125,0.25,0.375,0.5,0.625,0.75,0.875,1.),.QUASI_UNIFORM_KNOTS.);
#93=B_SPLINE_CURVE_WITH_KNOTS('',3,(#1816,#1817,#1818,#1819,#1820,#1821,
#1822),.UNSPECIFIED.,.F.,.F.,(4,1,1,1,4),(0.,0.25,0.5,0.75,1.),
 .QUASI_UNIFORM_KNOTS.);
#94=B_SPLINE_CURVE_WITH_KNOTS('',3,(#1824,#1825,#1826,#1827,#1828),
 .UNSPECIFIED.,.F.,.F.,(4,1,4),(2.78062104592925E-15,0.00100795740243047,
0.00201591480485817),.UNSPECIFIED.);
#95=B_SPLINE_CURVE_WITH_KNOTS('',3,(#1830,#1831,#1832,#1833,#1834,#1835,
#1836),.UNSPECIFIED.,.F.,.F.,(4,1,1,1,4),(0.000386723739290203,0.00308996241152986,
0.00579320108376951,0.00849643975600916,0.0111996784282488),
 .UNSPECIFIED.);
#96=B_SPLINE_CURVE_WITH_KNOTS('',3,(#1861,#1862,#1863,#1864,#1865,#1866,
#1867,#1868,#1869,#1870,#1871,#1872,#1873,#1874,#1875,#1876,#1877),
 .UNSPECIFIED.,.F.,.F.,(4,1,1,1,1,1,1,1,1,1,1,1,1,1,4),(0.,0.00115850798948655,
0.0023170159789731,0.00347552396845965,0.00463403195794619,0.00579253994743274,
0.00695104793691929,0.00926806391589239,0.0115850798948655,0.012743587884352,
0.0139020958738386,0.0150606038633251,0.0162191118528117,0.0173776198422982,
0.0185361278317848),.UNSPECIFIED.);
#97=B_SPLINE_CURVE_WITH_KNOTS('',3,(#1880,#1881,#1882,#1883,#1884,#1885,
#1886,#1887,#1888,#1889,#1890,#1891,#1892,#1893,#1894,#1895,#1896),
 .UNSPECIFIED.,.F.,.F.,(4,1,1,1,1,1,1,1,1,1,1,1,1,1,4),(0.,0.00115905500978,
0.00231811001956001,0.00347716502934001,0.00463622003912001,0.00579527504890002,
0.00695433005868002,0.00927244007824003,0.0115905500978,0.01274960510758,
0.01390866011736,0.01506771512714,0.01622677013692,0.0173858251467,0.0185448801564801),
 .UNSPECIFIED.);
#98=B_SPLINE_CURVE_WITH_KNOTS('',3,(#1898,#1899,#1900,#1901),
 .UNSPECIFIED.,.F.,.F.,(4,4),(0.892857142856973,1.),.UNSPECIFIED.);
#99=B_SPLINE_CURVE_WITH_KNOTS('',3,(#1906,#1907,#1908,#1909),
 .UNSPECIFIED.,.F.,.F.,(4,4),(0.,0.107142857143027),.UNSPECIFIED.);
#100=B_SPLINE_CURVE_WITH_KNOTS('',3,(#1911,#1912,#1913,#1914),
 .UNSPECIFIED.,.F.,.F.,(4,4),(0.53846114473099,1.),.UNSPECIFIED.);
#101=B_SPLINE_CURVE_WITH_KNOTS('',3,(#1918,#1919,#1920,#1921),
 .UNSPECIFIED.,.F.,.F.,(4,4),(0.,0.461538855269011),.UNSPECIFIED.);
#102=B_SPLINE_CURVE_WITH_KNOTS('',3,(#1930,#1931,#1932,#1933,#1934,#1935,
#1936),.UNSPECIFIED.,.F.,.F.,(4,1,1,1,4),(0.,0.00429800412837694,0.00859600825675387,
0.0128940123851308,0.0171920165135077),.UNSPECIFIED.);
#103=B_SPLINE_CURVE_WITH_KNOTS('',3,(#1937,#1938,#1939,#1940),
 .UNSPECIFIED.,.F.,.F.,(4,4),(0.,1.),.PIECEWISE_BEZIER_KNOTS.);
#104=B_SPLINE_CURVE_WITH_KNOTS('',3,(#1944,#1945,#1946,#1947),
 .UNSPECIFIED.,.F.,.F.,(4,4),(0.,1.),.PIECEWISE_BEZIER_KNOTS.);
#105=B_SPLINE_CURVE_WITH_KNOTS('',3,(#1951,#1952,#1953,#1954),
 .UNSPECIFIED.,.F.,.F.,(4,4),(0.,0.00100001574428602),.UNSPECIFIED.);
#106=B_SPLINE_CURVE_WITH_KNOTS('',3,(#1958,#1959,#1960,#1961),
 .UNSPECIFIED.,.F.,.F.,(4,4),(0.,0.00100001574428602),.UNSPECIFIED.);
#107=B_SPLINE_CURVE_WITH_KNOTS('',3,(#1984,#1985,#1986,#1987,#1988,#1989,
#1990,#1991),.UNSPECIFIED.,.F.,.F.,(4,1,1,1,1,4),(0.,0.316981683436325,
0.595402997461352,0.876290411231113,0.933711331790539,1.),.UNSPECIFIED.);
#108=B_SPLINE_CURVE_WITH_KNOTS('',3,(#1992,#1993,#1994,#1995,#1996,#1997,
#1998,#1999),.UNSPECIFIED.,.F.,.F.,(4,1,1,1,1,4),(0.,0.316981683436325,
0.595402997461352,0.876290411231113,0.933711331790539,1.),.UNSPECIFIED.);
#109=B_SPLINE_CURVE_WITH_KNOTS('',3,(#2005,#2006,#2007,#2008),
 .UNSPECIFIED.,.F.,.F.,(4,4),(0.,0.00108298151401377),.UNSPECIFIED.);
#110=B_SPLINE_CURVE_WITH_KNOTS('',3,(#2012,#2013,#2014,#2015),
 .UNSPECIFIED.,.F.,.F.,(4,4),(2.12736907197926E-18,0.00108298151401377),
 .UNSPECIFIED.);
#111=B_SPLINE_CURVE_WITH_KNOTS('',3,(#2036,#2037,#2038,#2039,#2040,#2041,
#2042,#2043),.UNSPECIFIED.,.F.,.F.,(4,1,1,1,1,4),(0.,0.0662886682094613,
0.123709588768887,0.404597002538648,0.683018316563675,1.),.UNSPECIFIED.);
#112=B_SPLINE_CURVE_WITH_KNOTS('',3,(#2045,#2046,#2047,#2048),
 .UNSPECIFIED.,.F.,.F.,(4,4),(0.,0.00108326897268691),.UNSPECIFIED.);
#113=B_SPLINE_CURVE_WITH_KNOTS('',3,(#2052,#2053,#2054,#2055),
 .UNSPECIFIED.,.F.,.F.,(4,4),(0.,0.00108326897268653),.UNSPECIFIED.);
#114=B_SPLINE_CURVE_WITH_KNOTS('',3,(#2057,#2058,#2059,#2060,#2061,#2062,
#2063,#2064),.UNSPECIFIED.,.F.,.F.,(4,1,1,1,1,4),(0.,0.0662886682094613,
0.123709588768887,0.404597002538648,0.683018316563675,1.),.UNSPECIFIED.);
#115=B_SPLINE_CURVE_WITH_KNOTS('',3,(#2105,#2106,#2107,#2108,#2109,#2110,
#2111),.UNSPECIFIED.,.T.,.F.,(1,1,1,1,1,1,1,1,1,1,1),(-0.00375627845470104,
-0.00250418563646736,-0.00125209281823368,0.,0.00125209281823368,0.00250418563646736,
0.00375627845470104,0.00500837127293472,0.00626046409116841,0.00751255690940209,
0.00876464972763577),.UNSPECIFIED.);
#116=B_SPLINE_CURVE_WITH_KNOTS('',3,(#2117,#2118,#2119,#2120,#2121,#2122,
#2123),.UNSPECIFIED.,.T.,.F.,(1,1,1,1,1,1,1,1,1,1,1),(-0.00375628397058205,
-0.00250418931372137,-0.00125209465686068,0.,0.00125209465686068,0.00250418931372137,
0.00375628397058205,0.00500837862744273,0.00626047328430341,0.0075125679411641,
0.00876466259802478),.UNSPECIFIED.);
#117=B_SPLINE_CURVE_WITH_KNOTS('',3,(#2208,#2209,#2210,#2211,#2212,#2213,
#2214,#2215,#2216,#2217,#2218,#2219,#2220,#2221,#2222,#2223,#2224,#2225,
#2226),.UNSPECIFIED.,.T.,.F.,(1,1,1,1,1,1,1,1,1,1,1,1,1,1,1,1,1,1,1,1,1,
1,1),(-0.190789473684211,-0.128289473684211,-0.0657894736842105,0.,0.059375,
0.12171875,0.1842109375,0.246710546875,0.30921052734375,0.371710526367187,
0.434210526318359,0.496710526315918,0.559210526315796,0.62171052631579,
0.684210526315789,0.746710526315789,0.809210526315789,0.871710526315789,
0.934210526315789,1.,1.059375,1.12171875,1.1842109375),.UNSPECIFIED.);
#118=B_SPLINE_SURFACE_WITH_KNOTS('',3,3,((#1547,#1548,#1549,#1550,#1551,
#1552,#1553),(#1554,#1555,#1556,#1557,#1558,#1559,#1560),(#1561,#1562,#1563,
#1564,#1565,#1566,#1567),(#1568,#1569,#1570,#1571,#1572,#1573,#1574),(#1575,
#1576,#1577,#1578,#1579,#1580,#1581),(#1582,#1583,#1584,#1585,#1586,#1587,
#1588),(#1589,#1590,#1591,#1592,#1593,#1594,#1595),(#1596,#1597,#1598,#1599,
#1600,#1601,#1602),(#1603,#1604,#1605,#1606,#1607,#1608,#1609),(#1610,#1611,
#1612,#1613,#1614,#1615,#1616),(#1617,#1618,#1619,#1620,#1621,#1622,#1623)),
 .UNSPECIFIED.,.F.,.F.,.F.,(4,1,1,1,1,1,1,1,4),(4,1,1,1,4),(0.,0.125,0.25,
0.375,0.5,0.625,0.75,0.875,1.),(0.,0.25,0.5,0.75,1.),
 .QUASI_UNIFORM_KNOTS.);
#119=B_SPLINE_SURFACE_WITH_KNOTS('',3,3,((#1692,#1693,#1694,#1695,#1696,
#1697,#1698),(#1699,#1700,#1701,#1702,#1703,#1704,#1705),(#1706,#1707,#1708,
#1709,#1710,#1711,#1712),(#1713,#1714,#1715,#1716,#1717,#1718,#1719),(#1720,
#1721,#1722,#1723,#1724,#1725,#1726),(#1727,#1728,#1729,#1730,#1731,#1732,
#1733),(#1734,#1735,#1736,#1737,#1738,#1739,#1740),(#1741,#1742,#1743,#1744,
#1745,#1746,#1747),(#1748,#1749,#1750,#1751,#1752,#1753,#1754),(#1755,#1756,
#1757,#1758,#1759,#1760,#1761),(#1762,#1763,#1764,#1765,#1766,#1767,#1768)),
 .UNSPECIFIED.,.F.,.F.,.F.,(4,1,1,1,1,1,1,1,4),(4,1,1,1,4),(0.,0.125,0.25,
0.375,0.5,0.625,0.75,0.875,1.),(0.,0.25,0.5,0.75,1.),
 .QUASI_UNIFORM_KNOTS.);
#120=B_SPLINE_SURFACE_WITH_KNOTS('',3,1,((#1922,#1923),(#1924,#1925),(#1926,
#1927),(#1928,#1929)),.SURF_OF_LINEAR_EXTRUSION.,.F.,.F.,.F.,(4,4),(2,2),
(-1.10513123164653E-16,1.),(0.,1.),.PIECEWISE_BEZIER_KNOTS.);
#121=B_SPLINE_SURFACE_WITH_KNOTS('',3,1,((#1962,#1963),(#1964,#1965),(#1966,
#1967),(#1968,#1969),(#1970,#1971),(#1972,#1973),(#1974,#1975),(#1976,#1977),
(#1978,#1979),(#1980,#1981)),.SURF_OF_LINEAR_EXTRUSION.,.F.,.F.,.F.,(4,
1,1,1,1,1,1,4),(2,2),(0.,0.25,0.375,0.5,0.625,0.75,0.875,1.),(0.,1.),
 .UNSPECIFIED.);
#122=B_SPLINE_SURFACE_WITH_KNOTS('',3,1,((#2016,#2017),(#2018,#2019),(#2020,
#2021),(#2022,#2023),(#2024,#2025),(#2026,#2027),(#2028,#2029),(#2030,#2031),
(#2032,#2033),(#2034,#2035)),.SURF_OF_LINEAR_EXTRUSION.,.F.,.F.,.F.,(4,
1,1,1,1,1,1,4),(2,2),(-9.2071577073956E-18,0.125,0.25,0.375,0.5,0.625,0.75,
1.),(0.,1.),.UNSPECIFIED.);
#123=B_SPLINE_SURFACE_WITH_KNOTS('',5,3,((#2228,#2229,#2230,#2231,#2232,
#2233,#2234,#2235,#2236,#2237,#2238),(#2239,#2240,#2241,#2242,#2243,#2244,
#2245,#2246,#2247,#2248,#2249),(#2250,#2251,#2252,#2253,#2254,#2255,#2256,
#2257,#2258,#2259,#2260),(#2261,#2262,#2263,#2264,#2265,#2266,#2267,#2268,
#2269,#2270,#2271),(#2272,#2273,#2274,#2275,#2276,#2277,#2278,#2279,#2280,
#2281,#2282),(#2283,#2284,#2285,#2286,#2287,#2288,#2289,#2290,#2291,#2292,
#2293),(#2294,#2295,#2296,#2297,#2298,#2299,#2300,#2301,#2302,#2303,#2304),
(#2305,#2306,#2307,#2308,#2309,#2310,#2311,#2312,#2313,#2314,#2315)),
 .UNSPECIFIED.,.F.,.T.,.F.,(6,2,6),(1,1,1,1,1,1,1,1,1,1,1,1,1,1,1),(0.,
0.5,1.),(-2.35619449019235,-1.5707963267949,-0.785398163397448,0.,0.785398163397448,
1.5707963267949,2.35619449019234,3.14159265358979,3.92699081698724,4.71238898038469,
5.49778714378214,6.28318530717959,7.06858347057703,7.85398163397448,8.63937979737193),
 .UNSPECIFIED.);
#124=OPEN_SHELL('',(#822));
#125=OPEN_SHELL('',(#823));
#126=SHELL_BASED_SURFACE_MODEL('Swept (30)',(#124));
#127=SHELL_BASED_SURFACE_MODEL('Swept (31)',(#125));
#128=ADVANCED_BREP_SHAPE_REPRESENTATION('',(#910,#911,#912,#913),#2367);
#129=PLANE('',#1166);
#130=PLANE('',#1167);
#131=PLANE('',#1168);
#132=PLANE('',#1172);
#133=PLANE('',#1173);
#134=PLANE('',#1180);
#135=PLANE('',#1182);
#136=PLANE('',#1185);
#137=PLANE('',#1187);
#138=PLANE('',#1189);
#139=PLANE('',#1197);
#140=PLANE('',#1199);
#141=PLANE('',#1208);
#142=PLANE('',#1209);
#143=PLANE('',#1210);
#144=PLANE('',#1211);
#145=PLANE('',#1212);
#146=PLANE('',#1214);
#147=PLANE('',#1215);
#148=PLANE('',#1216);
#149=PLANE('',#1217);
#150=PLANE('',#1218);
#151=PLANE('',#1219);
#152=PLANE('',#1220);
#153=PLANE('',#1221);
#154=PLANE('',#1222);
#155=PLANE('',#1223);
#156=PLANE('',#1231);
#157=PLANE('',#1232);
#158=PLANE('',#1233);
#159=PLANE('',#1234);
#160=PLANE('',#1235);
#161=PLANE('',#1236);
#162=PLANE('',#1237);
#163=PLANE('',#1238);
#164=ORIENTED_EDGE('',*,*,#414,.F.);
#165=ORIENTED_EDGE('',*,*,#415,.F.);
#166=ORIENTED_EDGE('',*,*,#416,.T.);
#167=ORIENTED_EDGE('',*,*,#417,.F.);
#168=ORIENTED_EDGE('',*,*,#418,.F.);
#169=ORIENTED_EDGE('',*,*,#417,.T.);
#170=ORIENTED_EDGE('',*,*,#419,.T.);
#171=ORIENTED_EDGE('',*,*,#415,.T.);
#172=ORIENTED_EDGE('',*,*,#419,.F.);
#173=ORIENTED_EDGE('',*,*,#416,.F.);
#174=ORIENTED_EDGE('',*,*,#418,.T.);
#175=ORIENTED_EDGE('',*,*,#414,.T.);
#176=ORIENTED_EDGE('',*,*,#420,.T.);
#177=ORIENTED_EDGE('',*,*,#421,.T.);
#178=ORIENTED_EDGE('',*,*,#422,.T.);
#179=ORIENTED_EDGE('',*,*,#423,.T.);
#180=ORIENTED_EDGE('',*,*,#424,.T.);
#181=ORIENTED_EDGE('',*,*,#425,.T.);
#182=ORIENTED_EDGE('',*,*,#426,.T.);
#183=ORIENTED_EDGE('',*,*,#427,.T.);
#184=ORIENTED_EDGE('',*,*,#428,.T.);
#185=ORIENTED_EDGE('',*,*,#429,.T.);
#186=ORIENTED_EDGE('',*,*,#430,.T.);
#187=ORIENTED_EDGE('',*,*,#431,.T.);
#188=ORIENTED_EDGE('',*,*,#432,.T.);
#189=ORIENTED_EDGE('',*,*,#433,.T.);
#190=ORIENTED_EDGE('',*,*,#434,.T.);
#191=ORIENTED_EDGE('',*,*,#435,.T.);
#192=ORIENTED_EDGE('',*,*,#436,.F.);
#193=ORIENTED_EDGE('',*,*,#437,.T.);
#194=ORIENTED_EDGE('',*,*,#436,.T.);
#195=ORIENTED_EDGE('',*,*,#438,.T.);
#196=ORIENTED_EDGE('',*,*,#437,.F.);
#197=ORIENTED_EDGE('',*,*,#438,.F.);
#198=ORIENTED_EDGE('',*,*,#439,.T.);
#199=ORIENTED_EDGE('',*,*,#440,.F.);
#200=ORIENTED_EDGE('',*,*,#441,.T.);
#201=ORIENTED_EDGE('',*,*,#442,.F.);
#202=ORIENTED_EDGE('',*,*,#440,.T.);
#203=ORIENTED_EDGE('',*,*,#443,.F.);
#204=ORIENTED_EDGE('',*,*,#441,.F.);
#205=ORIENTED_EDGE('',*,*,#443,.T.);
#206=ORIENTED_EDGE('',*,*,#444,.T.);
#207=ORIENTED_EDGE('',*,*,#445,.T.);
#208=ORIENTED_EDGE('',*,*,#446,.F.);
#209=ORIENTED_EDGE('',*,*,#447,.T.);
#210=ORIENTED_EDGE('',*,*,#448,.F.);
#211=ORIENTED_EDGE('',*,*,#449,.F.);
#212=ORIENTED_EDGE('',*,*,#450,.T.);
#213=ORIENTED_EDGE('',*,*,#451,.F.);
#214=ORIENTED_EDGE('',*,*,#452,.F.);
#215=ORIENTED_EDGE('',*,*,#446,.T.);
#216=ORIENTED_EDGE('',*,*,#453,.T.);
#217=ORIENTED_EDGE('',*,*,#454,.F.);
#218=ORIENTED_EDGE('',*,*,#455,.F.);
#219=ORIENTED_EDGE('',*,*,#448,.T.);
#220=ORIENTED_EDGE('',*,*,#456,.F.);
#221=ORIENTED_EDGE('',*,*,#457,.T.);
#222=ORIENTED_EDGE('',*,*,#458,.T.);
#223=ORIENTED_EDGE('',*,*,#459,.T.);
#224=ORIENTED_EDGE('',*,*,#445,.F.);
#225=ORIENTED_EDGE('',*,*,#460,.F.);
#226=ORIENTED_EDGE('',*,*,#461,.F.);
#227=ORIENTED_EDGE('',*,*,#454,.T.);
#228=ORIENTED_EDGE('',*,*,#462,.T.);
#229=ORIENTED_EDGE('',*,*,#463,.F.);
#230=ORIENTED_EDGE('',*,*,#464,.F.);
#231=ORIENTED_EDGE('',*,*,#465,.T.);
#232=ORIENTED_EDGE('',*,*,#466,.T.);
#233=ORIENTED_EDGE('',*,*,#467,.T.);
#234=ORIENTED_EDGE('',*,*,#444,.F.);
#235=ORIENTED_EDGE('',*,*,#463,.T.);
#236=ORIENTED_EDGE('',*,*,#468,.T.);
#237=ORIENTED_EDGE('',*,*,#469,.T.);
#238=ORIENTED_EDGE('',*,*,#470,.F.);
#239=ORIENTED_EDGE('',*,*,#471,.T.);
#240=ORIENTED_EDGE('',*,*,#472,.F.);
#241=ORIENTED_EDGE('',*,*,#460,.T.);
#242=ORIENTED_EDGE('',*,*,#472,.T.);
#243=ORIENTED_EDGE('',*,*,#473,.T.);
#244=ORIENTED_EDGE('',*,*,#474,.F.);
#245=ORIENTED_EDGE('',*,*,#475,.F.);
#246=ORIENTED_EDGE('',*,*,#476,.T.);
#247=ORIENTED_EDGE('',*,*,#449,.T.);
#248=ORIENTED_EDGE('',*,*,#455,.T.);
#249=ORIENTED_EDGE('',*,*,#461,.T.);
#250=ORIENTED_EDGE('',*,*,#477,.T.);
#251=ORIENTED_EDGE('',*,*,#478,.F.);
#252=ORIENTED_EDGE('',*,*,#479,.F.);
#253=ORIENTED_EDGE('',*,*,#480,.F.);
#254=ORIENTED_EDGE('',*,*,#481,.F.);
#255=ORIENTED_EDGE('',*,*,#482,.F.);
#256=ORIENTED_EDGE('',*,*,#468,.F.);
#257=ORIENTED_EDGE('',*,*,#462,.F.);
#258=ORIENTED_EDGE('',*,*,#453,.F.);
#259=ORIENTED_EDGE('',*,*,#451,.T.);
#260=ORIENTED_EDGE('',*,*,#483,.T.);
#261=ORIENTED_EDGE('',*,*,#484,.T.);
#262=ORIENTED_EDGE('',*,*,#485,.F.);
#263=ORIENTED_EDGE('',*,*,#486,.F.);
#264=ORIENTED_EDGE('',*,*,#487,.T.);
#265=ORIENTED_EDGE('',*,*,#488,.T.);
#266=ORIENTED_EDGE('',*,*,#489,.T.);
#267=ORIENTED_EDGE('',*,*,#490,.T.);
#268=ORIENTED_EDGE('',*,*,#486,.T.);
#269=ORIENTED_EDGE('',*,*,#491,.F.);
#270=ORIENTED_EDGE('',*,*,#492,.F.);
#271=ORIENTED_EDGE('',*,*,#491,.T.);
#272=ORIENTED_EDGE('',*,*,#477,.F.);
#273=ORIENTED_EDGE('',*,*,#493,.F.);
#274=ORIENTED_EDGE('',*,*,#494,.F.);
#275=ORIENTED_EDGE('',*,*,#493,.T.);
#276=ORIENTED_EDGE('',*,*,#466,.F.);
#277=ORIENTED_EDGE('',*,*,#495,.T.);
#278=ORIENTED_EDGE('',*,*,#496,.F.);
#279=ORIENTED_EDGE('',*,*,#464,.T.);
#280=ORIENTED_EDGE('',*,*,#465,.F.);
#281=ORIENTED_EDGE('',*,*,#496,.T.);
#282=ORIENTED_EDGE('',*,*,#467,.F.);
#283=ORIENTED_EDGE('',*,*,#495,.F.);
#284=ORIENTED_EDGE('',*,*,#457,.F.);
#285=ORIENTED_EDGE('',*,*,#497,.T.);
#286=ORIENTED_EDGE('',*,*,#476,.F.);
#287=ORIENTED_EDGE('',*,*,#498,.F.);
#288=ORIENTED_EDGE('',*,*,#459,.F.);
#289=ORIENTED_EDGE('',*,*,#499,.F.);
#290=ORIENTED_EDGE('',*,*,#483,.F.);
#291=ORIENTED_EDGE('',*,*,#500,.T.);
#292=ORIENTED_EDGE('',*,*,#497,.F.);
#293=ORIENTED_EDGE('',*,*,#456,.T.);
#294=ORIENTED_EDGE('',*,*,#500,.F.);
#295=ORIENTED_EDGE('',*,*,#450,.F.);
#296=ORIENTED_EDGE('',*,*,#501,.T.);
#297=ORIENTED_EDGE('',*,*,#502,.T.);
#298=ORIENTED_EDGE('',*,*,#503,.T.);
#299=ORIENTED_EDGE('',*,*,#504,.T.);
#300=ORIENTED_EDGE('',*,*,#458,.F.);
#301=ORIENTED_EDGE('',*,*,#498,.T.);
#302=ORIENTED_EDGE('',*,*,#475,.T.);
#303=ORIENTED_EDGE('',*,*,#505,.F.);
#304=ORIENTED_EDGE('',*,*,#484,.F.);
#305=ORIENTED_EDGE('',*,*,#499,.T.);
#306=ORIENTED_EDGE('',*,*,#506,.T.);
#307=ORIENTED_EDGE('',*,*,#507,.T.);
#308=ORIENTED_EDGE('',*,*,#508,.F.);
#309=ORIENTED_EDGE('',*,*,#478,.T.);
#310=ORIENTED_EDGE('',*,*,#509,.T.);
#311=ORIENTED_EDGE('',*,*,#510,.T.);
#312=ORIENTED_EDGE('',*,*,#511,.F.);
#313=ORIENTED_EDGE('',*,*,#480,.T.);
#314=ORIENTED_EDGE('',*,*,#512,.F.);
#315=ORIENTED_EDGE('',*,*,#513,.F.);
#316=ORIENTED_EDGE('',*,*,#514,.F.);
#317=ORIENTED_EDGE('',*,*,#515,.F.);
#318=ORIENTED_EDGE('',*,*,#516,.F.);
#319=ORIENTED_EDGE('',*,*,#473,.F.);
#320=ORIENTED_EDGE('',*,*,#517,.T.);
#321=ORIENTED_EDGE('',*,*,#482,.T.);
#322=ORIENTED_EDGE('',*,*,#516,.T.);
#323=ORIENTED_EDGE('',*,*,#485,.T.);
#324=ORIENTED_EDGE('',*,*,#505,.T.);
#325=ORIENTED_EDGE('',*,*,#474,.T.);
#326=ORIENTED_EDGE('',*,*,#518,.F.);
#327=ORIENTED_EDGE('',*,*,#519,.T.);
#328=ORIENTED_EDGE('',*,*,#520,.T.);
#329=ORIENTED_EDGE('',*,*,#487,.F.);
#330=ORIENTED_EDGE('',*,*,#511,.T.);
#331=ORIENTED_EDGE('',*,*,#521,.F.);
#332=ORIENTED_EDGE('',*,*,#504,.F.);
#333=ORIENTED_EDGE('',*,*,#522,.T.);
#334=ORIENTED_EDGE('',*,*,#523,.T.);
#335=ORIENTED_EDGE('',*,*,#488,.F.);
#336=ORIENTED_EDGE('',*,*,#520,.F.);
#337=ORIENTED_EDGE('',*,*,#524,.T.);
#338=ORIENTED_EDGE('',*,*,#513,.T.);
#339=ORIENTED_EDGE('',*,*,#525,.F.);
#340=ORIENTED_EDGE('',*,*,#506,.F.);
#341=ORIENTED_EDGE('',*,*,#481,.T.);
#342=ORIENTED_EDGE('',*,*,#523,.F.);
#343=ORIENTED_EDGE('',*,*,#526,.T.);
#344=ORIENTED_EDGE('',*,*,#527,.T.);
#345=ORIENTED_EDGE('',*,*,#489,.F.);
#346=ORIENTED_EDGE('',*,*,#527,.F.);
#347=ORIENTED_EDGE('',*,*,#528,.F.);
#348=ORIENTED_EDGE('',*,*,#502,.F.);
#349=ORIENTED_EDGE('',*,*,#529,.T.);
#350=ORIENTED_EDGE('',*,*,#509,.F.);
#351=ORIENTED_EDGE('',*,*,#479,.T.);
#352=ORIENTED_EDGE('',*,*,#508,.T.);
#353=ORIENTED_EDGE('',*,*,#530,.T.);
#354=ORIENTED_EDGE('',*,*,#515,.T.);
#355=ORIENTED_EDGE('',*,*,#531,.F.);
#356=ORIENTED_EDGE('',*,*,#518,.T.);
#357=ORIENTED_EDGE('',*,*,#490,.F.);
#358=ORIENTED_EDGE('',*,*,#522,.F.);
#359=ORIENTED_EDGE('',*,*,#503,.F.);
#360=ORIENTED_EDGE('',*,*,#528,.T.);
#361=ORIENTED_EDGE('',*,*,#526,.F.);
#362=ORIENTED_EDGE('',*,*,#529,.F.);
#363=ORIENTED_EDGE('',*,*,#501,.F.);
#364=ORIENTED_EDGE('',*,*,#521,.T.);
#365=ORIENTED_EDGE('',*,*,#510,.F.);
#366=ORIENTED_EDGE('',*,*,#525,.T.);
#367=ORIENTED_EDGE('',*,*,#512,.T.);
#368=ORIENTED_EDGE('',*,*,#530,.F.);
#369=ORIENTED_EDGE('',*,*,#507,.F.);
#370=ORIENTED_EDGE('',*,*,#531,.T.);
#371=ORIENTED_EDGE('',*,*,#514,.T.);
#372=ORIENTED_EDGE('',*,*,#524,.F.);
#373=ORIENTED_EDGE('',*,*,#519,.F.);
#374=ORIENTED_EDGE('',*,*,#532,.F.);
#375=ORIENTED_EDGE('',*,*,#470,.T.);
#376=ORIENTED_EDGE('',*,*,#469,.F.);
#377=ORIENTED_EDGE('',*,*,#517,.F.);
#378=ORIENTED_EDGE('',*,*,#471,.F.);
#379=ORIENTED_EDGE('',*,*,#532,.T.);
#380=ORIENTED_EDGE('',*,*,#492,.T.);
#381=ORIENTED_EDGE('',*,*,#447,.F.);
#382=ORIENTED_EDGE('',*,*,#452,.T.);
#383=ORIENTED_EDGE('',*,*,#494,.T.);
#384=ORIENTED_EDGE('',*,*,#533,.F.);
#385=ORIENTED_EDGE('',*,*,#442,.T.);
#386=ORIENTED_EDGE('',*,*,#439,.F.);
#387=ORIENTED_EDGE('',*,*,#533,.T.);
#388=ORIENTED_EDGE('',*,*,#534,.F.);
#389=ORIENTED_EDGE('',*,*,#534,.T.);
#390=ORIENTED_EDGE('',*,*,#535,.T.);
#391=ORIENTED_EDGE('',*,*,#536,.F.);
#392=ORIENTED_EDGE('',*,*,#537,.F.);
#393=ORIENTED_EDGE('',*,*,#538,.T.);
#394=ORIENTED_EDGE('',*,*,#539,.T.);
#395=ORIENTED_EDGE('',*,*,#540,.F.);
#396=ORIENTED_EDGE('',*,*,#541,.F.);
#397=ORIENTED_EDGE('',*,*,#536,.T.);
#398=ORIENTED_EDGE('',*,*,#542,.T.);
#399=ORIENTED_EDGE('',*,*,#543,.F.);
#400=ORIENTED_EDGE('',*,*,#544,.F.);
#401=ORIENTED_EDGE('',*,*,#540,.T.);
#402=ORIENTED_EDGE('',*,*,#545,.T.);
#403=ORIENTED_EDGE('',*,*,#538,.F.);
#404=ORIENTED_EDGE('',*,*,#546,.F.);
#405=ORIENTED_EDGE('',*,*,#543,.T.);
#406=ORIENTED_EDGE('',*,*,#537,.T.);
#407=ORIENTED_EDGE('',*,*,#541,.T.);
#408=ORIENTED_EDGE('',*,*,#544,.T.);
#409=ORIENTED_EDGE('',*,*,#546,.T.);
#410=ORIENTED_EDGE('',*,*,#535,.F.);
#411=ORIENTED_EDGE('',*,*,#545,.F.);
#412=ORIENTED_EDGE('',*,*,#542,.F.);
#413=ORIENTED_EDGE('',*,*,#539,.F.);
#414=EDGE_CURVE('',#547,#548,#918,.T.);
#415=EDGE_CURVE('',#549,#547,#1005,.T.);
#416=EDGE_CURVE('',#549,#550,#919,.T.);
#417=EDGE_CURVE('',#548,#550,#1006,.F.);
#418=EDGE_CURVE('',#548,#547,#1007,.T.);
#419=EDGE_CURVE('',#550,#549,#1008,.T.);
#420=EDGE_CURVE('',#551,#552,#80,.F.);
#421=EDGE_CURVE('',#552,#553,#81,.F.);
#422=EDGE_CURVE('',#553,#554,#82,.T.);
#423=EDGE_CURVE('',#554,#555,#83,.T.);
#424=EDGE_CURVE('',#555,#556,#84,.F.);
#425=EDGE_CURVE('',#556,#557,#85,.F.);
#426=EDGE_CURVE('',#557,#558,#86,.F.);
#427=EDGE_CURVE('',#558,#551,#87,.F.);
#428=EDGE_CURVE('',#559,#560,#88,.F.);
#429=EDGE_CURVE('',#560,#561,#89,.F.);
#430=EDGE_CURVE('',#561,#562,#90,.T.);
#431=EDGE_CURVE('',#562,#563,#91,.T.);
#432=EDGE_CURVE('',#563,#564,#92,.F.);
#433=EDGE_CURVE('',#564,#565,#93,.F.);
#434=EDGE_CURVE('',#565,#566,#94,.F.);
#435=EDGE_CURVE('',#566,#559,#95,.F.);
#436=EDGE_CURVE('',#567,#567,#920,.T.);
#437=EDGE_CURVE('',#568,#568,#921,.T.);
#438=EDGE_CURVE('',#569,#569,#922,.T.);
#439=EDGE_CURVE('',#570,#570,#923,.T.);
#440=EDGE_CURVE('',#571,#571,#924,.T.);
#441=EDGE_CURVE('',#572,#572,#925,.T.);
#442=EDGE_CURVE('',#573,#573,#926,.T.);
#443=EDGE_CURVE('',#574,#574,#927,.T.);
#444=EDGE_CURVE('',#575,#576,#96,.T.);
#445=EDGE_CURVE('',#576,#575,#97,.T.);
#446=EDGE_CURVE('',#577,#578,#98,.T.);
#447=EDGE_CURVE('',#577,#579,#928,.T.);
#448=EDGE_CURVE('',#580,#579,#99,.T.);
#449=EDGE_CURVE('',#581,#580,#100,.F.);
#450=EDGE_CURVE('',#581,#582,#1009,.T.);
#451=EDGE_CURVE('',#578,#582,#101,.F.);
#452=EDGE_CURVE('',#577,#579,#102,.T.);
#453=EDGE_CURVE('',#578,#583,#103,.T.);
#454=EDGE_CURVE('',#584,#583,#1010,.T.);
#455=EDGE_CURVE('',#580,#584,#104,.T.);
#456=EDGE_CURVE('',#585,#586,#1011,.T.);
#457=EDGE_CURVE('',#585,#587,#105,.T.);
#458=EDGE_CURVE('',#587,#588,#1012,.T.);
#459=EDGE_CURVE('',#588,#586,#106,.T.);
#460=EDGE_CURVE('',#589,#576,#1013,.T.);
#461=EDGE_CURVE('',#584,#589,#107,.T.);
#462=EDGE_CURVE('',#583,#590,#108,.T.);
#463=EDGE_CURVE('',#575,#590,#1014,.T.);
#464=EDGE_CURVE('',#591,#592,#1015,.F.);
#465=EDGE_CURVE('',#591,#593,#109,.T.);
#466=EDGE_CURVE('',#593,#594,#1016,.F.);
#467=EDGE_CURVE('',#594,#592,#110,.T.);
#468=EDGE_CURVE('',#590,#595,#111,.T.);
#469=EDGE_CURVE('',#595,#596,#112,.T.);
#470=EDGE_CURVE('',#597,#596,#1017,.T.);
#471=EDGE_CURVE('',#597,#598,#113,.T.);
#472=EDGE_CURVE('',#589,#598,#114,.T.);
#473=EDGE_CURVE('',#598,#599,#1018,.T.);
#474=EDGE_CURVE('',#600,#599,#1019,.T.);
#475=EDGE_CURVE('',#601,#600,#1020,.T.);
#476=EDGE_CURVE('',#601,#581,#1021,.F.);
#477=EDGE_CURVE('',#602,#602,#929,.T.);
#478=EDGE_CURVE('',#603,#604,#1022,.T.);
#479=EDGE_CURVE('',#605,#603,#1023,.T.);
#480=EDGE_CURVE('',#606,#605,#1024,.T.);
#481=EDGE_CURVE('',#604,#606,#1025,.T.);
#482=EDGE_CURVE('',#595,#607,#1026,.T.);
#483=EDGE_CURVE('',#582,#608,#1027,.T.);
#484=EDGE_CURVE('',#608,#609,#1028,.T.);
#485=EDGE_CURVE('',#607,#609,#1029,.T.);
#486=EDGE_CURVE('',#610,#610,#930,.T.);
#487=EDGE_CURVE('',#611,#612,#1030,.T.);
#488=EDGE_CURVE('',#612,#613,#1031,.T.);
#489=EDGE_CURVE('',#613,#614,#1032,.T.);
#490=EDGE_CURVE('',#614,#611,#1033,.T.);
#491=EDGE_CURVE('',#615,#615,#931,.T.);
#492=EDGE_CURVE('',#616,#616,#115,.T.);
#493=EDGE_CURVE('',#617,#617,#932,.T.);
#494=EDGE_CURVE('',#618,#618,#116,.T.);
#495=EDGE_CURVE('',#593,#594,#933,.T.);
#496=EDGE_CURVE('',#591,#592,#934,.T.);
#497=EDGE_CURVE('',#585,#581,#935,.T.);
#498=EDGE_CURVE('',#587,#601,#936,.T.);
#499=EDGE_CURVE('',#608,#588,#937,.T.);
#500=EDGE_CURVE('',#582,#586,#938,.T.);
#501=EDGE_CURVE('',#619,#620,#1034,.T.);
#502=EDGE_CURVE('',#620,#621,#1035,.T.);
#503=EDGE_CURVE('',#621,#622,#1036,.T.);
#504=EDGE_CURVE('',#622,#619,#1037,.T.);
#505=EDGE_CURVE('',#609,#600,#1038,.T.);
#506=EDGE_CURVE('',#604,#623,#1039,.F.);
#507=EDGE_CURVE('',#623,#624,#1040,.T.);
#508=EDGE_CURVE('',#603,#624,#1041,.F.);
#509=EDGE_CURVE('',#605,#625,#1042,.F.);
#510=EDGE_CURVE('',#625,#626,#1043,.T.);
#511=EDGE_CURVE('',#606,#626,#1044,.F.);
#512=EDGE_CURVE('',#627,#628,#1045,.T.);
#513=EDGE_CURVE('',#629,#627,#1046,.T.);
#514=EDGE_CURVE('',#630,#629,#1047,.T.);
#515=EDGE_CURVE('',#628,#630,#1048,.T.);
#516=EDGE_CURVE('',#599,#607,#1049,.T.);
#517=EDGE_CURVE('',#598,#595,#939,.T.);
#518=EDGE_CURVE('',#631,#611,#1050,.F.);
#519=EDGE_CURVE('',#631,#632,#1051,.T.);
#520=EDGE_CURVE('',#632,#612,#1052,.F.);
#521=EDGE_CURVE('',#619,#626,#1053,.T.);
#522=EDGE_CURVE('',#622,#633,#1054,.T.);
#523=EDGE_CURVE('',#633,#613,#1055,.F.);
#524=EDGE_CURVE('',#632,#629,#1056,.T.);
#525=EDGE_CURVE('',#623,#627,#1057,.T.);
#526=EDGE_CURVE('',#633,#634,#1058,.T.);
#527=EDGE_CURVE('',#634,#614,#1059,.F.);
#528=EDGE_CURVE('',#621,#634,#1060,.T.);
#529=EDGE_CURVE('',#620,#625,#1061,.T.);
#530=EDGE_CURVE('',#624,#628,#1062,.T.);
#531=EDGE_CURVE('',#631,#630,#1063,.T.);
#532=EDGE_CURVE('',#597,#596,#940,.T.);
#533=EDGE_CURVE('',#635,#635,#941,.T.);
#534=EDGE_CURVE('',#636,#636,#117,.F.);
#535=EDGE_CURVE('',#637,#638,#1064,.T.);
#536=EDGE_CURVE('',#639,#638,#1065,.T.);
#537=EDGE_CURVE('',#640,#639,#1066,.T.);
#538=EDGE_CURVE('',#640,#637,#1067,.T.);
#539=EDGE_CURVE('',#638,#641,#1068,.T.);
#540=EDGE_CURVE('',#642,#641,#1069,.T.);
#541=EDGE_CURVE('',#639,#642,#1070,.T.);
#542=EDGE_CURVE('',#641,#643,#1071,.T.);
#543=EDGE_CURVE('',#644,#643,#1072,.T.);
#544=EDGE_CURVE('',#642,#644,#1073,.T.);
#545=EDGE_CURVE('',#643,#637,#1074,.T.);
#546=EDGE_CURVE('',#644,#640,#1075,.T.);
#547=VERTEX_POINT('',#1535);
#548=VERTEX_POINT('',#1536);
#549=VERTEX_POINT('',#1538);
#550=VERTEX_POINT('',#1540);
#551=VERTEX_POINT('',#1629);
#552=VERTEX_POINT('',#1630);
#553=VERTEX_POINT('',#1638);
#554=VERTEX_POINT('',#1650);
#555=VERTEX_POINT('',#1658);
#556=VERTEX_POINT('',#1670);
#557=VERTEX_POINT('',#1678);
#558=VERTEX_POINT('',#1684);
#559=VERTEX_POINT('',#1774);
#560=VERTEX_POINT('',#1775);
#561=VERTEX_POINT('',#1783);
#562=VERTEX_POINT('',#1795);
#563=VERTEX_POINT('',#1803);
#564=VERTEX_POINT('',#1815);
#565=VERTEX_POINT('',#1823);
#566=VERTEX_POINT('',#1829);
#567=VERTEX_POINT('',#1839);
#568=VERTEX_POINT('',#1841);
#569=VERTEX_POINT('',#1845);
#570=VERTEX_POINT('',#1848);
#571=VERTEX_POINT('',#1851);
#572=VERTEX_POINT('',#1853);
#573=VERTEX_POINT('',#1856);
#574=VERTEX_POINT('',#1859);
#575=VERTEX_POINT('',#1878);
#576=VERTEX_POINT('',#1879);
#577=VERTEX_POINT('',#1902);
#578=VERTEX_POINT('',#1903);
#579=VERTEX_POINT('',#1905);
#580=VERTEX_POINT('',#1910);
#581=VERTEX_POINT('',#1915);
#582=VERTEX_POINT('',#1917);
#583=VERTEX_POINT('',#1941);
#584=VERTEX_POINT('',#1943);
#585=VERTEX_POINT('',#1949);
#586=VERTEX_POINT('',#1950);
#587=VERTEX_POINT('',#1955);
#588=VERTEX_POINT('',#1957);
#589=VERTEX_POINT('',#1983);
#590=VERTEX_POINT('',#2000);
#591=VERTEX_POINT('',#2003);
#592=VERTEX_POINT('',#2004);
#593=VERTEX_POINT('',#2009);
#594=VERTEX_POINT('',#2011);
#595=VERTEX_POINT('',#2044);
#596=VERTEX_POINT('',#2049);
#597=VERTEX_POINT('',#2051);
#598=VERTEX_POINT('',#2056);
#599=VERTEX_POINT('',#2067);
#600=VERTEX_POINT('',#2069);
#601=VERTEX_POINT('',#2071);
#602=VERTEX_POINT('',#2074);
#603=VERTEX_POINT('',#2076);
#604=VERTEX_POINT('',#2077);
#605=VERTEX_POINT('',#2079);
#606=VERTEX_POINT('',#2081);
#607=VERTEX_POINT('',#2085);
#608=VERTEX_POINT('',#2087);
#609=VERTEX_POINT('',#2089);
#610=VERTEX_POINT('',#2092);
#611=VERTEX_POINT('',#2094);
#612=VERTEX_POINT('',#2095);
#613=VERTEX_POINT('',#2097);
#614=VERTEX_POINT('',#2099);
#615=VERTEX_POINT('',#2103);
#616=VERTEX_POINT('',#2112);
#617=VERTEX_POINT('',#2115);
#618=VERTEX_POINT('',#2124);
#619=VERTEX_POINT('',#2139);
#620=VERTEX_POINT('',#2140);
#621=VERTEX_POINT('',#2142);
#622=VERTEX_POINT('',#2144);
#623=VERTEX_POINT('',#2149);
#624=VERTEX_POINT('',#2151);
#625=VERTEX_POINT('',#2155);
#626=VERTEX_POINT('',#2157);
#627=VERTEX_POINT('',#2161);
#628=VERTEX_POINT('',#2162);
#629=VERTEX_POINT('',#2164);
#630=VERTEX_POINT('',#2166);
#631=VERTEX_POINT('',#2173);
#632=VERTEX_POINT('',#2175);
#633=VERTEX_POINT('',#2180);
#634=VERTEX_POINT('',#2186);
#635=VERTEX_POINT('',#2205);
#636=VERTEX_POINT('',#2227);
#637=VERTEX_POINT('',#2318);
#638=VERTEX_POINT('',#2319);
#639=VERTEX_POINT('',#2321);
#640=VERTEX_POINT('',#2323);
#641=VERTEX_POINT('',#2327);
#642=VERTEX_POINT('',#2329);
#643=VERTEX_POINT('',#2333);
#644=VERTEX_POINT('',#2335);
#645=EDGE_LOOP('',(#164,#165,#166,#167));
#646=EDGE_LOOP('',(#168,#169,#170,#171));
#647=EDGE_LOOP('',(#172,#173));
#648=EDGE_LOOP('',(#174,#175));
#649=EDGE_LOOP('',(#176,#177,#178,#179,#180,#181,#182,#183));
#650=EDGE_LOOP('',(#184,#185,#186,#187,#188,#189,#190,#191));
#651=EDGE_LOOP('',(#192));
#652=EDGE_LOOP('',(#193));
#653=EDGE_LOOP('',(#194));
#654=EDGE_LOOP('',(#195));
#655=EDGE_LOOP('',(#196));
#656=EDGE_LOOP('',(#197));
#657=EDGE_LOOP('',(#198));
#658=EDGE_LOOP('',(#199));
#659=EDGE_LOOP('',(#200));
#660=EDGE_LOOP('',(#201));
#661=EDGE_LOOP('',(#202));
#662=EDGE_LOOP('',(#203));
#663=EDGE_LOOP('',(#204));
#664=EDGE_LOOP('',(#205));
#665=EDGE_LOOP('',(#206,#207));
#666=EDGE_LOOP('',(#208,#209,#210,#211,#212,#213));
#667=EDGE_LOOP('',(#214,#215,#216,#217,#218,#219));
#668=EDGE_LOOP('',(#220,#221,#222,#223));
#669=EDGE_LOOP('',(#224,#225,#226,#227,#228,#229));
#670=EDGE_LOOP('',(#230,#231,#232,#233));
#671=EDGE_LOOP('',(#234,#235,#236,#237,#238,#239,#240,#241));
#672=EDGE_LOOP('',(#242,#243,#244,#245,#246,#247,#248,#249));
#673=EDGE_LOOP('',(#250));
#674=EDGE_LOOP('',(#251,#252,#253,#254));
#675=EDGE_LOOP('',(#255,#256,#257,#258,#259,#260,#261,#262));
#676=EDGE_LOOP('',(#263));
#677=EDGE_LOOP('',(#264,#265,#266,#267));
#678=EDGE_LOOP('',(#268));
#679=EDGE_LOOP('',(#269));
#680=EDGE_LOOP('',(#270));
#681=EDGE_LOOP('',(#271));
#682=EDGE_LOOP('',(#272));
#683=EDGE_LOOP('',(#273));
#684=EDGE_LOOP('',(#274));
#685=EDGE_LOOP('',(#275));
#686=EDGE_LOOP('',(#276,#277));
#687=EDGE_LOOP('',(#278,#279));
#688=EDGE_LOOP('',(#280,#281,#282,#283));
#689=EDGE_LOOP('',(#284,#285,#286,#287));
#690=EDGE_LOOP('',(#288,#289,#290,#291));
#691=EDGE_LOOP('',(#292,#293,#294,#295));
#692=EDGE_LOOP('',(#296,#297,#298,#299));
#693=EDGE_LOOP('',(#300,#301,#302,#303,#304,#305));
#694=EDGE_LOOP('',(#306,#307,#308,#309));
#695=EDGE_LOOP('',(#310,#311,#312,#313));
#696=EDGE_LOOP('',(#314,#315,#316,#317));
#697=EDGE_LOOP('',(#318,#319,#320,#321));
#698=EDGE_LOOP('',(#322,#323,#324,#325));
#699=EDGE_LOOP('',(#326,#327,#328,#329));
#700=EDGE_LOOP('',(#330,#331,#332,#333,#334,#335,#336,#337,#338,#339,#340,
#341));
#701=EDGE_LOOP('',(#342,#343,#344,#345));
#702=EDGE_LOOP('',(#346,#347,#348,#349,#350,#351,#352,#353,#354,#355,#356,
#357));
#703=EDGE_LOOP('',(#358,#359,#360,#361));
#704=EDGE_LOOP('',(#362,#363,#364,#365));
#705=EDGE_LOOP('',(#366,#367,#368,#369));
#706=EDGE_LOOP('',(#370,#371,#372,#373));
#707=EDGE_LOOP('',(#374,#375));
#708=EDGE_LOOP('',(#376,#377,#378,#379));
#709=EDGE_LOOP('',(#380));
#710=EDGE_LOOP('',(#381,#382));
#711=EDGE_LOOP('',(#383));
#712=EDGE_LOOP('',(#384));
#713=EDGE_LOOP('',(#385));
#714=EDGE_LOOP('',(#386));
#715=EDGE_LOOP('',(#387));
#716=EDGE_LOOP('',(#388));
#717=EDGE_LOOP('',(#389));
#718=EDGE_LOOP('',(#390,#391,#392,#393));
#719=EDGE_LOOP('',(#394,#395,#396,#397));
#720=EDGE_LOOP('',(#398,#399,#400,#401));
#721=EDGE_LOOP('',(#402,#403,#404,#405));
#722=EDGE_LOOP('',(#406,#407,#408,#409));
#723=EDGE_LOOP('',(#410,#411,#412,#413));
#724=FACE_BOUND('',#645,.T.);
#725=FACE_BOUND('',#646,.T.);
#726=FACE_BOUND('',#647,.T.);
#727=FACE_BOUND('',#648,.T.);
#728=FACE_BOUND('',#649,.T.);
#729=FACE_BOUND('',#650,.T.);
#730=FACE_BOUND('',#651,.T.);
#731=FACE_BOUND('',#652,.T.);
#732=FACE_BOUND('',#653,.T.);
#733=FACE_BOUND('',#654,.T.);
#734=FACE_BOUND('',#655,.T.);
#735=FACE_BOUND('',#656,.T.);
#736=FACE_BOUND('',#657,.T.);
#737=FACE_BOUND('',#658,.T.);
#738=FACE_BOUND('',#659,.T.);
#739=FACE_BOUND('',#660,.T.);
#740=FACE_BOUND('',#661,.T.);
#741=FACE_BOUND('',#662,.T.);
#742=FACE_BOUND('',#663,.T.);
#743=FACE_BOUND('',#664,.T.);
#744=FACE_BOUND('',#665,.T.);
#745=FACE_BOUND('',#666,.T.);
#746=FACE_BOUND('',#667,.T.);
#747=FACE_BOUND('',#668,.T.);
#748=FACE_BOUND('',#669,.T.);
#749=FACE_BOUND('',#670,.T.);
#750=FACE_BOUND('',#671,.T.);
#751=FACE_BOUND('',#672,.T.);
#752=FACE_BOUND('',#673,.T.);
#753=FACE_BOUND('',#674,.T.);
#754=FACE_BOUND('',#675,.T.);
#755=FACE_BOUND('',#676,.T.);
#756=FACE_BOUND('',#677,.T.);
#757=FACE_BOUND('',#678,.T.);
#758=FACE_BOUND('',#679,.T.);
#759=FACE_BOUND('',#680,.T.);
#760=FACE_BOUND('',#681,.T.);
#761=FACE_BOUND('',#682,.T.);
#762=FACE_BOUND('',#683,.T.);
#763=FACE_BOUND('',#684,.T.);
#764=FACE_BOUND('',#685,.T.);
#765=FACE_BOUND('',#686,.T.);
#766=FACE_BOUND('',#687,.T.);
#767=FACE_BOUND('',#688,.T.);
#768=FACE_BOUND('',#689,.T.);
#769=FACE_BOUND('',#690,.T.);
#770=FACE_BOUND('',#691,.T.);
#771=FACE_BOUND('',#692,.T.);
#772=FACE_BOUND('',#693,.T.);
#773=FACE_BOUND('',#694,.T.);
#774=FACE_BOUND('',#695,.T.);
#775=FACE_BOUND('',#696,.T.);
#776=FACE_BOUND('',#697,.T.);
#777=FACE_BOUND('',#698,.T.);
#778=FACE_BOUND('',#699,.T.);
#779=FACE_BOUND('',#700,.T.);
#780=FACE_BOUND('',#701,.T.);
#781=FACE_BOUND('',#702,.T.);
#782=FACE_BOUND('',#703,.T.);
#783=FACE_BOUND('',#704,.T.);
#784=FACE_BOUND('',#705,.T.);
#785=FACE_BOUND('',#706,.T.);
#786=FACE_BOUND('',#707,.T.);
#787=FACE_BOUND('',#708,.T.);
#788=FACE_BOUND('',#709,.T.);
#789=FACE_BOUND('',#710,.T.);
#790=FACE_BOUND('',#711,.T.);
#791=FACE_BOUND('',#712,.T.);
#792=FACE_BOUND('',#713,.T.);
#793=FACE_BOUND('',#714,.T.);
#794=FACE_BOUND('',#715,.T.);
#795=FACE_BOUND('',#716,.T.);
#796=FACE_BOUND('',#717,.T.);
#797=FACE_BOUND('',#718,.T.);
#798=FACE_BOUND('',#719,.T.);
#799=FACE_BOUND('',#720,.T.);
#800=FACE_BOUND('',#721,.T.);
#801=FACE_BOUND('',#722,.T.);
#802=FACE_BOUND('',#723,.T.);
#803=CYLINDRICAL_SURFACE('',#1163,13.2500000000051);
#804=CYLINDRICAL_SURFACE('',#1169,5.00000000001384);
#805=CYLINDRICAL_SURFACE('',#1175,3.6);
#806=CYLINDRICAL_SURFACE('',#1177,5.59999999999339);
#807=CYLINDRICAL_SURFACE('',#1184,5.5);
#808=CYLINDRICAL_SURFACE('',#1193,0.8);
#809=CYLINDRICAL_SURFACE('',#1196,0.8);
#810=CYLINDRICAL_SURFACE('',#1201,13.25);
#811=CYLINDRICAL_SURFACE('',#1202,13.25);
#812=CYLINDRICAL_SURFACE('',#1205,13.25);
#813=CYLINDRICAL_SURFACE('',#1225,13.2500000000051);
#814=CYLINDRICAL_SURFACE('',#1226,5.5);
#815=CYLINDRICAL_SURFACE('',#1227,5.5);
#816=CYLINDRICAL_SURFACE('',#1228,5.5);
#817=CYLINDRICAL_SURFACE('',#1229,3.90000000002073);
#818=ADVANCED_FACE('',(#724),#803,.T.);
#819=ADVANCED_FACE('',(#725),#129,.T.);
#820=ADVANCED_FACE('',(#726),#130,.F.);
#821=ADVANCED_FACE('',(#727),#131,.T.);
#822=ADVANCED_FACE('',(#728),#118,.T.);
#823=ADVANCED_FACE('',(#729),#119,.T.);
#824=ADVANCED_FACE('',(#730,#731),#804,.T.);
#825=ADVANCED_FACE('',(#732),#132,.T.);
#826=ADVANCED_FACE('',(#733,#734),#133,.F.);
#827=ADVANCED_FACE('',(#735,#736),#805,.T.);
#828=ADVANCED_FACE('',(#737,#738),#806,.T.);
#829=ADVANCED_FACE('',(#739,#740),#134,.T.);
#830=ADVANCED_FACE('',(#741,#742),#135,.F.);
#831=ADVANCED_FACE('',(#743,#744),#807,.T.);
#832=ADVANCED_FACE('',(#745),#136,.F.);
#833=ADVANCED_FACE('',(#746,#747),#120,.F.);
#834=ADVANCED_FACE('',(#748,#749),#121,.F.);
#835=ADVANCED_FACE('',(#750),#122,.F.);
#836=ADVANCED_FACE('',(#751,#752,#753),#137,.F.);
#837=ADVANCED_FACE('',(#754,#755,#756),#138,.T.);
#838=ADVANCED_FACE('',(#757,#758),#77,.F.);
#839=ADVANCED_FACE('',(#759,#760),#808,.F.);
#840=ADVANCED_FACE('',(#761,#762),#78,.F.);
#841=ADVANCED_FACE('',(#763,#764),#809,.F.);
#842=ADVANCED_FACE('',(#765),#139,.T.);
#843=ADVANCED_FACE('',(#766),#140,.F.);
#844=ADVANCED_FACE('',(#767),#810,.T.);
#845=ADVANCED_FACE('',(#768),#811,.T.);
#846=ADVANCED_FACE('',(#769),#812,.T.);
#847=ADVANCED_FACE('',(#770),#141,.F.);
#848=ADVANCED_FACE('',(#771,#772),#142,.T.);
#849=ADVANCED_FACE('',(#773),#143,.F.);
#850=ADVANCED_FACE('',(#774),#144,.F.);
#851=ADVANCED_FACE('',(#775,#776),#145,.T.);
#852=ADVANCED_FACE('',(#777),#146,.T.);
#853=ADVANCED_FACE('',(#778),#147,.F.);
#854=ADVANCED_FACE('',(#779),#148,.F.);
#855=ADVANCED_FACE('',(#780),#149,.F.);
#856=ADVANCED_FACE('',(#781),#150,.F.);
#857=ADVANCED_FACE('',(#782),#151,.F.);
#858=ADVANCED_FACE('',(#783),#152,.F.);
#859=ADVANCED_FACE('',(#784),#153,.F.);
#860=ADVANCED_FACE('',(#785),#154,.F.);
#861=ADVANCED_FACE('',(#786),#155,.F.);
#862=ADVANCED_FACE('',(#787),#813,.T.);
#863=ADVANCED_FACE('',(#788),#814,.T.);
#864=ADVANCED_FACE('',(#789),#815,.T.);
#865=ADVANCED_FACE('',(#790),#816,.T.);
#866=ADVANCED_FACE('',(#791,#792),#817,.T.);
#867=ADVANCED_FACE('',(#793,#794),#156,.T.);
#868=ADVANCED_FACE('',(#795),#157,.F.);
#869=ADVANCED_FACE('',(#796),#123,.T.);
#870=ADVANCED_FACE('',(#797),#158,.F.);
#871=ADVANCED_FACE('',(#798),#159,.F.);
#872=ADVANCED_FACE('',(#799),#160,.F.);
#873=ADVANCED_FACE('',(#800),#161,.F.);
#874=ADVANCED_FACE('',(#801),#162,.T.);
#875=ADVANCED_FACE('',(#802),#163,.F.);
#876=CLOSED_SHELL('',(#818,#819,#820,#821));
#877=CLOSED_SHELL('',(#824,#825,#826,#827,#828,#829,#830,#831,#832,#833,
#834,#835,#836,#837,#838,#839,#840,#841,#842,#843,#844,#845,#846,#847,#848,
#849,#850,#851,#852,#853,#854,#855,#856,#857,#858,#859,#860,#861,#862,#863,
#864,#865,#866,#867));
#878=CLOSED_SHELL('',(#868,#869));
#879=CLOSED_SHELL('',(#870,#871,#872,#873,#874,#875));
#880=SURFACE_STYLE_USAGE(.BOTH.,#886);
#881=SURFACE_STYLE_USAGE(.BOTH.,#887);
#882=SURFACE_STYLE_USAGE(.BOTH.,#888);
#883=SURFACE_STYLE_USAGE(.BOTH.,#889);
#884=SURFACE_STYLE_USAGE(.BOTH.,#890);
#885=SURFACE_STYLE_USAGE(.BOTH.,#891);
#886=SURFACE_SIDE_STYLE('',(#892));
#887=SURFACE_SIDE_STYLE('',(#893));
#888=SURFACE_SIDE_STYLE('',(#894));
#889=SURFACE_SIDE_STYLE('',(#895));
#890=SURFACE_SIDE_STYLE('',(#896));
#891=SURFACE_SIDE_STYLE('',(#897));
#892=SURFACE_STYLE_FILL_AREA(#898);
#893=SURFACE_STYLE_FILL_AREA(#899);
#894=SURFACE_STYLE_FILL_AREA(#900);
#895=SURFACE_STYLE_FILL_AREA(#901);
#896=SURFACE_STYLE_FILL_AREA(#902);
#897=SURFACE_STYLE_FILL_AREA(#903);
#898=FILL_AREA_STYLE('',(#904));
#899=FILL_AREA_STYLE('',(#905));
#900=FILL_AREA_STYLE('',(#906));
#901=FILL_AREA_STYLE('',(#907));
#902=FILL_AREA_STYLE('',(#908));
#903=FILL_AREA_STYLE('',(#909));
#904=FILL_AREA_STYLE_COLOUR('',#983);
#905=FILL_AREA_STYLE_COLOUR('',#984);
#906=FILL_AREA_STYLE_COLOUR('',#984);
#907=FILL_AREA_STYLE_COLOUR('',#983);
#908=FILL_AREA_STYLE_COLOUR('',#983);
#909=FILL_AREA_STYLE_COLOUR('',#983);
#910=MANIFOLD_SOLID_BREP('Extrude (25)',#876);
#911=MANIFOLD_SOLID_BREP('Extrude (42)',#877);
#912=MANIFOLD_SOLID_BREP('Extrude (52)',#878);
#913=MANIFOLD_SOLID_BREP('Extrude (55)',#879);
#914=CIRCLE('',#1159,1.);
#915=CIRCLE('',#1160,1.);
#916=CIRCLE('',#1161,0.999999999999998);
#917=CIRCLE('',#1162,0.999999999999998);
#918=CIRCLE('',#1164,13.2500000000051);
#919=CIRCLE('',#1165,13.2500000000051);
#920=CIRCLE('',#1170,5.00000000001384);
#921=CIRCLE('',#1171,5.00000000001384);
#922=CIRCLE('',#1174,3.6);
#923=CIRCLE('',#1176,3.6);
#924=CIRCLE('',#1178,5.59999999999339);
#925=CIRCLE('',#1179,5.59999999999339);
#926=CIRCLE('',#1181,3.90000000002073);
#927=CIRCLE('',#1183,5.5);
#928=CIRCLE('',#1186,5.5);
#929=CIRCLE('',#1188,1.);
#930=CIRCLE('',#1190,0.999999999999998);
#931=CIRCLE('',#1192,0.8);
#932=CIRCLE('',#1195,0.8);
#933=CIRCLE('',#1198,13.25);
#934=CIRCLE('',#1200,13.25);
#935=CIRCLE('',#1203,13.25);
#936=CIRCLE('',#1204,13.25);
#937=CIRCLE('',#1206,13.25);
#938=CIRCLE('',#1207,13.25);
#939=CIRCLE('',#1213,13.2500000000051);
#940=CIRCLE('',#1224,13.2500000000051);
#941=CIRCLE('',#1230,3.90000000002073);
#942=SHAPE_REPRESENTATION_RELATIONSHIP('','',#1157,#945);
#943=SHAPE_REPRESENTATION_RELATIONSHIP('','',#1157,#128);
#944=SHAPE_REPRESENTATION_RELATIONSHIP('','',#1157,#79);
#945=GEOMETRICALLY_BOUNDED_WIREFRAME_SHAPE_REPRESENTATION('',(#1151,#1152,
#1153,#1154,#1155),#2367);
#946=STYLED_ITEM('',(#960),#993);
#947=STYLED_ITEM('',(#961),#994);
#948=STYLED_ITEM('',(#962),#995);
#949=STYLED_ITEM('',(#963),#996);
#950=STYLED_ITEM('',(#964),#997);
#951=STYLED_ITEM('',(#965),#998);
#952=STYLED_ITEM('',(#966),#999);
#953=STYLED_ITEM('',(#967),#1000);
#954=STYLED_ITEM('',(#968),#910);
#955=STYLED_ITEM('',(#969),#126);
#956=STYLED_ITEM('',(#970),#127);
#957=STYLED_ITEM('',(#971),#911);
#958=STYLED_ITEM('',(#972),#912);
#959=STYLED_ITEM('',(#973),#913);
#960=PRESENTATION_STYLE_ASSIGNMENT((#974));
#961=PRESENTATION_STYLE_ASSIGNMENT((#975));
#962=PRESENTATION_STYLE_ASSIGNMENT((#976));
#963=PRESENTATION_STYLE_ASSIGNMENT((#977));
#964=PRESENTATION_STYLE_ASSIGNMENT((#978));
#965=PRESENTATION_STYLE_ASSIGNMENT((#979));
#966=PRESENTATION_STYLE_ASSIGNMENT((#980));
#967=PRESENTATION_STYLE_ASSIGNMENT((#981));
#968=PRESENTATION_STYLE_ASSIGNMENT((#880));
#969=PRESENTATION_STYLE_ASSIGNMENT((#881));
#970=PRESENTATION_STYLE_ASSIGNMENT((#882));
#971=PRESENTATION_STYLE_ASSIGNMENT((#883));
#972=PRESENTATION_STYLE_ASSIGNMENT((#884));
#973=PRESENTATION_STYLE_ASSIGNMENT((#885));
#974=CURVE_STYLE('',#985,POSITIVE_LENGTH_MEASURE(0.705555555555555),#982);
#975=CURVE_STYLE('',#986,POSITIVE_LENGTH_MEASURE(0.705555555555555),#982);
#976=CURVE_STYLE('',#987,POSITIVE_LENGTH_MEASURE(0.705555555555555),#982);
#977=CURVE_STYLE('',#988,POSITIVE_LENGTH_MEASURE(0.705555555555555),#982);
#978=CURVE_STYLE('',#989,POSITIVE_LENGTH_MEASURE(0.705555555555555),#982);
#979=CURVE_STYLE('',#990,POSITIVE_LENGTH_MEASURE(0.705555555555555),#982);
#980=CURVE_STYLE('',#991,POSITIVE_LENGTH_MEASURE(0.705555555555555),#982);
#981=CURVE_STYLE('',#992,POSITIVE_LENGTH_MEASURE(0.705555555555555),#982);
#982=COLOUR_RGB('',0.301960796117783,0.427450984716415,0.701960802078247);
#983=COLOUR_RGB('',0.611764705882353,0.658823529411765,0.670588235294118);
#984=COLOUR_RGB('',0.52156862745098,0.627450980392157,0.686274509803922);
#985=DRAUGHTING_PRE_DEFINED_CURVE_FONT('continuous');
#986=DRAUGHTING_PRE_DEFINED_CURVE_FONT('continuous');
#987=DRAUGHTING_PRE_DEFINED_CURVE_FONT('continuous');
#988=DRAUGHTING_PRE_DEFINED_CURVE_FONT('continuous');
#989=DRAUGHTING_PRE_DEFINED_CURVE_FONT('dashed');
#990=DRAUGHTING_PRE_DEFINED_CURVE_FONT('dashed');
#991=DRAUGHTING_PRE_DEFINED_CURVE_FONT('dashed');
#992=DRAUGHTING_PRE_DEFINED_CURVE_FONT('dashed');
#993=TRIMMED_CURVE('Line76',#1001,(PARAMETER_VALUE(-6.90664157123188E-30)),
(PARAMETER_VALUE(0.009)),.T.,.PARAMETER.);
#994=TRIMMED_CURVE('Line75',#1002,(PARAMETER_VALUE(1.16625459289921E-14)),
(PARAMETER_VALUE(0.00900000000000583)),.T.,.PARAMETER.);
#995=TRIMMED_CURVE('Line74',#1003,(PARAMETER_VALUE(1.73472347597681E-18)),
(PARAMETER_VALUE(0.009)),.T.,.PARAMETER.);
#996=TRIMMED_CURVE('Line73',#1004,(PARAMETER_VALUE(0.)),(
PARAMETER_VALUE(0.00899999999998833)),.T.,.PARAMETER.);
#997=TRIMMED_CURVE('Wire',#914,(PARAMETER_VALUE(0.)),(
PARAMETER_VALUE(6.28318530717959)),.T.,.PARAMETER.);
#998=TRIMMED_CURVE('Wire',#915,(PARAMETER_VALUE(0.)),(
PARAMETER_VALUE(6.28318530717959)),.T.,.PARAMETER.);
#999=TRIMMED_CURVE('Wire',#916,(PARAMETER_VALUE(2.08166817117279E-17)),
(PARAMETER_VALUE(6.28318530717959)),.T.,.PARAMETER.);
#1000=TRIMMED_CURVE('Wire',#917,(PARAMETER_VALUE(2.08166817117311E-17)),
(PARAMETER_VALUE(6.28318530717959)),.T.,.PARAMETER.);
#1001=LINE('',#1525,#1076);
#1002=LINE('',#1526,#1077);
#1003=LINE('',#1527,#1078);
#1004=LINE('',#1528,#1079);
#1005=LINE('',#1537,#1080);
#1006=LINE('',#1541,#1081);
#1007=LINE('',#1543,#1082);
#1008=LINE('',#1544,#1083);
#1009=LINE('',#1916,#1084);
#1010=LINE('',#1942,#1085);
#1011=LINE('',#1948,#1086);
#1012=LINE('',#1956,#1087);
#1013=LINE('',#1982,#1088);
#1014=LINE('',#2001,#1089);
#1015=LINE('',#2002,#1090);
#1016=LINE('',#2010,#1091);
#1017=LINE('',#2050,#1092);
#1018=LINE('',#2066,#1093);
#1019=LINE('',#2068,#1094);
#1020=LINE('',#2070,#1095);
#1021=LINE('',#2072,#1096);
#1022=LINE('',#2075,#1097);
#1023=LINE('',#2078,#1098);
#1024=LINE('',#2080,#1099);
#1025=LINE('',#2082,#1100);
#1026=LINE('',#2084,#1101);
#1027=LINE('',#2086,#1102);
#1028=LINE('',#2088,#1103);
#1029=LINE('',#2090,#1104);
#1030=LINE('',#2093,#1105);
#1031=LINE('',#2096,#1106);
#1032=LINE('',#2098,#1107);
#1033=LINE('',#2100,#1108);
#1034=LINE('',#2138,#1109);
#1035=LINE('',#2141,#1110);
#1036=LINE('',#2143,#1111);
#1037=LINE('',#2145,#1112);
#1038=LINE('',#2146,#1113);
#1039=LINE('',#2148,#1114);
#1040=LINE('',#2150,#1115);
#1041=LINE('',#2152,#1116);
#1042=LINE('',#2154,#1117);
#1043=LINE('',#2156,#1118);
#1044=LINE('',#2158,#1119);
#1045=LINE('',#2160,#1120);
#1046=LINE('',#2163,#1121);
#1047=LINE('',#2165,#1122);
#1048=LINE('',#2167,#1123);
#1049=LINE('',#2168,#1124);
#1050=LINE('',#2172,#1125);
#1051=LINE('',#2174,#1126);
#1052=LINE('',#2176,#1127);
#1053=LINE('',#2178,#1128);
#1054=LINE('',#2179,#1129);
#1055=LINE('',#2181,#1130);
#1056=LINE('',#2182,#1131);
#1057=LINE('',#2183,#1132);
#1058=LINE('',#2185,#1133);
#1059=LINE('',#2187,#1134);
#1060=LINE('',#2189,#1135);
#1061=LINE('',#2190,#1136);
#1062=LINE('',#2191,#1137);
#1063=LINE('',#2192,#1138);
#1064=LINE('',#2317,#1139);
#1065=LINE('',#2320,#1140);
#1066=LINE('',#2322,#1141);
#1067=LINE('',#2324,#1142);
#1068=LINE('',#2326,#1143);
#1069=LINE('',#2328,#1144);
#1070=LINE('',#2330,#1145);
#1071=LINE('',#2332,#1146);
#1072=LINE('',#2334,#1147);
#1073=LINE('',#2336,#1148);
#1074=LINE('',#2338,#1149);
#1075=LINE('',#2339,#1150);
#1076=VECTOR('',#1257,1000.);
#1077=VECTOR('',#1258,1000.);
#1078=VECTOR('',#1259,1000.);
#1079=VECTOR('',#1260,1000.);
#1080=VECTOR('',#1273,1000.);
#1081=VECTOR('',#1276,1000.);
#1082=VECTOR('',#1279,1000.);
#1083=VECTOR('',#1280,1000.);
#1084=VECTOR('',#1321,1000.);
#1085=VECTOR('',#1322,1000.);
#1086=VECTOR('',#1323,1000.);
#1087=VECTOR('',#1324,1000.);
#1088=VECTOR('',#1325,1000.);
#1089=VECTOR('',#1326,1000.);
#1090=VECTOR('',#1327,1000.);
#1091=VECTOR('',#1328,1000.);
#1092=VECTOR('',#1329,1000.);
#1093=VECTOR('',#1332,1000.);
#1094=VECTOR('',#1333,1000.);
#1095=VECTOR('',#1334,1000.);
#1096=VECTOR('',#1335,1000.);
#1097=VECTOR('',#1338,1000.);
#1098=VECTOR('',#1339,1000.);
#1099=VECTOR('',#1340,1000.);
#1100=VECTOR('',#1341,1000.);
#1101=VECTOR('',#1344,1000.);
#1102=VECTOR('',#1345,1000.);
#1103=VECTOR('',#1346,1000.);
#1104=VECTOR('',#1347,1000.);
#1105=VECTOR('',#1350,1000.);
#1106=VECTOR('',#1351,1000.);
#1107=VECTOR('',#1352,1000.);
#1108=VECTOR('',#1353,1000.);
#1109=VECTOR('',#1392,1000.);
#1110=VECTOR('',#1393,1000.);
#1111=VECTOR('',#1394,1000.);
#1112=VECTOR('',#1395,1000.);
#1113=VECTOR('',#1396,1000.);
#1114=VECTOR('',#1399,1000.);
#1115=VECTOR('',#1400,1000.);
#1116=VECTOR('',#1401,1000.);
#1117=VECTOR('',#1404,1000.);
#1118=VECTOR('',#1405,1000.);
#1119=VECTOR('',#1406,1000.);
#1120=VECTOR('',#1409,1000.);
#1121=VECTOR('',#1410,1000.);
#1122=VECTOR('',#1411,1000.);
#1123=VECTOR('',#1412,1000.);
#1124=VECTOR('',#1413,1000.);
#1125=VECTOR('',#1420,1000.);
#1126=VECTOR('',#1421,1000.);
#1127=VECTOR('',#1422,1000.);
#1128=VECTOR('',#1425,1000.);
#1129=VECTOR('',#1426,1000.);
#1130=VECTOR('',#1427,1000.);
#1131=VECTOR('',#1428,1000.);
#1132=VECTOR('',#1429,1000.);
#1133=VECTOR('',#1432,1000.);
#1134=VECTOR('',#1433,1000.);
#1135=VECTOR('',#1436,1000.);
#1136=VECTOR('',#1437,1000.);
#1137=VECTOR('',#1438,1000.);
#1138=VECTOR('',#1439,1000.);
#1139=VECTOR('',#1470,1000.);
#1140=VECTOR('',#1471,1000.);
#1141=VECTOR('',#1472,1000.);
#1142=VECTOR('',#1473,1000.);
#1143=VECTOR('',#1476,1000.);
#1144=VECTOR('',#1477,1000.);
#1145=VECTOR('',#1478,1000.);
#1146=VECTOR('',#1481,1000.);
#1147=VECTOR('',#1482,1000.);
#1148=VECTOR('',#1483,1000.);
#1149=VECTOR('',#1486,1000.);
#1150=VECTOR('',#1487,1000.);
#1151=GEOMETRIC_CURVE_SET('',(#993,#994,#995,#996));
#1152=GEOMETRIC_CURVE_SET('',(#997));
#1153=GEOMETRIC_CURVE_SET('',(#998));
#1154=GEOMETRIC_CURVE_SET('',(#999));
#1155=GEOMETRIC_CURVE_SET('',(#1000));
#1156=SHAPE_DEFINITION_REPRESENTATION(#2372,#1157);
#1157=SHAPE_REPRESENTATION('Runcam_Camera',(#1158),#2367);
#1158=AXIS2_PLACEMENT_3D('',#1524,#1255,#1256);
#1159=AXIS2_PLACEMENT_3D('',#1529,#1261,#1262);
#1160=AXIS2_PLACEMENT_3D('',#1530,#1263,#1264);
#1161=AXIS2_PLACEMENT_3D('',#1531,#1265,#1266);
#1162=AXIS2_PLACEMENT_3D('',#1532,#1267,#1268);
#1163=AXIS2_PLACEMENT_3D('',#1533,#1269,#1270);
#1164=AXIS2_PLACEMENT_3D('',#1534,#1271,#1272);
#1165=AXIS2_PLACEMENT_3D('',#1539,#1274,#1275);
#1166=AXIS2_PLACEMENT_3D('',#1542,#1277,#1278);
#1167=AXIS2_PLACEMENT_3D('',#1545,#1281,#1282);
#1168=AXIS2_PLACEMENT_3D('',#1546,#1283,#1284);
#1169=AXIS2_PLACEMENT_3D('',#1837,#1285,#1286);
#1170=AXIS2_PLACEMENT_3D('',#1838,#1287,#1288);
#1171=AXIS2_PLACEMENT_3D('',#1840,#1289,#1290);
#1172=AXIS2_PLACEMENT_3D('',#1842,#1291,#1292);
#1173=AXIS2_PLACEMENT_3D('',#1843,#1293,#1294);
#1174=AXIS2_PLACEMENT_3D('',#1844,#1295,#1296);
#1175=AXIS2_PLACEMENT_3D('',#1846,#1297,#1298);
#1176=AXIS2_PLACEMENT_3D('',#1847,#1299,#1300);
#1177=AXIS2_PLACEMENT_3D('',#1849,#1301,#1302);
#1178=AXIS2_PLACEMENT_3D('',#1850,#1303,#1304);
#1179=AXIS2_PLACEMENT_3D('',#1852,#1305,#1306);
#1180=AXIS2_PLACEMENT_3D('',#1854,#1307,#1308);
#1181=AXIS2_PLACEMENT_3D('',#1855,#1309,#1310);
#1182=AXIS2_PLACEMENT_3D('',#1857,#1311,#1312);
#1183=AXIS2_PLACEMENT_3D('',#1858,#1313,#1314);
#1184=AXIS2_PLACEMENT_3D('',#1860,#1315,#1316);
#1185=AXIS2_PLACEMENT_3D('',#1897,#1317,#1318);
#1186=AXIS2_PLACEMENT_3D('',#1904,#1319,#1320);
#1187=AXIS2_PLACEMENT_3D('',#2065,#1330,#1331);
#1188=AXIS2_PLACEMENT_3D('',#2073,#1336,#1337);
#1189=AXIS2_PLACEMENT_3D('',#2083,#1342,#1343);
#1190=AXIS2_PLACEMENT_3D('',#2091,#1348,#1349);
#1191=AXIS2_PLACEMENT_3D('',#2101,#1354,#1355);
#1192=AXIS2_PLACEMENT_3D('',#2102,#1356,#1357);
#1193=AXIS2_PLACEMENT_3D('',#2104,#1358,#1359);
#1194=AXIS2_PLACEMENT_3D('',#2113,#1360,#1361);
#1195=AXIS2_PLACEMENT_3D('',#2114,#1362,#1363);
#1196=AXIS2_PLACEMENT_3D('',#2116,#1364,#1365);
#1197=AXIS2_PLACEMENT_3D('',#2125,#1366,#1367);
#1198=AXIS2_PLACEMENT_3D('',#2126,#1368,#1369);
#1199=AXIS2_PLACEMENT_3D('',#2127,#1370,#1371);
#1200=AXIS2_PLACEMENT_3D('',#2128,#1372,#1373);
#1201=AXIS2_PLACEMENT_3D('',#2129,#1374,#1375);
#1202=AXIS2_PLACEMENT_3D('',#2130,#1376,#1377);
#1203=AXIS2_PLACEMENT_3D('',#2131,#1378,#1379);
#1204=AXIS2_PLACEMENT_3D('',#2132,#1380,#1381);
#1205=AXIS2_PLACEMENT_3D('',#2133,#1382,#1383);
#1206=AXIS2_PLACEMENT_3D('',#2134,#1384,#1385);
#1207=AXIS2_PLACEMENT_3D('',#2135,#1386,#1387);
#1208=AXIS2_PLACEMENT_3D('',#2136,#1388,#1389);
#1209=AXIS2_PLACEMENT_3D('',#2137,#1390,#1391);
#1210=AXIS2_PLACEMENT_3D('',#2147,#1397,#1398);
#1211=AXIS2_PLACEMENT_3D('',#2153,#1402,#1403);
#1212=AXIS2_PLACEMENT_3D('',#2159,#1407,#1408);
#1213=AXIS2_PLACEMENT_3D('',#2169,#1414,#1415);
#1214=AXIS2_PLACEMENT_3D('',#2170,#1416,#1417);
#1215=AXIS2_PLACEMENT_3D('',#2171,#1418,#1419);
#1216=AXIS2_PLACEMENT_3D('',#2177,#1423,#1424);
#1217=AXIS2_PLACEMENT_3D('',#2184,#1430,#1431);
#1218=AXIS2_PLACEMENT_3D('',#2188,#1434,#1435);
#1219=AXIS2_PLACEMENT_3D('',#2193,#1440,#1441);
#1220=AXIS2_PLACEMENT_3D('',#2194,#1442,#1443);
#1221=AXIS2_PLACEMENT_3D('',#2195,#1444,#1445);
#1222=AXIS2_PLACEMENT_3D('',#2196,#1446,#1447);
#1223=AXIS2_PLACEMENT_3D('',#2197,#1448,#1449);
#1224=AXIS2_PLACEMENT_3D('',#2198,#1450,#1451);
#1225=AXIS2_PLACEMENT_3D('',#2199,#1452,#1453);
#1226=AXIS2_PLACEMENT_3D('',#2200,#1454,#1455);
#1227=AXIS2_PLACEMENT_3D('',#2201,#1456,#1457);
#1228=AXIS2_PLACEMENT_3D('',#2202,#1458,#1459);
#1229=AXIS2_PLACEMENT_3D('',#2203,#1460,#1461);
#1230=AXIS2_PLACEMENT_3D('',#2204,#1462,#1463);
#1231=AXIS2_PLACEMENT_3D('',#2206,#1464,#1465);
#1232=AXIS2_PLACEMENT_3D('',#2207,#1466,#1467);
#1233=AXIS2_PLACEMENT_3D('',#2316,#1468,#1469);
#1234=AXIS2_PLACEMENT_3D('',#2325,#1474,#1475);
#1235=AXIS2_PLACEMENT_3D('',#2331,#1479,#1480);
#1236=AXIS2_PLACEMENT_3D('',#2337,#1484,#1485);
#1237=AXIS2_PLACEMENT_3D('',#2340,#1488,#1489);
#1238=AXIS2_PLACEMENT_3D('',#2341,#1490,#1491);
#1239=AXIS2_PLACEMENT_3D('',#2342,#1492,#1493);
#1240=AXIS2_PLACEMENT_3D('',#2344,#1494,#1495);
#1241=AXIS2_PLACEMENT_3D('',#2345,#1496,#1497);
#1242=AXIS2_PLACEMENT_3D('',#2347,#1498,#1499);
#1243=AXIS2_PLACEMENT_3D('',#2348,#1500,#1501);
#1244=AXIS2_PLACEMENT_3D('',#2350,#1502,#1503);
#1245=AXIS2_PLACEMENT_3D('',#2351,#1504,#1505);
#1246=AXIS2_PLACEMENT_3D('',#2353,#1506,#1507);
#1247=AXIS2_PLACEMENT_3D('',#2354,#1508,#1509);
#1248=AXIS2_PLACEMENT_3D('',#2356,#1510,#1511);
#1249=AXIS2_PLACEMENT_3D('',#2357,#1512,#1513);
#1250=AXIS2_PLACEMENT_3D('',#2359,#1514,#1515);
#1251=AXIS2_PLACEMENT_3D('',#2360,#1516,#1517);
#1252=AXIS2_PLACEMENT_3D('',#2362,#1518,#1519);
#1253=AXIS2_PLACEMENT_3D('',#2363,#1520,#1521);
#1254=AXIS2_PLACEMENT_3D('',#2365,#1522,#1523);
#1255=DIRECTION('',(0.,0.,1.));
#1256=DIRECTION('',(1.,0.,0.));
#1257=DIRECTION('',(1.1842378929335E-15,1.,0.));
#1258=DIRECTION('',(-1.,0.,0.));
#1259=DIRECTION('',(-1.1842378929335E-15,-1.,0.));
#1260=DIRECTION('',(1.,0.,0.));
#1261=DIRECTION('',(0.,1.,0.));
#1262=DIRECTION('',(-2.66453525910037E-15,0.,-1.));
#1263=DIRECTION('',(-4.72480769292434E-17,1.,1.23705204900019E-18));
#1264=DIRECTION('',(-2.66453525910037E-15,1.23705204900007E-18,-1.));
#1265=DIRECTION('',(3.02387692347158E-15,-1.,7.91713311360125E-17));
#1266=DIRECTION('',(8.88178419700132E-16,7.91713311360152E-17,1.));
#1267=DIRECTION('',(-2.40497682008005E-15,-1.,1.71537654139251E-15));
#1268=DIRECTION('',(8.88178419700135E-16,1.7153765413925E-15,1.));
#1269=DIRECTION('',(-1.,0.,0.));
#1270=DIRECTION('',(0.,0.,1.));
#1271=DIRECTION('',(-1.,0.,0.));
#1272=DIRECTION('',(0.,-1.,-1.83697019872103E-16));
#1273=DIRECTION('',(-1.,0.,0.));
#1274=DIRECTION('',(-1.,0.,0.));
#1275=DIRECTION('',(0.,-1.,-1.83697019872103E-16));
#1276=DIRECTION('',(-1.,0.,0.));
#1277=DIRECTION('',(0.,0.,-1.));
#1278=DIRECTION('',(-1.,0.,0.));
#1279=DIRECTION('',(0.,-1.,0.));
#1280=DIRECTION('',(0.,-1.,0.));
#1281=DIRECTION('',(-1.,0.,0.));
#1282=DIRECTION('',(0.,0.,1.));
#1283=DIRECTION('',(-1.,0.,0.));
#1284=DIRECTION('',(0.,0.,1.));
#1285=DIRECTION('',(0.,0.,-1.));
#1286=DIRECTION('',(-1.,0.,0.));
#1287=DIRECTION('',(0.,0.,1.));
#1288=DIRECTION('',(1.,0.,0.));
#1289=DIRECTION('',(0.,0.,1.));
#1290=DIRECTION('',(1.,0.,0.));
#1291=DIRECTION('',(0.,0.,1.));
#1292=DIRECTION('',(1.,0.,0.));
#1293=DIRECTION('',(0.,0.,1.));
#1294=DIRECTION('',(1.,0.,0.));
#1295=DIRECTION('',(0.,0.,1.));
#1296=DIRECTION('',(1.,0.,0.));
#1297=DIRECTION('',(0.,0.,-1.));
#1298=DIRECTION('',(-1.,0.,0.));
#1299=DIRECTION('',(0.,0.,1.));
#1300=DIRECTION('',(1.,0.,0.));
#1301=DIRECTION('',(0.,0.,-1.));
#1302=DIRECTION('',(-1.,0.,0.));
#1303=DIRECTION('',(0.,0.,1.));
#1304=DIRECTION('',(1.,0.,0.));
#1305=DIRECTION('',(0.,0.,1.));
#1306=DIRECTION('',(1.,0.,0.));
#1307=DIRECTION('',(0.,0.,1.));
#1308=DIRECTION('',(1.,0.,0.));
#1309=DIRECTION('',(0.,0.,1.));
#1310=DIRECTION('',(1.,0.,0.));
#1311=DIRECTION('',(0.,0.,1.));
#1312=DIRECTION('',(1.,0.,0.));
#1313=DIRECTION('',(0.,0.,-1.));
#1314=DIRECTION('',(1.,1.22464679914735E-16,0.));
#1315=DIRECTION('',(0.,0.,-1.));
#1316=DIRECTION('',(-1.,0.,0.));
#1317=DIRECTION('',(0.,0.,-1.));
#1318=DIRECTION('',(-1.,0.,0.));
#1319=DIRECTION('',(0.,0.,-1.));
#1320=DIRECTION('',(1.,1.22464679914735E-16,0.));
#1321=DIRECTION('',(0.,1.,0.));
#1322=DIRECTION('',(0.,1.,0.));
#1323=DIRECTION('',(0.,1.,0.));
#1324=DIRECTION('',(0.,1.,0.));
#1325=DIRECTION('',(0.,1.,0.));
#1326=DIRECTION('',(0.,1.,0.));
#1327=DIRECTION('',(0.,1.,0.));
#1328=DIRECTION('',(0.,1.,0.));
#1329=DIRECTION('',(0.,1.,0.));
#1330=DIRECTION('',(0.,1.,0.));
#1331=DIRECTION('',(0.,0.,1.));
#1332=DIRECTION('',(0.,0.,-1.));
#1333=DIRECTION('',(-1.,0.,0.));
#1334=DIRECTION('',(0.,0.,-1.));
#1335=DIRECTION('',(1.,0.,0.));
#1336=DIRECTION('',(0.,1.,0.));
#1337=DIRECTION('',(0.,0.,1.));
#1338=DIRECTION('',(0.,0.,-1.));
#1339=DIRECTION('',(-1.,0.,0.));
#1340=DIRECTION('',(0.,0.,1.));
#1341=DIRECTION('',(1.,0.,0.));
#1342=DIRECTION('',(0.,1.,0.));
#1343=DIRECTION('',(0.,0.,1.));
#1344=DIRECTION('',(0.,0.,-1.));
#1345=DIRECTION('',(1.,0.,0.));
#1346=DIRECTION('',(0.,0.,-1.));
#1347=DIRECTION('',(1.,0.,0.));
#1348=DIRECTION('',(0.,1.,0.));
#1349=DIRECTION('',(0.,0.,1.));
#1350=DIRECTION('',(0.,0.,-1.));
#1351=DIRECTION('',(1.,0.,0.));
#1352=DIRECTION('',(0.,0.,1.));
#1353=DIRECTION('',(-1.,0.,0.));
#1354=DIRECTION('',(0.,1.,0.));
#1355=DIRECTION('',(1.,0.,0.));
#1356=DIRECTION('',(0.,1.,0.));
#1357=DIRECTION('',(0.,0.,1.));
#1358=DIRECTION('',(0.,-1.,0.));
#1359=DIRECTION('',(0.,0.,-1.));
#1360=DIRECTION('',(0.,-1.,0.));
#1361=DIRECTION('',(-1.,0.,0.));
#1362=DIRECTION('',(0.,-1.,0.));
#1363=DIRECTION('',(0.,0.,-1.));
#1364=DIRECTION('',(0.,1.,0.));
#1365=DIRECTION('',(0.,0.,1.));
#1366=DIRECTION('',(1.,0.,0.));
#1367=DIRECTION('',(0.,0.,-1.));
#1368=DIRECTION('',(1.,0.,0.));
#1369=DIRECTION('',(0.,1.,-6.12323399573677E-17));
#1370=DIRECTION('',(1.,0.,0.));
#1371=DIRECTION('',(0.,0.,-1.));
#1372=DIRECTION('',(1.,0.,0.));
#1373=DIRECTION('',(0.,1.,-6.12323399573677E-17));
#1374=DIRECTION('',(1.,0.,0.));
#1375=DIRECTION('',(0.,0.,-1.));
#1376=DIRECTION('',(1.,0.,0.));
#1377=DIRECTION('',(0.,0.,-1.));
#1378=DIRECTION('',(1.,0.,0.));
#1379=DIRECTION('',(0.,1.,-6.12323399573677E-17));
#1380=DIRECTION('',(1.,0.,0.));
#1381=DIRECTION('',(0.,1.,-6.12323399573677E-17));
#1382=DIRECTION('',(1.,0.,0.));
#1383=DIRECTION('',(0.,0.,-1.));
#1384=DIRECTION('',(1.,0.,0.));
#1385=DIRECTION('',(0.,1.,-6.12323399573677E-17));
#1386=DIRECTION('',(1.,0.,0.));
#1387=DIRECTION('',(0.,1.,-6.12323399573677E-17));
#1388=DIRECTION('',(1.,0.,0.));
#1389=DIRECTION('',(0.,0.,-1.));
#1390=DIRECTION('',(1.,0.,0.));
#1391=DIRECTION('',(0.,0.,-1.));
#1392=DIRECTION('',(0.,0.,1.));
#1393=DIRECTION('',(0.,1.,0.));
#1394=DIRECTION('',(0.,0.,-1.));
#1395=DIRECTION('',(0.,-1.,0.));
#1396=DIRECTION('',(0.,-1.,0.));
#1397=DIRECTION('',(-1.,0.,0.));
#1398=DIRECTION('',(0.,0.,1.));
#1399=DIRECTION('',(0.,-1.,0.));
#1400=DIRECTION('',(0.,0.,1.));
#1401=DIRECTION('',(0.,-1.,0.));
#1402=DIRECTION('',(1.,0.,0.));
#1403=DIRECTION('',(0.,0.,-1.));
#1404=DIRECTION('',(0.,-1.,0.));
#1405=DIRECTION('',(0.,0.,-1.));
#1406=DIRECTION('',(0.,-1.,0.));
#1407=DIRECTION('',(-1.,0.,0.));
#1408=DIRECTION('',(0.,0.,1.));
#1409=DIRECTION('',(0.,0.,1.));
#1410=DIRECTION('',(0.,-1.,0.));
#1411=DIRECTION('',(0.,0.,-1.));
#1412=DIRECTION('',(0.,1.,0.));
#1413=DIRECTION('',(0.,1.,0.));
#1414=DIRECTION('',(-1.,0.,0.));
#1415=DIRECTION('',(0.,-1.,-1.83697019872103E-16));
#1416=DIRECTION('',(0.,0.,-1.));
#1417=DIRECTION('',(-1.,0.,0.));
#1418=DIRECTION('',(-1.,0.,0.));
#1419=DIRECTION('',(0.,0.,1.));
#1420=DIRECTION('',(0.,-1.,0.));
#1421=DIRECTION('',(0.,0.,-1.));
#1422=DIRECTION('',(0.,-1.,0.));
#1423=DIRECTION('',(0.,0.,-1.));
#1424=DIRECTION('',(-1.,0.,0.));
#1425=DIRECTION('',(-1.,0.,0.));
#1426=DIRECTION('',(-1.,0.,0.));
#1427=DIRECTION('',(0.,-1.,0.));
#1428=DIRECTION('',(-1.,0.,0.));
#1429=DIRECTION('',(-1.,0.,0.));
#1430=DIRECTION('',(1.,0.,0.));
#1431=DIRECTION('',(0.,0.,-1.));
#1432=DIRECTION('',(0.,0.,1.));
#1433=DIRECTION('',(0.,-1.,0.));
#1434=DIRECTION('',(0.,0.,1.));
#1435=DIRECTION('',(1.,0.,0.));
#1436=DIRECTION('',(-1.,0.,0.));
#1437=DIRECTION('',(-1.,0.,0.));
#1438=DIRECTION('',(-1.,0.,0.));
#1439=DIRECTION('',(-1.,0.,0.));
#1440=DIRECTION('',(0.,1.,0.));
#1441=DIRECTION('',(0.,0.,1.));
#1442=DIRECTION('',(0.,-1.,0.));
#1443=DIRECTION('',(0.,0.,-1.));
#1444=DIRECTION('',(0.,-1.,0.));
#1445=DIRECTION('',(0.,0.,-1.));
#1446=DIRECTION('',(0.,1.,0.));
#1447=DIRECTION('',(0.,0.,1.));
#1448=DIRECTION('',(-1.,0.,0.));
#1449=DIRECTION('',(0.,0.,1.));
#1450=DIRECTION('',(-1.,0.,0.));
#1451=DIRECTION('',(0.,-1.,-1.83697019872103E-16));
#1452=DIRECTION('',(-1.,0.,0.));
#1453=DIRECTION('',(0.,0.,1.));
#1454=DIRECTION('',(0.,0.,-1.));
#1455=DIRECTION('',(-1.,0.,0.));
#1456=DIRECTION('',(0.,0.,-1.));
#1457=DIRECTION('',(-1.,0.,0.));
#1458=DIRECTION('',(0.,0.,-1.));
#1459=DIRECTION('',(-1.,0.,0.));
#1460=DIRECTION('',(0.,0.,-1.));
#1461=DIRECTION('',(-1.,0.,0.));
#1462=DIRECTION('',(0.,0.,1.));
#1463=DIRECTION('',(1.,0.,0.));
#1464=DIRECTION('',(0.,0.,1.));
#1465=DIRECTION('',(1.,0.,0.));
#1466=DIRECTION('',(0.,0.,1.));
#1467=DIRECTION('',(1.,0.,0.));
#1468=DIRECTION('',(1.,-1.20466908053945E-15,0.));
#1469=DIRECTION('',(1.20466908053945E-15,1.,0.));
#1470=DIRECTION('',(1.20466908053945E-15,1.,0.));
#1471=DIRECTION('',(0.,0.,1.));
#1472=DIRECTION('',(1.20466908053945E-15,1.,0.));
#1473=DIRECTION('',(0.,0.,1.));
#1474=DIRECTION('',(0.,-1.,0.));
#1475=DIRECTION('',(0.,0.,-1.));
#1476=DIRECTION('',(1.,0.,0.));
#1477=DIRECTION('',(0.,0.,1.));
#1478=DIRECTION('',(1.,0.,0.));
#1479=DIRECTION('',(-1.,1.34922937020418E-15,0.));
#1480=DIRECTION('',(-1.34922937020418E-15,-1.,0.));
#1481=DIRECTION('',(-1.34922937020418E-15,-1.,0.));
#1482=DIRECTION('',(0.,0.,1.));
#1483=DIRECTION('',(-1.34922937020418E-15,-1.,0.));
#1484=DIRECTION('',(0.,1.,0.));
#1485=DIRECTION('',(0.,0.,1.));
#1486=DIRECTION('',(-1.,0.,0.));
#1487=DIRECTION('',(-1.,0.,0.));
#1488=DIRECTION('',(0.,0.,-1.));
#1489=DIRECTION('',(-1.,0.,0.));
#1490=DIRECTION('',(0.,0.,-1.));
#1491=DIRECTION('',(-1.,0.,0.));
#1492=DIRECTION('',(0.,0.,-1.));
#1493=DIRECTION('',(-1.,0.,0.));
#1494=DIRECTION('',(0.,0.,1.));
#1495=DIRECTION('',(1.,0.,0.));
#1496=DIRECTION('',(0.,1.,0.));
#1497=DIRECTION('',(-1.,0.,0.));
#1498=DIRECTION('',(0.,0.,1.));
#1499=DIRECTION('',(1.,0.,0.));
#1500=DIRECTION('',(-1.,0.,0.));
#1501=DIRECTION('',(0.,-1.,0.));
#1502=DIRECTION('',(0.,0.,1.));
#1503=DIRECTION('',(1.,0.,0.));
#1504=DIRECTION('',(0.,-1.,0.));
#1505=DIRECTION('',(1.,0.,0.));
#1506=DIRECTION('',(0.,0.,1.));
#1507=DIRECTION('',(1.,0.,0.));
#1508=DIRECTION('',(0.,0.,1.));
#1509=DIRECTION('',(-1.,0.,0.));
#1510=DIRECTION('',(0.,0.,1.));
#1511=DIRECTION('',(1.,0.,0.));
#1512=DIRECTION('',(1.,0.,0.));
#1513=DIRECTION('',(0.,1.,0.));
#1514=DIRECTION('',(0.,0.,1.));
#1515=DIRECTION('',(1.,0.,0.));
#1516=DIRECTION('',(-0.577350269189626,0.577350269189626,-0.577350269189626));
#1517=DIRECTION('',(-0.707106780081796,-0.707106782291299,-2.20950319151925E-9));
#1518=DIRECTION('',(0.,0.,1.));
#1519=DIRECTION('',(1.,0.,0.));
#1520=DIRECTION('',(-0.718873086818576,0.585048618558824,-0.375419230954334));
#1521=DIRECTION('',(-0.631219065245176,-0.775604597505072,-1.1365399454899E-9));
#1522=DIRECTION('',(0.,0.,1.));
#1523=DIRECTION('',(1.,0.,0.));
#1524=CARTESIAN_POINT('',(0.,0.,0.));
#1525=CARTESIAN_POINT('',(2.50000000000583,2.5000000000029,7.));
#1526=CARTESIAN_POINT('',(11.5000000000058,2.5000000000029,7.));
#1527=CARTESIAN_POINT('',(11.4999999999942,11.5000000000029,7.));
#1528=CARTESIAN_POINT('',(2.50000000000584,11.5000000000029,7.));
#1529=CARTESIAN_POINT('',(7.01083555542324,1.56009690325003,8.06487394845409));
#1530=CARTESIAN_POINT('',(7.01083555542324,0.200000000002899,8.06487394845409));
#1531=CARTESIAN_POINT('',(7.00672174350241,12.4405146841629,8.06349617605668));
#1532=CARTESIAN_POINT('',(7.00672174350241,13.8000000000029,8.06349617605668));
#1533=CARTESIAN_POINT('',(1.,7.00000000000145,-4.25000000000507));
#1534=CARTESIAN_POINT('',(0.,7.00000000000145,-4.25000000000507));
#1535=CARTESIAN_POINT('',(0.,2.89872292835724E-12,7.));
#1536=CARTESIAN_POINT('',(0.,14.0000000000029,7.00000000000001));
#1537=CARTESIAN_POINT('',(1.,2.89872292835724E-12,7.));
#1538=CARTESIAN_POINT('',(1.,2.89872292835724E-12,7.));
#1539=CARTESIAN_POINT('',(1.,7.00000000000145,-4.25000000000507));
#1540=CARTESIAN_POINT('',(1.,14.0000000000029,7.00000000000001));
#1541=CARTESIAN_POINT('',(1.,14.0000000000029,7.00000000000001));
#1542=CARTESIAN_POINT('',(1.,14.0000000000029,7.));
#1543=CARTESIAN_POINT('',(0.,14.0000000000029,7.));
#1544=CARTESIAN_POINT('',(1.,7.0000000000029,7.));
#1545=CARTESIAN_POINT('',(1.,7.00000000000145,-4.25000000000507));
#1546=CARTESIAN_POINT('',(0.,7.00000000000145,-4.25000000000507));
#1547=CARTESIAN_POINT('',(6.99669497633458,2.89872292835724E-12,10.000039432044));
#1548=CARTESIAN_POINT('',(6.99669497633458,0.990566037738987,10.6163916333016));
#1549=CARTESIAN_POINT('',(6.99669497633458,3.21566936208791,11.6318633314142));
#1550=CARTESIAN_POINT('',(6.99669497633458,6.99999952217965,12.184128015855));
#1551=CARTESIAN_POINT('',(6.99669497633458,10.784329998208,11.631863464788));
#1552=CARTESIAN_POINT('',(6.99669497633458,13.0094339622677,10.6163916333005));
#1553=CARTESIAN_POINT('',(6.99669497633458,14.0000000000037,10.0000394320427));
#1554=CARTESIAN_POINT('',(6.6771657946844,2.89872292835724E-12,9.99951141670476));
#1555=CARTESIAN_POINT('',(6.6771657946844,0.990566037738987,10.6158636179624));
#1556=CARTESIAN_POINT('',(6.6771657946844,3.21566936208791,11.631335316075));
#1557=CARTESIAN_POINT('',(6.6771657946844,7.00001617811491,12.1835814039002));
#1558=CARTESIAN_POINT('',(6.6771657946844,10.7843522971892,11.6313308002949));
#1559=CARTESIAN_POINT('',(6.6771657946844,13.0094339622677,10.6158636179612));
#1560=CARTESIAN_POINT('',(6.6771657946844,14.0000000000037,9.99951141670346));
#1561=CARTESIAN_POINT('',(6.0306832601215,2.89872292835724E-12,9.84469025137116));
#1562=CARTESIAN_POINT('',(6.0306832601215,0.990566037738987,10.4610424526288));
#1563=CARTESIAN_POINT('',(6.0306832601215,3.21566936208791,11.4765141507414));
#1564=CARTESIAN_POINT('',(6.0306832601215,7.00003930199375,12.0287344203897));
#1565=CARTESIAN_POINT('',(6.0306832601215,10.7843832554591,11.4765031804171));
#1566=CARTESIAN_POINT('',(6.0306832601215,13.0094339622677,10.4610424526276));
#1567=CARTESIAN_POINT('',(6.0306832601215,14.0000000000037,9.84469025136986));
#1568=CARTESIAN_POINT('',(5.31491804669054,2.89872292835724E-12,9.18072300741568));
#1569=CARTESIAN_POINT('',(5.31491804669054,0.990566037738987,9.79707520867328));
#1570=CARTESIAN_POINT('',(5.31491804669054,3.21566936208791,10.8125469067859));
#1571=CARTESIAN_POINT('',(5.31491804669054,7.00003102658798,11.3647764160558));
#1572=CARTESIAN_POINT('',(5.31491804669054,10.7843721763384,10.812538246367));
#1573=CARTESIAN_POINT('',(5.31491804669054,13.0094339622677,9.79707520867217));
#1574=CARTESIAN_POINT('',(5.31491804669054,14.0000000000037,9.18072300741438));
#1575=CARTESIAN_POINT('',(4.66250043077518,2.89872292835724E-12,8.40787767861361));
#1576=CARTESIAN_POINT('',(4.66250043077518,0.990566037738987,9.02422987987121));
#1577=CARTESIAN_POINT('',(4.66250043077518,3.21566936208791,10.0397015779839));
#1578=CARTESIAN_POINT('',(4.66250043077518,7.0000119533549,10.5919523828206));
#1579=CARTESIAN_POINT('',(4.66250043077518,10.7843466410767,10.0396982414566));
#1580=CARTESIAN_POINT('',(4.66250043077518,13.0094339622677,9.0242298798701));
#1581=CARTESIAN_POINT('',(4.66250043077518,14.0000000000037,8.40787767861231));
#1582=CARTESIAN_POINT('',(3.8287225274861,2.89872292835724E-12,7.89845704745829));
#1583=CARTESIAN_POINT('',(3.8287225274861,0.990566037738987,8.51480924871589));
#1584=CARTESIAN_POINT('',(3.8287225274861,3.21566936208791,9.53028094682855));
#1585=CARTESIAN_POINT('',(3.8287225274861,7.00002047253036,10.0825222398709));
#1586=CARTESIAN_POINT('',(3.8287225274861,10.7843580465565,9.53027523235274));
#1587=CARTESIAN_POINT('',(3.8287225274861,13.0094339622677,8.51480924871478));
#1588=CARTESIAN_POINT('',(3.8287225274861,14.0000000000037,7.89845704745699));
#1589=CARTESIAN_POINT('',(2.85542880217705,2.89872292835724E-12,7.61857042695362));
#1590=CARTESIAN_POINT('',(2.85542880217705,0.990566037738987,8.23492262821122));
#1591=CARTESIAN_POINT('',(2.85542880217705,3.21566936208791,9.25039432632389));
#1592=CARTESIAN_POINT('',(2.85542880217705,7.00005206718149,9.80260034343789));
#1593=CARTESIAN_POINT('',(2.85542880217705,10.784400345504,9.25037979286598));
#1594=CARTESIAN_POINT('',(2.85542880217705,13.0094339622677,8.23492262821011));
#1595=CARTESIAN_POINT('',(2.85542880217705,14.0000000000037,7.61857042695232));
#1596=CARTESIAN_POINT('',(1.87767473184329,2.89872292835724E-12,7.40636455719422));
#1597=CARTESIAN_POINT('',(1.87767473184329,0.990566037738987,8.02271675845182));
#1598=CARTESIAN_POINT('',(1.87767473184329,3.21566936208791,9.03818845656448));
#1599=CARTESIAN_POINT('',(1.87767473184329,7.00008854986455,9.59035374018507));
#1600=CARTESIAN_POINT('',(1.87767473184329,10.7844491885531,9.03816373973322));
#1601=CARTESIAN_POINT('',(1.87767473184329,13.0094339622677,8.02271675845071));
#1602=CARTESIAN_POINT('',(1.87767473184329,14.0000000000037,7.40636455719292));
#1603=CARTESIAN_POINT('',(0.935151641061827,2.89872292835724E-12,7.19990160839846));
#1604=CARTESIAN_POINT('',(0.935151641061827,0.990566037738987,7.81625380965606));
#1605=CARTESIAN_POINT('',(0.935151641061827,3.21566936208791,8.83172550776872));
#1606=CARTESIAN_POINT('',(0.935151641061827,7.00012358706912,9.38385167179553));
#1607=CARTESIAN_POINT('',(0.935151641061827,10.7844960963943,8.83169101103902));
#1608=CARTESIAN_POINT('',(0.935151641061827,13.0094339622677,7.81625380965495));
#1609=CARTESIAN_POINT('',(0.935151641061827,14.0000000000037,7.19990160839716));
#1610=CARTESIAN_POINT('',(0.312391836650237,2.89872292835724E-12,7.06701686739128));
#1611=CARTESIAN_POINT('',(0.312391836650237,0.990566037738987,7.68336906864888));
#1612=CARTESIAN_POINT('',(0.312391836650237,3.21566936208791,8.69884076676155));
#1613=CARTESIAN_POINT('',(0.312391836650237,7.00014698043711,9.25094081172251));
#1614=CARTESIAN_POINT('',(0.312391836650237,10.7845274154565,8.69879974026538));
#1615=CARTESIAN_POINT('',(0.312391836650237,13.0094339622677,7.68336906864777));
#1616=CARTESIAN_POINT('',(0.312391836650237,14.0000000000037,7.06701686738998));
#1617=CARTESIAN_POINT('',(1.55431223447522E-15,2.89872292835724E-12,7.));
#1618=CARTESIAN_POINT('',(1.55431223447522E-15,0.990566037738987,7.61635220125761));
#1619=CARTESIAN_POINT('',(1.55431223447522E-15,3.21566936208791,8.63182389937026));
#1620=CARTESIAN_POINT('',(1.7057535778916E-15,7.00015869047131,9.18391086989258));
#1621=CARTESIAN_POINT('',(1.75705036394657E-15,10.7845430928609,8.63177960426444));
#1622=CARTESIAN_POINT('',(1.55431223447522E-15,13.0094339622677,7.61635220125649));
#1623=CARTESIAN_POINT('',(1.55431223447522E-15,14.0000000000037,6.9999999999987));
#1624=CARTESIAN_POINT('',(6.99669497633458,1.50000099301948,10.8041308704131));
#1625=CARTESIAN_POINT('',(6.65762709980562,1.50020474348465,10.8036630293514));
#1626=CARTESIAN_POINT('',(5.98319089214957,1.56946592078362,10.6659953210471));
#1627=CARTESIAN_POINT('',(5.47596175774212,1.70930986780172,10.2233146421876));
#1628=CARTESIAN_POINT('',(5.23616452961646,1.79050055826986,10.));
#1629=CARTESIAN_POINT('',(5.23616452962335,1.79050055825253,10.));
#1630=CARTESIAN_POINT('',(6.99669497633458,1.50000099301948,10.8041308704131));
#1631=CARTESIAN_POINT('',(6.99669497633458,2.89872292835724E-12,10.000039432044));
#1632=CARTESIAN_POINT('',(6.99669497633458,0.990566037738987,10.6163916333016));
#1633=CARTESIAN_POINT('',(6.99669497633458,3.21566936208791,11.6318633314142));
#1634=CARTESIAN_POINT('',(6.99669497633458,6.99999952217965,12.184128015855));
#1635=CARTESIAN_POINT('',(6.99669497633458,10.784329998208,11.631863464788));
#1636=CARTESIAN_POINT('',(6.99669497633458,13.0094339622677,10.6163916333005));
#1637=CARTESIAN_POINT('',(6.99669497633458,14.0000000000037,10.0000394320427));
#1638=CARTESIAN_POINT('',(6.99669497633458,2.89872292835724E-12,10.000039432044));
#1639=CARTESIAN_POINT('',(6.99669497633458,2.89872292835724E-12,10.000039432044));
#1640=CARTESIAN_POINT('',(6.6771657946844,2.89872292835724E-12,9.99951141670476));
#1641=CARTESIAN_POINT('',(6.0306832601215,2.89872292835724E-12,9.84469025137116));
#1642=CARTESIAN_POINT('',(5.31491804669054,2.89872292835724E-12,9.18072300741568));
#1643=CARTESIAN_POINT('',(4.66250043077518,2.89872292835724E-12,8.40787767861361));
#1644=CARTESIAN_POINT('',(3.8287225274861,2.89872292835724E-12,7.89845704745829));
#1645=CARTESIAN_POINT('',(2.85542880217705,2.89872292835724E-12,7.61857042695362));
#1646=CARTESIAN_POINT('',(1.87767473184329,2.89872292835724E-12,7.40636455719422));
#1647=CARTESIAN_POINT('',(0.935151641061827,2.89872292835724E-12,7.19990160839846));
#1648=CARTESIAN_POINT('',(0.312391836650237,2.89872292835724E-12,7.06701686739128));
#1649=CARTESIAN_POINT('',(1.55431223447522E-15,2.89872292835724E-12,7.));
#1650=CARTESIAN_POINT('',(1.55431223447522E-15,2.89872292835724E-12,7.));
#1651=CARTESIAN_POINT('',(1.55431223447522E-15,2.89872292835724E-12,7.));
#1652=CARTESIAN_POINT('',(1.55431223447522E-15,0.990566037738987,7.61635220125761));
#1653=CARTESIAN_POINT('',(1.55431223447522E-15,3.21566936208791,8.63182389937026));
#1654=CARTESIAN_POINT('',(1.7057535778916E-15,7.00015869047131,9.18391086989258));
#1655=CARTESIAN_POINT('',(1.75705036394657E-15,10.7845430928609,8.63177960426444));
#1656=CARTESIAN_POINT('',(1.55431223447522E-15,13.0094339622677,7.61635220125649));
#1657=CARTESIAN_POINT('',(1.55431223447522E-15,14.0000000000037,6.9999999999987));
#1658=CARTESIAN_POINT('',(1.55431223447522E-15,14.0000000000037,6.9999999999987));
#1659=CARTESIAN_POINT('',(6.99669497633458,14.0000000000037,10.0000394320427));
#1660=CARTESIAN_POINT('',(6.6771657946844,14.0000000000037,9.99951141670346));
#1661=CARTESIAN_POINT('',(6.0306832601215,14.0000000000037,9.84469025136986));
#1662=CARTESIAN_POINT('',(5.31491804669054,14.0000000000037,9.18072300741438));
#1663=CARTESIAN_POINT('',(4.66250043077518,14.0000000000037,8.40787767861231));
#1664=CARTESIAN_POINT('',(3.8287225274861,14.0000000000037,7.89845704745699));
#1665=CARTESIAN_POINT('',(2.85542880217705,14.0000000000037,7.61857042695232));
#1666=CARTESIAN_POINT('',(1.87767473184329,14.0000000000037,7.40636455719292));
#1667=CARTESIAN_POINT('',(0.935151641061827,14.0000000000037,7.19990160839716));
#1668=CARTESIAN_POINT('',(0.312391836650237,14.0000000000037,7.06701686738998));
#1669=CARTESIAN_POINT('',(1.55431223447522E-15,14.0000000000037,6.9999999999987));
#1670=CARTESIAN_POINT('',(6.99669497633458,14.0000000000037,10.0000394320427));
#1671=CARTESIAN_POINT('',(6.99669497633458,2.89872292835724E-12,10.000039432044));
#1672=CARTESIAN_POINT('',(6.99669497633458,0.990566037738987,10.6163916333016));
#1673=CARTESIAN_POINT('',(6.99669497633458,3.21566936208791,11.6318633314142));
#1674=CARTESIAN_POINT('',(6.99669497633458,6.99999952217965,12.184128015855));
#1675=CARTESIAN_POINT('',(6.99669497633458,10.784329998208,11.631863464788));
#1676=CARTESIAN_POINT('',(6.99669497633458,13.0094339622677,10.6163916333005));
#1677=CARTESIAN_POINT('',(6.99669497633458,14.0000000000037,10.0000394320427));
#1678=CARTESIAN_POINT('',(6.99669497633458,12.4999990069863,10.8041308239574));
#1679=CARTESIAN_POINT('',(5.23616105914716,12.2094982667011,10.));
#1680=CARTESIAN_POINT('',(5.47512855257393,12.2904082025386,10.222542509752));
#1681=CARTESIAN_POINT('',(5.9797156624899,12.4299577555274,10.6644371057671));
#1682=CARTESIAN_POINT('',(6.65745431435773,12.4997951526919,10.8036644637026));
#1683=CARTESIAN_POINT('',(6.99669497633458,12.4999990069862,10.8041308239575));
#1684=CARTESIAN_POINT('',(5.23616105914716,12.2094982667011,10.));
#1685=CARTESIAN_POINT('',(5.23616452962313,1.79050055825242,9.99999999999958));
#1686=CARTESIAN_POINT('',(4.90287583305239,2.62881270982676,9.99999999999958));
#1687=CARTESIAN_POINT('',(4.36842385954387,4.34414272115334,10.0000000000002));
#1688=CARTESIAN_POINT('',(3.72871420992358,6.99393460480833,9.9999999999999));
#1689=CARTESIAN_POINT('',(4.37168755650875,9.67081751074699,10.0000000000003));
#1690=CARTESIAN_POINT('',(4.90325204785254,11.3721419097245,9.99999999999942));
#1691=CARTESIAN_POINT('',(5.23616105914687,12.2094982667012,9.99999999999942));
#1692=CARTESIAN_POINT('',(6.99669497633458,2.89872292835724E-12,10.000039432044));
#1693=CARTESIAN_POINT('',(6.99669497633458,0.990566037738748,10.6163916333018));
#1694=CARTESIAN_POINT('',(6.99669497633458,3.21566936208736,11.631863331415));
#1695=CARTESIAN_POINT('',(6.99669497633458,6.99999952217905,12.1841280158563));
#1696=CARTESIAN_POINT('',(6.99669497633458,10.7843299982074,11.6318634647895));
#1697=CARTESIAN_POINT('',(6.99669497633458,13.0094339622671,10.6163916333018));
#1698=CARTESIAN_POINT('',(6.99669497633458,14.0000000000029,10.000039432044));
#1699=CARTESIAN_POINT('',(7.31622415798476,2.89872292835724E-12,10.0005674473832));
#1700=CARTESIAN_POINT('',(7.31622415798476,0.990566037738748,10.6169196486411));
#1701=CARTESIAN_POINT('',(7.31622415798476,3.21566936208736,11.6323913467543));
#1702=CARTESIAN_POINT('',(7.31622415798476,7.00001618350945,12.1846374285563));
#1703=CARTESIAN_POINT('',(7.31622415798476,10.7843523044117,11.6323868294689));
#1704=CARTESIAN_POINT('',(7.31622415798476,13.0094339622671,10.6169196486411));
#1705=CARTESIAN_POINT('',(7.31622415798476,14.0000000000029,10.0005674473832));
#1706=CARTESIAN_POINT('',(7.96321483799958,2.89872292835724E-12,9.84788371968409));
#1707=CARTESIAN_POINT('',(7.96321483799958,0.990566037738748,10.4642359209419));
#1708=CARTESIAN_POINT('',(7.96321483799958,3.21566936208736,11.4797076190552));
#1709=CARTESIAN_POINT('',(7.96321483799958,7.00003932164597,12.0319278667613));
#1710=CARTESIAN_POINT('',(7.96321483799958,10.7843832817698,11.4796966432458));
#1711=CARTESIAN_POINT('',(7.96321483799958,13.0094339622671,10.4642359209419));
#1712=CARTESIAN_POINT('',(7.96321483799958,14.0000000000029,9.84788371968409));
#1713=CARTESIAN_POINT('',(8.68117052055985,2.89872292835724E-12,9.18628566974508));
#1714=CARTESIAN_POINT('',(8.68117052055985,0.990566037738748,9.80263787100294));
#1715=CARTESIAN_POINT('',(8.68117052055985,3.21566936208736,10.8181095691161));
#1716=CARTESIAN_POINT('',(8.68117052055985,7.00003107273225,11.3703390268651));
#1717=CARTESIAN_POINT('',(8.68117052055985,10.7843722381166,10.8181008958175));
#1718=CARTESIAN_POINT('',(8.68117052055985,13.0094339622671,9.80263787100294));
#1719=CARTESIAN_POINT('',(8.68117052055985,14.0000000000029,9.18628566974508));
#1720=CARTESIAN_POINT('',(9.33613878813577,2.89872292835724E-12,8.41560076897404));
#1721=CARTESIAN_POINT('',(9.33613878813577,0.990566037738748,9.0319529702319));
#1722=CARTESIAN_POINT('',(9.33613878813577,3.21566936208736,10.0474246683451));
#1723=CARTESIAN_POINT('',(9.33613878813577,7.00001202729052,10.5996753906314));
#1724=CARTESIAN_POINT('',(9.33613878813577,10.784346740062,10.0474213111808));
#1725=CARTESIAN_POINT('',(9.33613878813577,13.0094339622671,9.0319529702319));
#1726=CARTESIAN_POINT('',(9.33613878813577,14.0000000000029,8.41560076897404));
#1727=CARTESIAN_POINT('',(10.1715960935018,2.89872292835724E-12,7.9089409661233));
#1728=CARTESIAN_POINT('',(10.1715960935018,0.990566037738748,8.52529316738116));
#1729=CARTESIAN_POINT('',(10.1715960935018,3.21566936208736,9.54076486549437));
#1730=CARTESIAN_POINT('',(10.1715960935018,7.00002057177416,10.0930060477294));
#1731=CARTESIAN_POINT('',(10.1715960935018,10.7843581794244,9.54075912331727));
#1732=CARTESIAN_POINT('',(10.1715960935018,13.0094339622671,8.52529316738116));
#1733=CARTESIAN_POINT('',(10.1715960935018,14.0000000000029,7.9089409661233));
#1734=CARTESIAN_POINT('',(11.1458077834309,2.89872292835724E-12,7.63226029900826));
#1735=CARTESIAN_POINT('',(11.1458077834309,0.990566037738748,8.24861250026612));
#1736=CARTESIAN_POINT('',(11.1458077834309,3.21566936208736,9.26408419837933));
#1737=CARTESIAN_POINT('',(11.1458077834309,7.00005218797255,9.81629008062811));
#1738=CARTESIAN_POINT('',(11.1458077834309,10.7844005072194,9.26406963120568));
#1739=CARTESIAN_POINT('',(11.1458077834309,13.0094339622671,8.24861250026612));
#1740=CARTESIAN_POINT('',(11.1458077834309,14.0000000000029,7.63226029900826));
#1741=CARTESIAN_POINT('',(12.1242656208869,2.89872292835724E-12,7.42334210728867));
#1742=CARTESIAN_POINT('',(12.1242656208869,0.990566037738748,8.03969430854653));
#1743=CARTESIAN_POINT('',(12.1242656208869,3.21566936208736,9.05516600665974));
#1744=CARTESIAN_POINT('',(12.1242656208869,7.00008869594422,9.60733112717997));
#1745=CARTESIAN_POINT('',(12.1242656208869,10.784449384125,9.05514124905395));
#1746=CARTESIAN_POINT('',(12.1242656208869,13.0094339622671,8.03969430854653));
#1747=CARTESIAN_POINT('',(12.1242656208869,14.0000000000029,7.42334210728867));
#1748=CARTESIAN_POINT('',(13.0674161511154,2.89872292835724E-12,7.21964277859104));
#1749=CARTESIAN_POINT('',(13.0674161511154,0.990566037738748,7.83599497984891));
#1750=CARTESIAN_POINT('',(13.0674161511154,3.21566936208736,8.85146667796211));
#1751=CARTESIAN_POINT('',(13.0674161511154,7.00012372663013,9.40359268616674));
#1752=CARTESIAN_POINT('',(13.0674161511154,10.7844962832389,8.85143214227742));
#1753=CARTESIAN_POINT('',(13.0674161511154,13.0094339622671,7.83599497984891));
#1754=CARTESIAN_POINT('',(13.0674161511154,14.0000000000029,7.21964277859105));
#1755=CARTESIAN_POINT('',(13.6904498584292,2.89872292835724E-12,7.08767030850577));
#1756=CARTESIAN_POINT('',(13.6904498584292,0.990566037738748,7.70402250976363));
#1757=CARTESIAN_POINT('',(13.6904498584292,3.21566936208736,8.71949420787684));
#1758=CARTESIAN_POINT('',(13.6904498584292,7.00014704591921,9.27159417972589));
#1759=CARTESIAN_POINT('',(13.6904498584292,10.7845275031243,8.71945316310326));
#1760=CARTESIAN_POINT('',(13.6904498584292,13.0094339622671,7.70402250976363));
#1761=CARTESIAN_POINT('',(13.6904498584292,14.0000000000029,7.08767030850577));
#1762=CARTESIAN_POINT('',(14.002927841517,2.89872292835724E-12,7.020739631825));
#1763=CARTESIAN_POINT('',(14.002927841517,0.990566037738748,7.63709183308286));
#1764=CARTESIAN_POINT('',(14.002927841517,3.21566936208736,8.65256353119607));
#1765=CARTESIAN_POINT('',(14.002927841517,7.00015869047071,9.20465050171896));
#1766=CARTESIAN_POINT('',(14.002927841517,10.7845430928604,8.65251923609094));
#1767=CARTESIAN_POINT('',(14.002927841517,13.0094339622671,7.63709183308286));
#1768=CARTESIAN_POINT('',(14.002927841517,14.0000000000029,7.020739631825));
#1769=CARTESIAN_POINT('',(6.99669497633458,1.50000099301948,10.8041308704136));
#1770=CARTESIAN_POINT('',(7.3371770974124,1.49979639271567,10.8045996442946));
#1771=CARTESIAN_POINT('',(8.01477471752233,1.56885057976472,10.6674899373031));
#1772=CARTESIAN_POINT('',(8.52457794260436,1.70937912843293,10.2233791576228));
#1773=CARTESIAN_POINT('',(8.76604140424813,1.79124796535186,10.));
#1774=CARTESIAN_POINT('',(8.76604140424119,1.79124796533451,10.));
#1775=CARTESIAN_POINT('',(6.99669497633458,1.50000099301948,10.8041308704136));
#1776=CARTESIAN_POINT('',(6.99669497633458,2.89872292835724E-12,10.000039432044));
#1777=CARTESIAN_POINT('',(6.99669497633458,0.990566037738748,10.6163916333018));
#1778=CARTESIAN_POINT('',(6.99669497633458,3.21566936208736,11.631863331415));
#1779=CARTESIAN_POINT('',(6.99669497633458,6.99999952217905,12.1841280158563));
#1780=CARTESIAN_POINT('',(6.99669497633458,10.7843299982074,11.6318634647895));
#1781=CARTESIAN_POINT('',(6.99669497633458,13.0094339622671,10.6163916333018));
#1782=CARTESIAN_POINT('',(6.99669497633458,14.0000000000029,10.000039432044));
#1783=CARTESIAN_POINT('',(6.99669497633458,2.89872292835724E-12,10.000039432044));
#1784=CARTESIAN_POINT('',(6.99669497633458,2.89872292835724E-12,10.000039432044));
#1785=CARTESIAN_POINT('',(7.31622415798476,2.89872292835724E-12,10.0005674473832));
#1786=CARTESIAN_POINT('',(7.96321483799958,2.89872292835724E-12,9.84788371968409));
#1787=CARTESIAN_POINT('',(8.68117052055985,2.89872292835724E-12,9.18628566974508));
#1788=CARTESIAN_POINT('',(9.33613878813577,2.89872292835724E-12,8.41560076897404));
#1789=CARTESIAN_POINT('',(10.1715960935018,2.89872292835724E-12,7.9089409661233));
#1790=CARTESIAN_POINT('',(11.1458077834309,2.89872292835724E-12,7.63226029900826));
#1791=CARTESIAN_POINT('',(12.1242656208869,2.89872292835724E-12,7.42334210728867));
#1792=CARTESIAN_POINT('',(13.0674161511154,2.89872292835724E-12,7.21964277859104));
#1793=CARTESIAN_POINT('',(13.6904498584292,2.89872292835724E-12,7.08767030850577));
#1794=CARTESIAN_POINT('',(14.002927841517,2.89872292835724E-12,7.020739631825));
#1795=CARTESIAN_POINT('',(14.002927841517,2.89872292835724E-12,7.020739631825));
#1796=CARTESIAN_POINT('',(14.002927841517,2.89872292835724E-12,7.020739631825));
#1797=CARTESIAN_POINT('',(14.002927841517,0.990566037738748,7.63709183308286));
#1798=CARTESIAN_POINT('',(14.002927841517,3.21566936208736,8.65256353119607));
#1799=CARTESIAN_POINT('',(14.002927841517,7.00015869047071,9.20465050171896));
#1800=CARTESIAN_POINT('',(14.002927841517,10.7845430928604,8.65251923609094));
#1801=CARTESIAN_POINT('',(14.002927841517,13.0094339622671,7.63709183308286));
#1802=CARTESIAN_POINT('',(14.002927841517,14.0000000000029,7.020739631825));
#1803=CARTESIAN_POINT('',(14.002927841517,14.0000000000029,7.020739631825));
#1804=CARTESIAN_POINT('',(6.99669497633458,14.0000000000029,10.000039432044));
#1805=CARTESIAN_POINT('',(7.31622415798476,14.0000000000029,10.0005674473832));
#1806=CARTESIAN_POINT('',(7.96321483799958,14.0000000000029,9.84788371968409));
#1807=CARTESIAN_POINT('',(8.68117052055985,14.0000000000029,9.18628566974508));
#1808=CARTESIAN_POINT('',(9.33613878813577,14.0000000000029,8.41560076897404));
#1809=CARTESIAN_POINT('',(10.1715960935018,14.0000000000029,7.9089409661233));
#1810=CARTESIAN_POINT('',(11.1458077834309,14.0000000000029,7.63226029900826));
#1811=CARTESIAN_POINT('',(12.1242656208869,14.0000000000029,7.42334210728867));
#1812=CARTESIAN_POINT('',(13.0674161511154,14.0000000000029,7.21964277859105));
#1813=CARTESIAN_POINT('',(13.6904498584292,14.0000000000029,7.08767030850577));
#1814=CARTESIAN_POINT('',(14.002927841517,14.0000000000029,7.020739631825));
#1815=CARTESIAN_POINT('',(6.99669497633458,14.0000000000029,10.000039432044));
#1816=CARTESIAN_POINT('',(6.99669497633458,2.89872292835724E-12,10.000039432044));
#1817=CARTESIAN_POINT('',(6.99669497633458,0.990566037738748,10.6163916333018));
#1818=CARTESIAN_POINT('',(6.99669497633458,3.21566936208736,11.631863331415));
#1819=CARTESIAN_POINT('',(6.99669497633458,6.99999952217905,12.1841280158563));
#1820=CARTESIAN_POINT('',(6.99669497633458,10.7843299982074,11.6318634647895));
#1821=CARTESIAN_POINT('',(6.99669497633458,13.0094339622671,10.6163916333018));
#1822=CARTESIAN_POINT('',(6.99669497633458,14.0000000000029,10.000039432044));
#1823=CARTESIAN_POINT('',(6.99669497633458,12.4999990069863,10.8041308239585));
#1824=CARTESIAN_POINT('',(8.76604488975124,12.2087508528829,9.99999999999932));
#1825=CARTESIAN_POINT('',(8.52540076236311,12.2903420718577,10.2226217496108));
#1826=CARTESIAN_POINT('',(8.01806406693831,12.4306111653186,10.6660329241971));
#1827=CARTESIAN_POINT('',(7.3373092144102,12.5002036866809,10.8046015064865));
#1828=CARTESIAN_POINT('',(6.99669497633458,12.4999990069862,10.8041308239586));
#1829=CARTESIAN_POINT('',(8.76604488974857,12.2087508528843,10.));
#1830=CARTESIAN_POINT('',(8.76604140424138,1.79124796533441,9.99999999999963));
#1831=CARTESIAN_POINT('',(9.10117485704328,2.62965599613152,9.99999999999963));
#1832=CARTESIAN_POINT('',(9.64213298886207,4.34421507217145,10.0000000000002));
#1833=CARTESIAN_POINT('',(10.2977546698293,6.99485233521984,9.99999999999991));
#1834=CARTESIAN_POINT('',(9.63812771547079,9.67261547265946,10.0000000000002));
#1835=CARTESIAN_POINT('',(9.10062557868462,11.3717264720857,9.99999999999948));
#1836=CARTESIAN_POINT('',(8.76604488974884,12.2087508528845,9.99999999999948));
#1837=CARTESIAN_POINT('',(7.,7.0000000000029,19.5));
#1838=CARTESIAN_POINT('',(7.,7.0000000000029,19.5));
#1839=CARTESIAN_POINT('',(12.0000000000138,7.0000000000029,19.5));
#1840=CARTESIAN_POINT('',(7.,7.0000000000029,15.5));
#1841=CARTESIAN_POINT('',(12.0000000000138,7.0000000000029,15.5));
#1842=CARTESIAN_POINT('',(7.,7.0000000000029,19.5));
#1843=CARTESIAN_POINT('',(7.,7.0000000000029,15.5));
#1844=CARTESIAN_POINT('',(7.,7.0000000000029,15.5));
#1845=CARTESIAN_POINT('',(10.6,7.0000000000029,15.5));
#1846=CARTESIAN_POINT('',(7.,7.0000000000029,15.5));
#1847=CARTESIAN_POINT('',(7.,7.0000000000029,14.5));
#1848=CARTESIAN_POINT('',(10.6,7.0000000000029,14.5));
#1849=CARTESIAN_POINT('',(7.,7.0000000000029,13.));
#1850=CARTESIAN_POINT('',(7.,7.0000000000029,13.));
#1851=CARTESIAN_POINT('',(12.5999999999934,7.0000000000029,13.));
#1852=CARTESIAN_POINT('',(7.,7.0000000000029,11.));
#1853=CARTESIAN_POINT('',(12.5999999999934,7.0000000000029,11.));
#1854=CARTESIAN_POINT('',(7.,7.0000000000029,13.));
#1855=CARTESIAN_POINT('',(7.,7.0000000000029,13.));
#1856=CARTESIAN_POINT('',(10.9000000000207,7.0000000000029,13.));
#1857=CARTESIAN_POINT('',(7.,7.0000000000029,11.));
#1858=CARTESIAN_POINT('',(7.,7.0000000000029,11.));
#1859=CARTESIAN_POINT('',(12.5,7.0000000000029,11.));
#1860=CARTESIAN_POINT('',(7.,7.0000000000029,11.));
#1861=CARTESIAN_POINT('',(6.99669497633458,12.4999990069863,10.000039432044));
#1862=CARTESIAN_POINT('',(6.60493763710933,12.4997635947116,9.99939206117383));
#1863=CARTESIAN_POINT('',(5.83950514172888,12.4046712148334,9.75809603067148));
#1864=CARTESIAN_POINT('',(5.08356161972642,12.1732239828824,8.87824681003369));
#1865=CARTESIAN_POINT('',(4.27487022736234,11.814657988533,8.0956488082099));
#1866=CARTESIAN_POINT('',(3.33780718978717,11.1590098423916,7.74710398533519));
#1867=CARTESIAN_POINT('',(2.55370991652056,10.3057010167183,7.55603477511863));
#1868=CARTESIAN_POINT('',(1.75671464815852,8.95909124132201,7.3791364962692));
#1869=CARTESIAN_POINT('',(1.33225501489096,7.01462927732515,7.28619033773524));
#1870=CARTESIAN_POINT('',(1.74661119970134,5.06772510650019,7.37679081569203));
#1871=CARTESIAN_POINT('',(2.5370927140125,3.71716968179641,7.55249880277272));
#1872=CARTESIAN_POINT('',(3.31446498007637,2.86112405818528,7.74029796107282));
#1873=CARTESIAN_POINT('',(4.25813243222893,2.19420851966232,8.08620490223237));
#1874=CARTESIAN_POINT('',(5.0674904122633,1.83274645991459,8.85726751962025));
#1875=CARTESIAN_POINT('',(5.82844354336514,1.59714731119016,9.75250137708851));
#1876=CARTESIAN_POINT('',(6.60117048076973,1.50023866902932,9.99938583602618));
#1877=CARTESIAN_POINT('',(6.99669497633458,1.50000099301948,10.000039432044));
#1878=CARTESIAN_POINT('',(6.99669497633458,12.4999990069863,10.000039432044));
#1879=CARTESIAN_POINT('',(6.99669497633458,1.50000099301948,10.000039432044));
#1880=CARTESIAN_POINT('',(6.99669497633458,1.50000099301948,10.000039432044));
#1881=CARTESIAN_POINT('',(7.38863510764902,1.49976547090252,10.0006871049743));
#1882=CARTESIAN_POINT('',(8.15533857651935,1.59409079077419,9.76156897356333));
#1883=CARTESIAN_POINT('',(8.91410732516818,1.82573058346573,8.88371111095211));
#1884=CARTESIAN_POINT('',(9.72598223752806,2.18567259534816,8.10400917868492));
#1885=CARTESIAN_POINT('',(10.6632929716231,2.84196927470228,7.75920276877988));
#1886=CARTESIAN_POINT('',(11.4471585185415,3.69544878210032,7.57085025259094));
#1887=CARTESIAN_POINT('',(12.2438532835476,5.04245494754421,7.39679937080282));
#1888=CARTESIAN_POINT('',(12.6676644280696,6.98630776440199,7.30522502528658));
#1889=CARTESIAN_POINT('',(12.2530751225845,8.93299382992381,7.39467706334432));
#1890=CARTESIAN_POINT('',(11.4626782993769,10.2831520755449,7.56761862469373));
#1891=CARTESIAN_POINT('',(10.6848961612818,11.1394831012302,7.75290154837724));
#1892=CARTESIAN_POINT('',(9.74079666937411,11.8064739134738,8.09581931139983));
#1893=CARTESIAN_POINT('',(8.92953533227802,12.1685059396663,8.86386378187693));
#1894=CARTESIAN_POINT('',(8.16571856085087,12.4042454849368,9.75637548011595));
#1895=CARTESIAN_POINT('',(7.39214525104556,12.5002366383958,10.0006929054134));
#1896=CARTESIAN_POINT('',(6.99669497633458,12.4999990069863,10.000039432044));
#1897=CARTESIAN_POINT('',(0.,0.,7.));
#1898=CARTESIAN_POINT('',(6.99999488150443,12.5000000000005,7.));
#1899=CARTESIAN_POINT('',(6.99999488150443,13.0000000000013,7.));
#1900=CARTESIAN_POINT('',(6.99999488150443,13.5000000000021,7.));
#1901=CARTESIAN_POINT('',(6.99999488150443,14.0000000000029,7.));
#1902=CARTESIAN_POINT('',(6.99999488150443,12.5000000000005,7.0017279374946));
#1903=CARTESIAN_POINT('',(6.99999488150442,14.0000000000029,7.0017279374946));
#1904=CARTESIAN_POINT('',(7.,7.0000000000029,7.));
#1905=CARTESIAN_POINT('',(6.99999488150443,1.50000000000528,7.0017279374946));
#1906=CARTESIAN_POINT('',(6.99999488150443,2.89872292835724E-12,7.));
#1907=CARTESIAN_POINT('',(6.99999488150443,0.500000000003692,7.));
#1908=CARTESIAN_POINT('',(6.99999488150443,1.00000000000449,7.));
#1909=CARTESIAN_POINT('',(6.99999488150443,1.50000000000528,7.));
#1910=CARTESIAN_POINT('',(6.99999488150443,1.44936146417862E-12,7.0017279374946));
#1911=CARTESIAN_POINT('',(6.99999488150443,0.,7.));
#1912=CARTESIAN_POINT('',(8.99999658767058,0.,7.));
#1913=CARTESIAN_POINT('',(10.9999982938367,0.,7.));
#1914=CARTESIAN_POINT('',(13.0000000000029,0.,7.));
#1915=CARTESIAN_POINT('',(13.0000000000029,0.,7.));
#1916=CARTESIAN_POINT('',(13.0000000000029,0.,7.));
#1917=CARTESIAN_POINT('',(13.0000000000029,14.0000000000029,7.));
#1918=CARTESIAN_POINT('',(13.0000000000029,14.0000000000029,7.));
#1919=CARTESIAN_POINT('',(10.9999982938367,14.0000000000029,7.));
#1920=CARTESIAN_POINT('',(8.99999658767058,14.0000000000029,7.));
#1921=CARTESIAN_POINT('',(6.99999488150443,14.0000000000029,7.));
#1922=CARTESIAN_POINT('',(6.99999488150443,2.89872292835724E-12,7.00345587498919));
#1923=CARTESIAN_POINT('',(6.99999488150443,14.0000000000029,7.00345587498919));
#1924=CARTESIAN_POINT('',(9.33430928048906,2.89872292835724E-12,7.00691321060834));
#1925=CARTESIAN_POINT('',(9.33430928048906,14.0000000000029,7.00691321060834));
#1926=CARTESIAN_POINT('',(11.668618561003,2.89872292835724E-12,7.01382642121667));
#1927=CARTESIAN_POINT('',(11.668618561003,14.0000000000029,7.01382642121667));
#1928=CARTESIAN_POINT('',(14.002927841517,2.89872292835724E-12,7.020739631825));
#1929=CARTESIAN_POINT('',(14.002927841517,14.0000000000029,7.020739631825));
#1930=CARTESIAN_POINT('',(6.99999488150443,12.5000000000005,7.00345587498919));
#1931=CARTESIAN_POINT('',(8.4532887902203,12.5000013524875,7.00560833774137));
#1932=CARTESIAN_POINT('',(11.3020557645262,11.3082934680798,7.01267905438562));
#1933=CARTESIAN_POINT('',(13.0977777793426,7.00511224453869,7.0181414447219));
#1934=CARTESIAN_POINT('',(11.3068255826783,2.69355863019592,7.0126917856459));
#1935=CARTESIAN_POINT('',(8.453288769894,1.49999864751831,7.00560833771126));
#1936=CARTESIAN_POINT('',(6.99999488150443,1.50000000000528,7.00345587498919));
#1937=CARTESIAN_POINT('',(6.99999488150443,14.0000000000029,7.00345587498919));
#1938=CARTESIAN_POINT('',(9.33430928048906,14.0000000000029,7.00691321060833));
#1939=CARTESIAN_POINT('',(11.668618561003,14.0000000000029,7.01382642121667));
#1940=CARTESIAN_POINT('',(14.002927841517,14.0000000000029,7.020739631825));
#1941=CARTESIAN_POINT('',(14.002927841517,14.0000000000029,7.020739631825));
#1942=CARTESIAN_POINT('',(14.002927841517,2.89872292835724E-12,7.020739631825));
#1943=CARTESIAN_POINT('',(14.002927841517,2.89872292835724E-12,7.020739631825));
#1944=CARTESIAN_POINT('',(6.99999488150443,2.89872292835724E-12,7.00345587498919));
#1945=CARTESIAN_POINT('',(9.33430928048906,2.89872292835724E-12,7.00691321060833));
#1946=CARTESIAN_POINT('',(11.668618561003,2.89872292835724E-12,7.01382642121667));
#1947=CARTESIAN_POINT('',(14.002927841517,2.89872292835724E-12,7.020739631825));
#1948=CARTESIAN_POINT('',(13.0000000000029,2.89872292835724E-12,7.01777954649213));
#1949=CARTESIAN_POINT('',(13.0000000000029,0.0286555033011246,7.01777954649213));
#1950=CARTESIAN_POINT('',(13.0000000000029,13.9713444966989,7.01777954649213));
#1951=CARTESIAN_POINT('',(13.0000000000029,0.0286555033010889,7.01777954649212));
#1952=CARTESIAN_POINT('',(13.3333334087906,0.0302347360088159,7.01875661346441));
#1953=CARTESIAN_POINT('',(13.6666667063774,0.031831027506745,7.01974377242279));
#1954=CARTESIAN_POINT('',(14.0000000000029,0.0334281308098702,7.02073096082986));
#1955=CARTESIAN_POINT('',(14.0000000000029,0.0334281308098693,7.02073096082986));
#1956=CARTESIAN_POINT('',(14.0000000000029,2.89872292835724E-12,7.02073096082986));
#1957=CARTESIAN_POINT('',(14.0000000000029,13.9665718691901,7.02073096082986));
#1958=CARTESIAN_POINT('',(14.0000000000029,13.9665718691902,7.02073096082985));
#1959=CARTESIAN_POINT('',(13.6666667063774,13.9681689724933,7.01974377242278));
#1960=CARTESIAN_POINT('',(13.3333334087906,13.9697652639911,7.01875661346443));
#1961=CARTESIAN_POINT('',(13.0000000000029,13.9713444966989,7.01777954649213));
#1962=CARTESIAN_POINT('',(14.002927841517,2.89872292835724E-12,7.020739631825));
#1963=CARTESIAN_POINT('',(14.002927841517,14.0000000000029,7.020739631825));
#1964=CARTESIAN_POINT('',(13.3779718753413,2.89872292835724E-12,7.15460098518654));
#1965=CARTESIAN_POINT('',(13.3779718753413,14.0000000000029,7.15460098518654));
#1966=CARTESIAN_POINT('',(12.4494177386283,2.89872292835724E-12,7.35256917566588));
#1967=CARTESIAN_POINT('',(12.4494177386283,14.0000000000029,7.35256917566588));
#1968=CARTESIAN_POINT('',(11.1467896862194,2.89872292835724E-12,7.63348679887168));
#1969=CARTESIAN_POINT('',(11.1467896862194,14.0000000000029,7.63348679887168));
#1970=CARTESIAN_POINT('',(10.1714304035842,2.89872292835725E-12,7.90871252211678));
#1971=CARTESIAN_POINT('',(10.1714304035842,14.0000000000029,7.90871252211678));
#1972=CARTESIAN_POINT('',(9.33581964501771,2.89872292835725E-12,8.41528804513671));
#1973=CARTESIAN_POINT('',(9.33581964501771,14.0000000000029,8.41528804513671));
#1974=CARTESIAN_POINT('',(8.68128628642511,2.89872292835724E-12,9.18647384428319));
#1975=CARTESIAN_POINT('',(8.68128628642511,14.0000000000029,9.18647384428319));
#1976=CARTESIAN_POINT('',(7.96307091765657,2.89872292835725E-12,9.84744374536898));
#1977=CARTESIAN_POINT('',(7.96307091765657,14.0000000000029,9.84744374536898));
#1978=CARTESIAN_POINT('',(7.31622415798476,2.89872292835724E-12,10.0005674473832));
#1979=CARTESIAN_POINT('',(7.31622415798476,14.0000000000029,10.0005674473832));
#1980=CARTESIAN_POINT('',(6.99669497633458,2.89872292835724E-12,10.000039432044));
#1981=CARTESIAN_POINT('',(6.99669497633458,14.0000000000029,10.000039432044));
#1982=CARTESIAN_POINT('',(6.99669497633458,2.89872292835724E-12,10.000039432044));
#1983=CARTESIAN_POINT('',(6.99669497633458,2.89872292835724E-12,10.000039432044));
#1984=CARTESIAN_POINT('',(14.002927841517,2.89872292835724E-12,7.020739631825));
#1985=CARTESIAN_POINT('',(13.2105294645891,2.89872292835724E-12,7.19046602036742));
#1986=CARTESIAN_POINT('',(11.7337361691572,2.89872292835724E-12,7.49786406691992));
#1987=CARTESIAN_POINT('',(9.36782000335364,2.89872292835724E-12,8.05868787772279));
#1988=CARTESIAN_POINT('',(8.46488813069803,2.89872292835724E-12,9.5921158383273));
#1989=CARTESIAN_POINT('',(7.48145897778969,2.89872292835724E-12,9.96036594820479));
#1990=CARTESIAN_POINT('',(7.16614428757978,2.89872292835724E-12,10.000319443513));
#1991=CARTESIAN_POINT('',(6.99669497633458,2.89872292835724E-12,10.000039432044));
#1992=CARTESIAN_POINT('',(14.002927841517,14.0000000000029,7.020739631825));
#1993=CARTESIAN_POINT('',(13.2105294645891,14.0000000000029,7.19046602036742));
#1994=CARTESIAN_POINT('',(11.7337361691572,14.0000000000029,7.49786406691992));
#1995=CARTESIAN_POINT('',(9.36782000335364,14.0000000000029,8.05868787772279));
#1996=CARTESIAN_POINT('',(8.46488813069803,14.0000000000029,9.5921158383273));
#1997=CARTESIAN_POINT('',(7.48145897778969,14.0000000000029,9.96036594820479));
#1998=CARTESIAN_POINT('',(7.16614428757978,14.0000000000029,10.000319443513));
#1999=CARTESIAN_POINT('',(6.99669497633458,14.0000000000029,10.000039432044));
#2000=CARTESIAN_POINT('',(6.99669497633458,14.0000000000029,10.000039432044));
#2001=CARTESIAN_POINT('',(6.99669497633458,2.89872292835724E-12,10.000039432044));
#2002=CARTESIAN_POINT('',(13.0000000000029,2.89872292835724E-12,7.23435217090812));
#2003=CARTESIAN_POINT('',(13.0000000000029,13.6084911450768,7.23435217090812));
#2004=CARTESIAN_POINT('',(13.0000000000029,0.391508854923241,7.23435217090812));
#2005=CARTESIAN_POINT('',(13.0000000000029,13.6084911450768,7.23435217090812));
#2006=CARTESIAN_POINT('',(13.3319815804184,13.7314408886463,7.16360266065479));
#2007=CARTESIAN_POINT('',(13.6656727746889,13.8496736572123,7.09297244625653));
#2008=CARTESIAN_POINT('',(14.0000000000029,13.965543190898,7.02136673415141));
#2009=CARTESIAN_POINT('',(14.0000000000029,13.965543190898,7.02136673415142));
#2010=CARTESIAN_POINT('',(14.0000000000029,2.89872292835724E-12,7.02136673415141));
#2011=CARTESIAN_POINT('',(14.0000000000029,0.0344568091020445,7.02136673415142));
#2012=CARTESIAN_POINT('',(14.0000000000029,0.034456809102038,7.02136673415141));
#2013=CARTESIAN_POINT('',(13.6656727746889,0.150326342787717,7.09297244625653));
#2014=CARTESIAN_POINT('',(13.3319815804187,0.268559111352713,7.16360266065473));
#2015=CARTESIAN_POINT('',(13.0000000000032,0.3915088549222,7.23435217090807));
#2016=CARTESIAN_POINT('',(6.99669497633458,1.15411349768383E-12,10.000039432044));
#2017=CARTESIAN_POINT('',(6.99669497633458,14.0000000000029,10.000039432044));
#2018=CARTESIAN_POINT('',(6.6771657946844,1.15411349768383E-12,9.99951141670476));
#2019=CARTESIAN_POINT('',(6.6771657946844,14.0000000000029,9.99951141670476));
#2020=CARTESIAN_POINT('',(6.03082862348659,1.15411349768383E-12,9.84425082626179));
#2021=CARTESIAN_POINT('',(6.03082862348659,14.0000000000029,9.84425082626179));
#2022=CARTESIAN_POINT('',(5.31480169554692,1.15411349768383E-12,9.18091054928877));
#2023=CARTESIAN_POINT('',(5.31480169554692,14.0000000000029,9.18091054928877));
#2024=CARTESIAN_POINT('',(4.66282047198458,1.15411349768383E-12,8.40756693623061));
#2025=CARTESIAN_POINT('',(4.66282047198458,14.0000000000029,8.40756693623061));
#2026=CARTESIAN_POINT('',(3.82888911600247,1.15411349768383E-12,7.89822815254518));
#2027=CARTESIAN_POINT('',(3.82888911600247,14.0000000000029,7.89822815254518));
#2028=CARTESIAN_POINT('',(2.85444240690217,1.15411349768383E-12,7.61979674898907));
#2029=CARTESIAN_POINT('',(2.85444240690217,14.0000000000029,7.61979674898907));
#2030=CARTESIAN_POINT('',(1.55276163238222,1.15411349768383E-12,7.33449428288873));
#2031=CARTESIAN_POINT('',(1.55276163238222,14.0000000000029,7.33449428288873));
#2032=CARTESIAN_POINT('',(0.624783673300471,1.15411349768383E-12,7.13403373478256));
#2033=CARTESIAN_POINT('',(0.624783673300471,14.0000000000029,7.13403373478256));
#2034=CARTESIAN_POINT('',(0.,1.15411349768383E-12,7.));
#2035=CARTESIAN_POINT('',(0.,14.0000000000029,7.));
#2036=CARTESIAN_POINT('',(6.99669497633458,14.0000000000029,10.000039432044));
#2037=CARTESIAN_POINT('',(6.82724566508938,14.0000000000029,9.99975942057493));
#2038=CARTESIAN_POINT('',(6.51206474120917,14.0000000000029,9.95876404435354));
#2039=CARTESIAN_POINT('',(5.52985800716179,14.0000000000029,9.58726576197961));
#2040=CARTESIAN_POINT('',(4.63199896764529,14.0000000000029,8.05086203177731));
#2041=CARTESIAN_POINT('',(2.26794921731042,14.0000000000029,7.48222205049249));
#2042=CARTESIAN_POINT('',(0.792179922185256,14.0000000000029,7.16994495555453));
#2043=CARTESIAN_POINT('',(0.,14.0000000000029,7.));
#2044=CARTESIAN_POINT('',(0.,14.0000000000029,7.));
#2045=CARTESIAN_POINT('',(0.,14.0000000000029,7.));
#2046=CARTESIAN_POINT('',(0.334577629932395,13.8846451576909,7.07177634632743));
#2047=CARTESIAN_POINT('',(0.668235071865132,13.7663515349727,7.14295073030029));
#2048=CARTESIAN_POINT('',(0.999999999999997,13.6429538814492,7.21445217744731));
#2049=CARTESIAN_POINT('',(1.,13.6429538814492,7.21445217744731));
#2050=CARTESIAN_POINT('',(1.,2.89872292835724E-12,7.21445217744731));
#2051=CARTESIAN_POINT('',(1.,0.357046118553691,7.21445217744731));
#2052=CARTESIAN_POINT('',(1.,0.357046118553691,7.21445217744731));
#2053=CARTESIAN_POINT('',(0.668235071865247,0.233648465030214,7.14295073030032));
#2054=CARTESIAN_POINT('',(0.334577629932269,0.115354842313091,7.0717763463274));
#2055=CARTESIAN_POINT('',(0.,1.15411349768383E-12,7.));
#2056=CARTESIAN_POINT('',(0.,0.,7.));
#2057=CARTESIAN_POINT('',(6.99669497633458,2.89872292835724E-12,10.000039432044));
#2058=CARTESIAN_POINT('',(6.82724566508938,2.89872292835724E-12,9.99975942057493));
#2059=CARTESIAN_POINT('',(6.51206474120917,2.89872292835724E-12,9.95876404435354));
#2060=CARTESIAN_POINT('',(5.52985800716179,2.89872292835724E-12,9.58726576197961));
#2061=CARTESIAN_POINT('',(4.63199896764529,2.89872292835724E-12,8.05086203177731));
#2062=CARTESIAN_POINT('',(2.26794921731042,2.89872292835724E-12,7.48222205049249));
#2063=CARTESIAN_POINT('',(0.792179922185256,2.89872292835724E-12,7.16994495555453));
#2064=CARTESIAN_POINT('',(0.,2.89872292835724E-12,7.));
#2065=CARTESIAN_POINT('',(3.4999993601787,2.89872292835724E-12,7.00043198437365));
#2066=CARTESIAN_POINT('',(0.,0.,7.));
#2067=CARTESIAN_POINT('',(0.,0.,0.));
#2068=CARTESIAN_POINT('',(14.0000000000029,0.,0.));
#2069=CARTESIAN_POINT('',(14.0000000000029,0.,0.));
#2070=CARTESIAN_POINT('',(14.0000000000029,0.,7.));
#2071=CARTESIAN_POINT('',(14.0000000000029,0.,7.));
#2072=CARTESIAN_POINT('',(13.0000000000029,0.,7.));
#2073=CARTESIAN_POINT('',(7.01083555542324,2.89872292835724E-12,8.06487394845409));
#2074=CARTESIAN_POINT('',(7.01083555542324,2.89872292835724E-12,9.06487394845409));
#2075=CARTESIAN_POINT('',(2.5,0.,3.));
#2076=CARTESIAN_POINT('',(2.5,0.,3.));
#2077=CARTESIAN_POINT('',(2.5,0.,1.));
#2078=CARTESIAN_POINT('',(11.5,0.,3.));
#2079=CARTESIAN_POINT('',(11.5,0.,3.));
#2080=CARTESIAN_POINT('',(11.5,0.,1.));
#2081=CARTESIAN_POINT('',(11.5,0.,1.));
#2082=CARTESIAN_POINT('',(2.5,0.,1.));
#2083=CARTESIAN_POINT('',(3.4999993601787,14.0000000000029,7.00043198437365));
#2084=CARTESIAN_POINT('',(0.,14.0000000000029,7.));
#2085=CARTESIAN_POINT('',(0.,14.0000000000029,0.));
#2086=CARTESIAN_POINT('',(13.0000000000029,14.,7.));
#2087=CARTESIAN_POINT('',(14.0000000000029,14.,7.));
#2088=CARTESIAN_POINT('',(14.0000000000029,14.0000000000029,7.));
#2089=CARTESIAN_POINT('',(14.0000000000029,14.0000000000029,0.));
#2090=CARTESIAN_POINT('',(0.,14.0000000000029,0.));
#2091=CARTESIAN_POINT('',(7.00672174350241,14.0000000000029,8.06349617605668));
#2092=CARTESIAN_POINT('',(7.00672174350241,14.0000000000029,9.06349617605668));
#2093=CARTESIAN_POINT('',(2.5,14.,3.));
#2094=CARTESIAN_POINT('',(2.5,14.0000000000029,3.));
#2095=CARTESIAN_POINT('',(2.5,14.,1.));
#2096=CARTESIAN_POINT('',(2.5,14.,1.));
#2097=CARTESIAN_POINT('',(11.5,14.,1.));
#2098=CARTESIAN_POINT('',(11.5,14.,1.));
#2099=CARTESIAN_POINT('',(11.5,14.,3.));
#2100=CARTESIAN_POINT('',(11.5,14.,3.));
#2101=CARTESIAN_POINT('',(7.00672174350241,13.0000000000029,8.06349617605668));
#2102=CARTESIAN_POINT('',(7.00672174350241,13.8000000000029,8.06349617605668));
#2103=CARTESIAN_POINT('',(7.00672174350241,13.8000000000029,8.86349617605668));
#2104=CARTESIAN_POINT('',(7.00672174350241,14.0000000000029,8.06349617605668));
#2105=CARTESIAN_POINT('',(8.20682615396575,12.381527528947,8.06451436510304));
#2106=CARTESIAN_POINT('',(7.00666940456247,12.5584889190362,6.86337765749043));
#2107=CARTESIAN_POINT('',(5.80682668879883,12.3844921502786,8.06295206127531));
#2108=CARTESIAN_POINT('',(7.00635490804452,12.5584892973993,9.26337761627874));
#2109=CARTESIAN_POINT('',(8.20682615396575,12.381527528947,8.06451436510304));
#2110=CARTESIAN_POINT('',(7.00666940456247,12.5584889190362,6.86337765749043));
#2111=CARTESIAN_POINT('',(5.80682668879883,12.3844921502786,8.06295206127531));
#2112=CARTESIAN_POINT('',(7.00672174350241,12.4999958925618,7.26349617605668));
#2113=CARTESIAN_POINT('',(7.01083555542324,1.0000000000029,8.06487394845409));
#2114=CARTESIAN_POINT('',(7.01083555542324,0.200000000002899,8.06487394845409));
#2115=CARTESIAN_POINT('',(7.01083555542324,0.200000000002899,7.26487394845409));
#2116=CARTESIAN_POINT('',(7.01083555542324,2.89872292835724E-12,8.06487394845409));
#2117=CARTESIAN_POINT('',(8.21091049060947,1.61938670352456,8.06389947945202));
#2118=CARTESIAN_POINT('',(7.01079796818932,1.44151741975196,9.26499293648915));
#2119=CARTESIAN_POINT('',(5.81091096917268,1.61460765896241,8.06537246531596));
#2120=CARTESIAN_POINT('',(7.01057200662957,1.44151697767848,6.86499295776357));
#2121=CARTESIAN_POINT('',(8.21091049060947,1.61938670352456,8.06389947945202));
#2122=CARTESIAN_POINT('',(7.01079796818932,1.44151741975196,9.26499293648915));
#2123=CARTESIAN_POINT('',(5.81091096917268,1.61460765896241,8.06537246531596));
#2124=CARTESIAN_POINT('',(7.01083555542324,1.50001067358247,8.86487394845409));
#2125=CARTESIAN_POINT('',(14.0000000000029,7.,-4.25));
#2126=CARTESIAN_POINT('',(14.0000000000029,7.,-4.25));
#2127=CARTESIAN_POINT('',(13.0000000000029,7.,-4.25));
#2128=CARTESIAN_POINT('',(13.0000000000029,7.,-4.25));
#2129=CARTESIAN_POINT('',(13.0000000000029,7.,-4.25));
#2130=CARTESIAN_POINT('',(13.0000000000029,7.,-4.25));
#2131=CARTESIAN_POINT('',(13.0000000000029,7.,-4.25));
#2132=CARTESIAN_POINT('',(14.0000000000029,7.,-4.25));
#2133=CARTESIAN_POINT('',(13.0000000000029,7.,-4.25));
#2134=CARTESIAN_POINT('',(14.0000000000029,7.,-4.25));
#2135=CARTESIAN_POINT('',(13.0000000000029,7.,-4.25));
#2136=CARTESIAN_POINT('',(13.0000000000029,7.,-4.25));
#2137=CARTESIAN_POINT('',(14.0000000000029,7.,-4.25));
#2138=CARTESIAN_POINT('',(14.,2.5,1.));
#2139=CARTESIAN_POINT('',(14.0000000000029,2.5,1.));
#2140=CARTESIAN_POINT('',(14.,2.5,3.));
#2141=CARTESIAN_POINT('',(14.,2.5,3.));
#2142=CARTESIAN_POINT('',(14.,11.5,3.));
#2143=CARTESIAN_POINT('',(14.,11.5,3.));
#2144=CARTESIAN_POINT('',(14.,11.5,1.));
#2145=CARTESIAN_POINT('',(14.,11.5,1.));
#2146=CARTESIAN_POINT('',(14.0000000000029,14.0000000000029,0.));
#2147=CARTESIAN_POINT('',(2.5,14.,3.));
#2148=CARTESIAN_POINT('',(2.5,14.,1.));
#2149=CARTESIAN_POINT('',(2.5,2.5,1.));
#2150=CARTESIAN_POINT('',(2.5,2.5,3.));
#2151=CARTESIAN_POINT('',(2.5,2.5,3.));
#2152=CARTESIAN_POINT('',(2.5,14.,3.));
#2153=CARTESIAN_POINT('',(11.5,14.,1.));
#2154=CARTESIAN_POINT('',(11.5,14.,3.));
#2155=CARTESIAN_POINT('',(11.5,2.5,3.));
#2156=CARTESIAN_POINT('',(11.5,2.5,1.));
#2157=CARTESIAN_POINT('',(11.5,2.5,1.));
#2158=CARTESIAN_POINT('',(11.5,14.,1.));
#2159=CARTESIAN_POINT('',(0.,0.,7.));
#2160=CARTESIAN_POINT('',(0.,2.5,1.));
#2161=CARTESIAN_POINT('',(0.,2.5,1.));
#2162=CARTESIAN_POINT('',(0.,2.5,3.));
#2163=CARTESIAN_POINT('',(0.,11.5,1.));
#2164=CARTESIAN_POINT('',(0.,11.5,1.));
#2165=CARTESIAN_POINT('',(0.,11.5,3.));
#2166=CARTESIAN_POINT('',(0.,11.5,3.));
#2167=CARTESIAN_POINT('',(0.,2.5,3.));
#2168=CARTESIAN_POINT('',(0.,0.,0.));
#2169=CARTESIAN_POINT('',(0.,7.00000000000145,-4.25000000000507));
#2170=CARTESIAN_POINT('',(0.,0.,0.));
#2171=CARTESIAN_POINT('',(2.5,14.,3.));
#2172=CARTESIAN_POINT('',(2.5,14.,3.));
#2173=CARTESIAN_POINT('',(2.5,11.5,3.));
#2174=CARTESIAN_POINT('',(2.5,11.5,3.));
#2175=CARTESIAN_POINT('',(2.5,11.5,1.));
#2176=CARTESIAN_POINT('',(2.5,14.,1.));
#2177=CARTESIAN_POINT('',(2.5,14.,1.));
#2178=CARTESIAN_POINT('',(14.,2.5,1.));
#2179=CARTESIAN_POINT('',(14.,11.5,1.));
#2180=CARTESIAN_POINT('',(11.5,11.5,1.));
#2181=CARTESIAN_POINT('',(11.5,14.,1.));
#2182=CARTESIAN_POINT('',(14.,11.5,1.));
#2183=CARTESIAN_POINT('',(14.,2.5,1.));
#2184=CARTESIAN_POINT('',(11.5,14.,1.));
#2185=CARTESIAN_POINT('',(11.5,11.5,1.));
#2186=CARTESIAN_POINT('',(11.5,11.5,3.));
#2187=CARTESIAN_POINT('',(11.5,14.,3.));
#2188=CARTESIAN_POINT('',(11.5,14.,3.));
#2189=CARTESIAN_POINT('',(14.,11.5,3.));
#2190=CARTESIAN_POINT('',(14.,2.5,3.));
#2191=CARTESIAN_POINT('',(14.,2.5,3.));
#2192=CARTESIAN_POINT('',(14.,11.5,3.));
#2193=CARTESIAN_POINT('',(14.,11.5,3.));
#2194=CARTESIAN_POINT('',(14.,2.5,1.));
#2195=CARTESIAN_POINT('',(14.,2.5,1.));
#2196=CARTESIAN_POINT('',(14.,11.5,3.));
#2197=CARTESIAN_POINT('',(1.,7.00000000000145,-4.25000000000507));
#2198=CARTESIAN_POINT('',(1.,7.00000000000145,-4.25000000000507));
#2199=CARTESIAN_POINT('',(1.,7.00000000000145,-4.25000000000507));
#2200=CARTESIAN_POINT('',(7.,7.0000000000029,11.));
#2201=CARTESIAN_POINT('',(7.,7.0000000000029,11.));
#2202=CARTESIAN_POINT('',(7.,7.0000000000029,11.));
#2203=CARTESIAN_POINT('',(7.,7.0000000000029,14.5));
#2204=CARTESIAN_POINT('',(7.,7.0000000000029,14.5));
#2205=CARTESIAN_POINT('',(10.9000000000207,7.0000000000029,14.5));
#2206=CARTESIAN_POINT('',(7.,7.0000000000029,14.5));
#2207=CARTESIAN_POINT('',(7.,7.0000000000029,19.5));
#2208=CARTESIAN_POINT('',(2.76722216638137,5.16379488498335,19.5));
#2209=CARTESIAN_POINT('',(2.37751547039722,6.94288914503252,19.5));
#2210=CARTESIAN_POINT('',(2.72451677289785,8.70044180421028,19.5));
#2211=CARTESIAN_POINT('',(3.66955620043839,10.2037633835234,19.5));
#2212=CARTESIAN_POINT('',(5.14447103485708,11.2167403107108,19.5));
#2213=CARTESIAN_POINT('',(6.90344653019723,11.6204592261189,19.5));
#2214=CARTESIAN_POINT('',(8.66761019787856,11.2951799407159,19.5));
#2215=CARTESIAN_POINT('',(10.2000153290324,10.3347511035211,19.5));
#2216=CARTESIAN_POINT('',(11.2171815221649,8.85606856700627,19.5));
#2217=CARTESIAN_POINT('',(11.6204968236225,7.09386378257535,19.5));
#2218=CARTESIAN_POINT('',(11.2947908851694,5.33289086664505,19.5));
#2219=CARTESIAN_POINT('',(10.3371288024522,3.80287978809007,19.5));
#2220=CARTESIAN_POINT('',(8.86031505293191,2.78476680494175,19.5));
#2221=CARTESIAN_POINT('',(7.09841615146637,2.37932152065991,19.5));
#2222=CARTESIAN_POINT('',(5.33259040666037,2.70445576395355,19.5));
#2223=CARTESIAN_POINT('',(3.80062670373347,3.66563864788626,19.5));
#2224=CARTESIAN_POINT('',(2.76722216638137,5.16379488498335,19.5));
#2225=CARTESIAN_POINT('',(2.37751547039722,6.94288914503252,19.5));
#2226=CARTESIAN_POINT('',(2.72451677289785,8.70044180421028,19.5));
#2227=CARTESIAN_POINT('',(2.5,7.0000000000029,19.5));
#2228=CARTESIAN_POINT('',(7.,7.0000000000029,20.));
#2229=CARTESIAN_POINT('',(7.,7.0000000000029,20.));
#2230=CARTESIAN_POINT('',(7.,7.0000000000029,20.));
#2231=CARTESIAN_POINT('',(7.,7.0000000000029,20.));
#2232=CARTESIAN_POINT('',(7.,7.0000000000029,20.));
#2233=CARTESIAN_POINT('',(7.,7.0000000000029,20.));
#2234=CARTESIAN_POINT('',(7.,7.0000000000029,20.));
#2235=CARTESIAN_POINT('',(7.,7.0000000000029,20.));
#2236=CARTESIAN_POINT('',(7.,7.0000000000029,20.));
#2237=CARTESIAN_POINT('',(7.,7.0000000000029,20.));
#2238=CARTESIAN_POINT('',(7.,7.0000000000029,20.));
#2239=CARTESIAN_POINT('',(7.94033394986947,6.05966605013343,20.));
#2240=CARTESIAN_POINT('',(8.32983302506526,7.0000000000029,20.));
#2241=CARTESIAN_POINT('',(7.94033394986947,7.94033394987237,20.));
#2242=CARTESIAN_POINT('',(7.,8.32983302506816,20.));
#2243=CARTESIAN_POINT('',(6.05966605013053,7.94033394987237,20.));
#2244=CARTESIAN_POINT('',(5.67016697493473,7.0000000000029,20.));
#2245=CARTESIAN_POINT('',(6.05966605013053,6.05966605013343,20.));
#2246=CARTESIAN_POINT('',(7.,5.67016697493763,20.));
#2247=CARTESIAN_POINT('',(7.94033394986947,6.05966605013343,20.));
#2248=CARTESIAN_POINT('',(8.32983302506526,7.0000000000029,20.));
#2249=CARTESIAN_POINT('',(7.94033394986947,7.94033394987237,20.));
#2250=CARTESIAN_POINT('',(8.88066789973893,5.11933210026396,20.));
#2251=CARTESIAN_POINT('',(9.65966605013053,7.0000000000029,20.));
#2252=CARTESIAN_POINT('',(8.88066789973894,8.88066789974184,20.));
#2253=CARTESIAN_POINT('',(7.,9.65966605013343,20.));
#2254=CARTESIAN_POINT('',(5.11933210026106,8.88066789974183,20.));
#2255=CARTESIAN_POINT('',(4.34033394986947,7.0000000000029,20.));
#2256=CARTESIAN_POINT('',(5.11933210026106,5.11933210026396,20.));
#2257=CARTESIAN_POINT('',(7.,4.34033394987237,20.));
#2258=CARTESIAN_POINT('',(8.88066789973893,5.11933210026396,20.));
#2259=CARTESIAN_POINT('',(9.65966605013053,7.0000000000029,20.));
#2260=CARTESIAN_POINT('',(8.88066789973894,8.88066789974184,20.));
#2261=CARTESIAN_POINT('',(10.5562907576313,3.44370924237154,19.995));
#2262=CARTESIAN_POINT('',(12.0293546211843,7.0000000000029,19.995));
#2263=CARTESIAN_POINT('',(10.5562907576313,10.5562907576342,19.995));
#2264=CARTESIAN_POINT('',(7.,12.0293546211872,19.995));
#2265=CARTESIAN_POINT('',(3.44370924236866,10.5562907576342,19.995));
#2266=CARTESIAN_POINT('',(1.97064537881567,7.00000000000291,19.995));
#2267=CARTESIAN_POINT('',(3.44370924236866,3.44370924237156,19.995));
#2268=CARTESIAN_POINT('',(7.00000000000001,1.97064537881857,19.995));
#2269=CARTESIAN_POINT('',(10.5562907576313,3.44370924237154,19.995));
#2270=CARTESIAN_POINT('',(12.0293546211843,7.0000000000029,19.995));
#2271=CARTESIAN_POINT('',(10.5562907576313,10.5562907576342,19.995));
#2272=CARTESIAN_POINT('',(10.9141400663316,3.08585993367122,19.5383333333333));
#2273=CARTESIAN_POINT('',(12.5354299668342,7.0000000000029,19.5383333333333));
#2274=CARTESIAN_POINT('',(10.9141400663317,10.9141400663346,19.5383333333333));
#2275=CARTESIAN_POINT('',(7.00000000000001,12.5354299668371,19.5383333333333));
#2276=CARTESIAN_POINT('',(3.08585993366833,10.9141400663346,19.5383333333333));
#2277=CARTESIAN_POINT('',(1.46457003316583,7.00000000000291,19.5383333333333));
#2278=CARTESIAN_POINT('',(3.08585993366833,3.08585993367123,19.5383333333333));
#2279=CARTESIAN_POINT('',(7.00000000000001,1.46457003316873,19.5383333333333));
#2280=CARTESIAN_POINT('',(10.9141400663316,3.08585993367122,19.5383333333333));
#2281=CARTESIAN_POINT('',(12.5354299668342,7.0000000000029,19.5383333333333));
#2282=CARTESIAN_POINT('',(10.9141400663317,10.9141400663346,19.5383333333333));
#2283=CARTESIAN_POINT('',(10.9180581244561,3.08194187554676,17.4));
#2284=CARTESIAN_POINT('',(12.5409709377719,7.0000000000029,17.4));
#2285=CARTESIAN_POINT('',(10.9180581244561,10.918058124459,17.4));
#2286=CARTESIAN_POINT('',(7.,12.5409709377748,17.4));
#2287=CARTESIAN_POINT('',(3.08194187554388,10.918058124459,17.4));
#2288=CARTESIAN_POINT('',(1.45902906222806,7.0000000000029,17.4));
#2289=CARTESIAN_POINT('',(3.08194187554388,3.08194187554677,17.4));
#2290=CARTESIAN_POINT('',(7.00000000000001,1.45902906223096,17.4));
#2291=CARTESIAN_POINT('',(10.9180581244561,3.08194187554676,17.4));
#2292=CARTESIAN_POINT('',(12.5409709377719,7.0000000000029,17.4));
#2293=CARTESIAN_POINT('',(10.9180581244561,10.918058124459,17.4));
#2294=CARTESIAN_POINT('',(10.9180581244561,3.08194187554676,16.2));
#2295=CARTESIAN_POINT('',(12.5409709377719,7.0000000000029,16.2));
#2296=CARTESIAN_POINT('',(10.9180581244561,10.918058124459,16.2));
#2297=CARTESIAN_POINT('',(7.,12.5409709377748,16.2));
#2298=CARTESIAN_POINT('',(3.08194187554388,10.918058124459,16.2));
#2299=CARTESIAN_POINT('',(1.45902906222806,7.0000000000029,16.2));
#2300=CARTESIAN_POINT('',(3.08194187554388,3.08194187554677,16.2));
#2301=CARTESIAN_POINT('',(7.00000000000001,1.45902906223096,16.2));
#2302=CARTESIAN_POINT('',(10.9180581244561,3.08194187554676,16.2));
#2303=CARTESIAN_POINT('',(12.5409709377719,7.0000000000029,16.2));
#2304=CARTESIAN_POINT('',(10.9180581244561,10.918058124459,16.2));
#2305=CARTESIAN_POINT('',(10.9180581244561,3.08194187554676,15.));
#2306=CARTESIAN_POINT('',(12.5409709377719,7.0000000000029,15.));
#2307=CARTESIAN_POINT('',(10.9180581244561,10.918058124459,15.));
#2308=CARTESIAN_POINT('',(7.,12.5409709377748,15.));
#2309=CARTESIAN_POINT('',(3.08194187554388,10.918058124459,15.));
#2310=CARTESIAN_POINT('',(1.45902906222806,7.0000000000029,15.));
#2311=CARTESIAN_POINT('',(3.08194187554388,3.08194187554677,15.));
#2312=CARTESIAN_POINT('',(7.00000000000001,1.45902906223096,15.));
#2313=CARTESIAN_POINT('',(10.9180581244561,3.08194187554676,15.));
#2314=CARTESIAN_POINT('',(12.5409709377719,7.0000000000029,15.));
#2315=CARTESIAN_POINT('',(10.9180581244561,10.918058124459,15.));
#2316=CARTESIAN_POINT('',(2.50000000000583,2.5000000000029,1.));
#2317=CARTESIAN_POINT('',(2.50000000000583,2.5000000000029,7.));
#2318=CARTESIAN_POINT('',(2.50000000000583,2.5000000000029,7.));
#2319=CARTESIAN_POINT('',(2.50000000000584,11.5000000000029,7.));
#2320=CARTESIAN_POINT('',(2.50000000000584,11.5000000000029,1.));
#2321=CARTESIAN_POINT('',(2.50000000000584,11.5000000000029,1.));
#2322=CARTESIAN_POINT('',(2.50000000000583,2.5000000000029,1.));
#2323=CARTESIAN_POINT('',(2.50000000000583,2.5000000000029,1.));
#2324=CARTESIAN_POINT('',(2.50000000000583,2.5000000000029,1.));
#2325=CARTESIAN_POINT('',(2.50000000000584,11.5000000000029,1.));
#2326=CARTESIAN_POINT('',(2.50000000000584,11.5000000000029,7.));
#2327=CARTESIAN_POINT('',(11.4999999999942,11.5000000000029,7.));
#2328=CARTESIAN_POINT('',(11.4999999999942,11.5000000000029,1.));
#2329=CARTESIAN_POINT('',(11.4999999999942,11.5000000000029,1.));
#2330=CARTESIAN_POINT('',(2.50000000000584,11.5000000000029,1.));
#2331=CARTESIAN_POINT('',(11.4999999999942,11.5000000000029,1.));
#2332=CARTESIAN_POINT('',(11.4999999999942,11.5000000000029,7.));
#2333=CARTESIAN_POINT('',(11.4999999999942,2.5000000000029,7.));
#2334=CARTESIAN_POINT('',(11.4999999999942,2.5000000000029,1.));
#2335=CARTESIAN_POINT('',(11.4999999999942,2.5000000000029,1.));
#2336=CARTESIAN_POINT('',(11.4999999999942,11.5000000000029,1.));
#2337=CARTESIAN_POINT('',(11.5000000000058,2.5000000000029,1.));
#2338=CARTESIAN_POINT('',(11.5000000000058,2.5000000000029,7.));
#2339=CARTESIAN_POINT('',(11.5000000000058,2.5000000000029,1.));
#2340=CARTESIAN_POINT('',(0.,0.,1.));
#2341=CARTESIAN_POINT('',(0.,0.,7.));
#2342=CARTESIAN_POINT('',(6.97647619247437,7.,22.6787567138672));
#2343=CARTESIAN_POINT('',(0.,0.,0.));
#2344=CARTESIAN_POINT('',(-5.65444910687916,-5.65444910687916,22.6787567138672));
#2345=CARTESIAN_POINT('',(6.97647619247437,-32.1451797485352,10.0049877166748));
#2346=CARTESIAN_POINT('',(0.,0.,0.));
#2347=CARTESIAN_POINT('',(-8.01469345135808,-8.01469345135808,32.1451797485352));
#2348=CARTESIAN_POINT('',(32.1451797485352,7.,10.0049877166748));
#2349=CARTESIAN_POINT('',(0.,0.,0.));
#2350=CARTESIAN_POINT('',(-8.01469345135808,-8.01469345135808,32.1451797485352));
#2351=CARTESIAN_POINT('',(6.97647619247437,32.1451797485352,10.0049877166748));
#2352=CARTESIAN_POINT('',(0.,0.,0.));
#2353=CARTESIAN_POINT('',(-8.01469345135808,-8.01469345135808,32.1451797485352));
#2354=CARTESIAN_POINT('',(6.97647619247437,7.,-22.6787567138672));
#2355=CARTESIAN_POINT('',(0.,0.,0.));
#2356=CARTESIAN_POINT('',(-5.65444910687916,-5.65444910687916,22.6787567138672));
#2357=CARTESIAN_POINT('',(-32.1451797485352,7.,10.0049877166748));
#2358=CARTESIAN_POINT('',(0.,0.,0.));
#2359=CARTESIAN_POINT('',(-8.01469345135808,-8.01469345135808,32.1451797485352));
#2360=CARTESIAN_POINT('',(29.1679995854696,-15.1915226777395,31.9415107568105));
#2361=CARTESIAN_POINT('',(0.,0.,0.));
#2362=CARTESIAN_POINT('',(-10.9835023979587,-10.9835023979587,44.0524220912058));
#2363=CARTESIAN_POINT('',(33.1449190392121,-14.2969597476699,23.4160111266132));
#2364=CARTESIAN_POINT('',(0.,0.,0.));
#2365=CARTESIAN_POINT('',(-10.2180169840405,-10.2180169840405,40.9822277818883));
#2366=MECHANICAL_DESIGN_GEOMETRIC_PRESENTATION_REPRESENTATION('',(#946,
#947,#948,#949,#950,#951,#952,#953,#954,#955,#956,#957,#958,#959),#2367);
#2367=(
GEOMETRIC_REPRESENTATION_CONTEXT(3)
GLOBAL_UNCERTAINTY_ASSIGNED_CONTEXT((#2368))
GLOBAL_UNIT_ASSIGNED_CONTEXT((#2371,#2370,#2369))
REPRESENTATION_CONTEXT('Runcam_Camera','TOP_LEVEL_ASSEMBLY_PART')
);
#2368=UNCERTAINTY_MEASURE_WITH_UNIT(LENGTH_MEASURE(0.005),#2371,
'DISTANCE_ACCURACY_VALUE','Maximum Tolerance applied to model');
#2369=(
NAMED_UNIT(*)
SI_UNIT($,.STERADIAN.)
SOLID_ANGLE_UNIT()
);
#2370=(
NAMED_UNIT(*)
PLANE_ANGLE_UNIT()
SI_UNIT($,.RADIAN.)
);
#2371=(
LENGTH_UNIT()
NAMED_UNIT(*)
SI_UNIT(.MILLI.,.METRE.)
);
#2372=PRODUCT_DEFINITION_SHAPE('','',#2373);
#2373=PRODUCT_DEFINITION('','',#2375,#2374);
#2374=PRODUCT_DEFINITION_CONTEXT('',#2381,'design');
#2375=PRODUCT_DEFINITION_FORMATION_WITH_SPECIFIED_SOURCE('','',#2377,
 .NOT_KNOWN.);
#2376=PRODUCT_RELATED_PRODUCT_CATEGORY('','',(#2377));
#2377=PRODUCT('Runcam_Camera','Runcam_Camera','Runcam_Camera',(#2379));
#2378=PRODUCT_CATEGORY('','');
#2379=PRODUCT_CONTEXT('',#2381,'mechanical');
#2380=APPLICATION_PROTOCOL_DEFINITION('international standard',
'ap242_managed_model_based_3d_engineering',2020,#2381);
#2381=APPLICATION_CONTEXT('managed model based 3d engineering');
ENDSEC;
END-ISO-10303-21;
